"elementId","source","line","surface","kind","label","ownerComponent","effectiveHandlerEvent","actionType","mappingStatus","mappingConfidence","handlerChain","delegatedCallbacks","usedBySurfaces","routeTargets","apiCalls","resourceOperations","contextResources","prismaModels","contextModels","permissionPolicies","allowedRoles","rowPolicy","scopedRead","loadingState","successState","errorState","confirmationState","browserActions","helperCalls","localMutations","uxStateCandidates"
"route.analytics.action.ghi-phan-hoi","app/(app)/analytics/page.jsx","158","route.analytics","action","Ghi phản hồi","AnalyticsPage","onClick","local-state","classified-local","high","","","","","","","clients | csat | invoices | leads | nps | transactions","","Client | CsatResponse | Invoice | Lead | NpsResponse | Transaction","","","false","false","not-required","not-required","not-required","not-required","","","",""
"route.analytics.action.setmodal-mode-del-row-r","app/(app)/analytics/page.jsx","168","route.analytics","action","","AnalyticsPage","onClick","local-state","classified-local","high","","","","","","","clients | csat | invoices | leads | nps | transactions","","Client | CsatResponse | Invoice | Lead | NpsResponse | Transaction","","","false","false","not-required","not-required","not-required","not-required","","","",""
"route.approvals.action.ang-xu-ly-duyet","app/(app)/approvals/page.jsx","41","route.approvals","action","Đang xử lý… / Duyệt","ApCard","onClick","data-action","delegated-resolved","medium","decide | load","onDecide","route:/approvals","","GET /api/approvals | POST /api/approvals/*/decide","","","Approval | AuditLog | Conversation | Lead | Leave | Message | Notification | Onboarding | Project | Quote | RealmChangeEvent | RealmGoldEntry | Rule | Task | TaskEvent | Transaction | User | VendorBill | Webhook","","explicit-rbac","ACCOUNTANT | AM | DIRECTOR | HR | PM | STAFF","false","false","disabled-binding","toast-or-state","handled-candidate","not-required","","","",""
"route.approvals.action.tu-choi","app/(app)/approvals/page.jsx","42","route.approvals","action","Từ chối","ApCard","onClick","data-action","delegated-resolved","medium","decide | load","onDecide","route:/approvals","","GET /api/approvals | POST /api/approvals/*/decide","","","Approval | AuditLog | Conversation | Lead | Leave | Message | Notification | Onboarding | Project | Quote | RealmChangeEvent | RealmGoldEntry | Rule | Task | TaskEvent | Transaction | User | VendorBill | Webhook","","explicit-rbac","ACCOUNTANT | AM | DIRECTOR | HR | PM | STAFF","false","false","disabled-binding","toast-or-state","handled-candidate","not-required","","","",""
"route.assets.action.them-tai-san","app/(app)/assets/page.jsx","49","route.assets","action","Thêm tài sản","AssetsPage","onClick","local-state","classified-local","high","","","","","","","assets | users","","Asset | User","","","false","false","not-required","not-required","not-required","not-required","","","",""
"route.assets.action.sua","app/(app)/assets/page.jsx","66","route.assets","action","Sửa","AssetsPage","onClick","local-state","classified-local","high","","","","","","","assets | users","","Asset | User","","","false","false","not-required","not-required","not-required","not-required","","","",""
"route.assets.action.xoa","app/(app)/assets/page.jsx","67","route.assets","action","Xóa","AssetsPage","onClick","local-state","classified-local","high","","","","","","","assets | users","","Asset | User","","","false","false","not-required","not-required","not-required","not-required","","","",""
"route.attendance.action.label","app/(app)/attendance/page.jsx","62","route.attendance","action","{label}","AttendancePage","onClick","data-action","handler-resolved","high","clockIn | nowHM","","","","POST /api/data/attendance | PUT /api/data/attendance/[id]","create:attendance | update:attendance","attendance | holidays | users","Approval | Attendance | AuditLog | Conversation | Lead | Leave | Message | Notification | Onboarding | Project | Quote | RealmChangeEvent | RealmGoldEntry | Rule | Setting | Task | TaskEvent | Team | Transaction | User | VendorBill | Webhook","Attendance | Holiday | User","registry-rbac","ACCOUNTANT | AM | DIRECTOR | HR | LEAD | PM | STAFF","true","false","async-button-guard","hook-refresh","hook-error-toast","not-required","","import:todayISO","",""
"route.attendance.action.tan-ca","app/(app)/attendance/page.jsx","64","route.attendance","action","🚪 Tan ca","AttendancePage","onClick","data-action","handler-resolved","high","clockOut | nowHM","","","","PUT /api/data/attendance/[id]","update:attendance","attendance | holidays | users","Approval | Attendance | AuditLog | Conversation | Lead | Leave | Message | Notification | Onboarding | Project | Quote | RealmChangeEvent | RealmGoldEntry | Rule | Setting | Task | TaskEvent | Team | Transaction | User | VendorBill | Webhook","Attendance | Holiday | User","registry-rbac","ACCOUNTANT | AM | DIRECTOR | HR | LEAD | PM | STAFF","true","false","async-button-guard","hook-refresh","hook-error-toast","not-required","","","",""
"route.attendance.form-control.select","app/(app)/attendance/page.jsx","73","route.attendance","form-control","","AttendancePage","onChange","form-control","classified-local","high","","","","","","","attendance | holidays | users","","Attendance | Holiday | User","","","false","false","not-required","not-required","not-required","not-required","","","",""
"route.attendance.action.ngay-le","app/(app)/attendance/page.jsx","78","route.attendance","action","Ngày lễ","AttendancePage","onClick","local-state","classified-local","high","","","","","","","attendance | holidays | users","","Attendance | Holiday | User","","","false","false","not-required","not-required","not-required","not-required","","","",""
"route.attendance.action.ghi-ot","app/(app)/attendance/page.jsx","79","route.attendance","action","Ghi OT","AttendancePage","onClick","local-state","classified-local","high","","","","","","","attendance | holidays | users","","Attendance | Holiday | User","","","false","false","not-required","not-required","not-required","not-required","","","",""
"route.attendance.action.xoa","app/(app)/attendance/page.jsx","115","route.attendance","action","Xóa","AttendancePage","onClick","local-state","classified-local","high","","","","","","","attendance | holidays | users","","Attendance | Holiday | User","","","false","false","not-required","not-required","not-required","not-required","","","",""
"route.attendance.action.ong","app/(app)/attendance/page.jsx","144","route.attendance","action","Đóng","HolidayModal","onClick","delegated-action","delegated","high","","onClose","route:/attendance","","","","attendance | holidays | users","","Attendance | Holiday | User","","","false","false","not-required","not-required","not-required","not-required","","","",""
"route.attendance.form-control.input","app/(app)/attendance/page.jsx","146","route.attendance","form-control","","HolidayModal","onChange","form-control","classified-local","high","","","","","","","attendance | holidays | users","","Attendance | Holiday | User","","","false","false","not-required","not-required","not-required","not-required","","","",""
"route.attendance.form-control.ten-ngay-le-vd-quoc-khanh","app/(app)/attendance/page.jsx","147","route.attendance","form-control","Tên ngày lễ (VD: Quốc khánh)","HolidayModal","onChange","form-control","classified-local","high","","","","","","","attendance | holidays | users","","Attendance | Holiday | User","","","false","false","not-required","not-required","not-required","not-required","","","",""
"route.attendance.action.them","app/(app)/attendance/page.jsx","148","route.attendance","action","Thêm","HolidayModal","onClick","data-action","handler-resolved","high","","","","","POST /api/data/holidays","create:holidays","attendance | holidays | users","Approval | AuditLog | Conversation | Holiday | Lead | Leave | Message | Notification | Onboarding | Project | Quote | RealmChangeEvent | RealmGoldEntry | Rule | Setting | Task | TaskEvent | Team | Transaction | User | VendorBill | Webhook","Attendance | Holiday | User","registry-rbac","ACCOUNTANT | AM | DIRECTOR | HR | LEAD | PM | STAFF","false","false","async-button-guard","hook-refresh","hook-error-toast","not-required","","","",""
"route.attendance.action.setdeleting-h","app/(app)/attendance/page.jsx","153","route.attendance","action","","HolidayModal","onClick","local-state","classified-local","high","","","","","","","attendance | holidays | users","","Attendance | Holiday | User","","","false","false","not-required","not-required","not-required","not-required","","","",""
"route.attendance.action.huy","app/(app)/attendance/page.jsx","169","route.attendance","action","Hủy","OtModal","onClick","delegated-action","delegated","high","","onClose","route:/attendance","","","","attendance | holidays | users","","Attendance | Holiday | User","","","false","false","not-required","not-required","not-required","not-required","","","",""
"route.attendance.action.luu-ot","app/(app)/attendance/page.jsx","170","route.attendance","action","Lưu OT","OtModal","onClick","data-action","delegated-resolved","medium","","onClose | onSave","route:/attendance","","POST /api/data/attendance | PUT /api/data/attendance/[id]","create:attendance | update:attendance","attendance | holidays | users","Approval | Attendance | AuditLog | Conversation | Lead | Leave | Message | Notification | Onboarding | Project | Quote | RealmChangeEvent | RealmGoldEntry | Rule | Setting | Task | TaskEvent | Team | Transaction | User | VendorBill | Webhook","Attendance | Holiday | User","registry-rbac","ACCOUNTANT | AM | DIRECTOR | HR | LEAD | PM | STAFF","true","false","async-button-guard","hook-refresh","hook-error-toast","not-required","","","",""
"route.attendance.form-control.chon","app/(app)/attendance/page.jsx","173","route.attendance","form-control","— Chọn —","OtModal","onChange","form-control","classified-local","high","","","","","","","attendance | holidays | users","","Attendance | Holiday | User","","","false","false","not-required","not-required","not-required","not-required","","","",""
"route.attendance.form-control.input.2","app/(app)/attendance/page.jsx","177","route.attendance","form-control","","OtModal","onChange","form-control","classified-local","high","","","","","","","attendance | holidays | users","","Attendance | Holiday | User","","","false","false","not-required","not-required","not-required","not-required","","","",""
"route.attendance.form-control.input.3","app/(app)/attendance/page.jsx","178","route.attendance","form-control","","OtModal","onChange","form-control","classified-local","high","","","","","","","attendance | holidays | users","","Attendance | Holiday | User","","","false","false","not-required","not-required","not-required","not-required","","","",""
"route.audit.form-control.tim-theo-nguoi-oi-tuong","app/(app)/audit/page.jsx","37","route.audit","form-control","Tìm theo người, đối tượng…","AuditPage","onChange","form-control","classified-local","high","","","","","","","","","","","","false","false","not-required","not-required","not-required","not-required","","","",""
"route.automation.action.huy","app/(app)/automation/page.jsx","33","route.automation","action","Hủy","RuleModal","onClick","delegated-action","delegated","high","","onClose","route:/automation","","","","rules | users","","Rule | User","","","false","false","not-required","not-required","not-required","not-required","","","",""
"route.automation.action.luu","app/(app)/automation/page.jsx","34","route.automation","action","Lưu","RuleModal","onClick","data-action","delegated-resolved","medium","save","onClose | onSave","route:/automation","","POST /api/data/rules | PUT /api/data/rules/[id]","create:rules | update:rules","rules | users","Approval | AuditLog | Conversation | Lead | Leave | Message | Notification | Onboarding | Project | Quote | RealmChangeEvent | RealmGoldEntry | Rule | Setting | Task | TaskEvent | Team | Transaction | User | VendorBill | Webhook","Rule | User","registry-rbac","ACCOUNTANT | AM | DIRECTOR | HR | LEAD | PM | STAFF","false","false","async-button-guard","hook-refresh","hook-error-toast","not-required","","","",""
"route.automation.form-control.vd-bao-tin-khi-thang-deal","app/(app)/automation/page.jsx","37","route.automation","form-control","VD: Báo tin khi thắng deal","RuleModal","onChange","form-control","classified-local","high","set","","","","","","rules | users","","Rule | User","","","false","false","not-required","not-required","not-required","not-required","","","",""
"route.automation.form-control.select","app/(app)/automation/page.jsx","40","route.automation","form-control","","RuleModal","onChange","form-control","classified-local","high","set","","","","","","rules | users","","Rule | User","","","false","false","not-required","not-required","not-required","not-required","","","",""
"route.automation.form-control.select.2","app/(app)/automation/page.jsx","43","route.automation","form-control","","RuleModal","onChange","form-control","classified-local","high","set","","","","","","rules | users","","Rule | User","","","false","false","not-required","not-required","not-required","not-required","","","",""
"route.automation.form-control.truong","app/(app)/automation/page.jsx","51","route.automation","form-control","trường","RuleModal","onChange","form-control","classified-local","high","set | setCond","","","","","","rules | users","","Rule | User","","","false","false","not-required","not-required","not-required","not-required","","","",""
"route.automation.form-control.select.3","app/(app)/automation/page.jsx","52","route.automation","form-control","","RuleModal","onChange","form-control","classified-local","high","set | setCond","","","","","","rules | users","","Rule | User","","","false","false","not-required","not-required","not-required","not-required","","","",""
"route.automation.form-control.input","app/(app)/automation/page.jsx","53","route.automation","form-control","","RuleModal","onChange","form-control","classified-local","high","set | setCond","","","","","","rules | users","","Rule | User","","","false","false","not-required","not-required","not-required","not-required","","","",""
"route.automation.action.set-conditions-f-conditions-filter-j-j-i","app/(app)/automation/page.jsx","54","route.automation","action","","RuleModal","onClick","local-state","classified-local","high","set","","","","","","rules | users","","Rule | User","","","false","false","not-required","not-required","not-required","not-required","","","",""
"route.automation.action.them-ieu-kien","app/(app)/automation/page.jsx","57","route.automation","action","Thêm điều kiện","RuleModal","onClick","local-state","classified-local","high","set","","","","","","rules | users","","Rule | User","","","false","false","not-required","not-required","not-required","not-required","","","",""
"route.automation.form-control.select.4","app/(app)/automation/page.jsx","66","route.automation","form-control","","RuleModal","onChange","form-control","classified-local","high","set | setAct","","","","","","rules | users","","Rule | User","","","false","false","not-required","not-required","not-required","not-required","","","",""
"route.automation.action.set-actions-f-actions-filter-j-j-i","app/(app)/automation/page.jsx","69","route.automation","action","","RuleModal","onClick","local-state","classified-local","high","set","","","","","","rules | users","","Rule | User","","","false","false","not-required","not-required","not-required","not-required","","","",""
"route.automation.form-control.noi-dung-tin-nhan-vd-deal-name-tri-gia-value-vua-thang","app/(app)/automation/page.jsx","71","route.automation","form-control","Nội dung tin nhắn — VD: Deal {name} trị giá {value}đ vừa thắng! 🎉","RuleModal","onChange","form-control","classified-local","high","set | setAct","","","","","","rules | users","","Rule | User","","","false","false","not-required","not-required","not-required","not-required","","","",""
"route.automation.form-control.ten-cong-viec-vd-lam-hop-ong-cho-name","app/(app)/automation/page.jsx","73","route.automation","form-control","Tên công việc — VD: Làm hợp đồng cho {name}","RuleModal","onChange","form-control","classified-local","high","set | setAct","","","","","","rules | users","","Rule | User","","","false","false","not-required","not-required","not-required","not-required","","","",""
"route.automation.form-control.chua-gan-ai","app/(app)/automation/page.jsx","75","route.automation","form-control","— Chưa gán ai —","RuleModal","onChange","form-control","classified-local","high","set | setAct","","","","","","rules | users","","Rule | User","","","false","false","not-required","not-required","not-required","not-required","","","",""
"route.automation.form-control.han-sau-ngay","app/(app)/automation/page.jsx","79","route.automation","form-control","Hạn sau ? ngày","RuleModal","onChange","form-control","classified-local","high","set | setAct","","","","","","rules | users","","Rule | User","","","false","false","not-required","not-required","not-required","not-required","","","",""
"route.automation.form-control.https-url-nhan-post","app/(app)/automation/page.jsx","82","route.automation","form-control","https://… (URL nhận POST)","RuleModal","onChange","form-control","classified-local","high","set | setAct","","","","","","rules | users","","Rule | User","","","false","false","not-required","not-required","not-required","not-required","","","",""
"route.automation.action.them-hanh-ong","app/(app)/automation/page.jsx","85","route.automation","action","Thêm hành động","RuleModal","onClick","local-state","classified-local","high","set","","","","","","rules | users","","Rule | User","","","false","false","not-required","not-required","not-required","not-required","","","",""
"route.automation.action.tao-rule","app/(app)/automation/page.jsx","115","route.automation","action","Tạo rule","AutomationPage","onClick","local-state","classified-local","high","","","","","","","rules | users","","Rule | User","","","false","false","not-required","not-required","not-required","not-required","","","",""
"route.automation.action.khi-ieu-kien-hanh-ong-tat-bat","app/(app)/automation/page.jsx","120","route.automation","action","Khi / · / điều kiện · / hành động / Tắt / Bật","AutomationPage","onClick","local-state","classified-local","high","","","","","","","rules | users","","Rule | User","","","false","false","not-required","not-required","not-required","not-required","","","",""
"route.automation.action.tat-bat","app/(app)/automation/page.jsx","126","route.automation","action","Tắt / Bật","AutomationPage","onClick","data-action","handler-resolved","high","","","","","PUT /api/data/rules/[id]","update:rules","rules | users","Approval | AuditLog | Conversation | Lead | Leave | Message | Notification | Onboarding | Project | Quote | RealmChangeEvent | RealmGoldEntry | Rule | Setting | Task | TaskEvent | Team | Transaction | User | VendorBill | Webhook","Rule | User","registry-rbac","ACCOUNTANT | AM | DIRECTOR | HR | LEAD | PM | STAFF","false","false","async-button-guard","hook-refresh","hook-error-toast","not-required","","","event.stopPropagation",""
"route.automation.action.e-e-stoppropagation-setmodal-mode-del-row-r","app/(app)/automation/page.jsx","127","route.automation","action","","AutomationPage","onClick","local-state","classified-local","high","","","","","","","rules | users","","Rule | User","","","false","false","not-required","not-required","not-required","not-required","","","event.stopPropagation",""
"route.calendar.action.button","app/(app)/calendar/page.jsx","61","route.calendar","action","←","CalendarPage","onClick","local-state","classified-local","high","go","","","","","","activities | contracts | invoices | leaves | projects | tasks | users","","Activity | Contract | Invoice | Leave | Project | Task | User","","","false","false","not-required","not-required","not-required","not-required","","","nm | ny",""
"route.calendar.action.button.2","app/(app)/calendar/page.jsx","63","route.calendar","action","→","CalendarPage","onClick","local-state","classified-local","high","go","","","","","","activities | contracts | invoices | leaves | projects | tasks | users","","Activity | Contract | Invoice | Leave | Project | Task | User","","","false","false","not-required","not-required","not-required","not-required","","","nm | ny",""
"route.calendar.action.hom-nay","app/(app)/calendar/page.jsx","64","route.calendar","action","Hôm nay","CalendarPage","onClick","local-state","classified-local","high","","","","","","","activities | contracts | invoices | leaves | projects | tasks | users","","Activity | Contract | Invoice | Leave | Project | Task | User","","","false","false","not-required","not-required","not-required","not-required","","","",""
"route.calendar.action.link-ics","app/(app)/calendar/page.jsx","65","route.calendar","action","📅 Link ICS","CalendarPage","onClick","data-action","handler-resolved","high","copyIcs","","","","GET /api/ics","","activities | contracts | invoices | leaves | projects | tasks | users","","Activity | Contract | Invoice | Leave | Project | Task | User","authenticated-custom","","false","false","not-required","not-required","handled-candidate","not-required","navigator.clipboard.writeText","","",""
"route.calendar.action.d","app/(app)/calendar/page.jsx","83","route.calendar","action","{d}","CalendarPage","onClick","local-state","classified-local","high","","","","","","","activities | contracts | invoices | leaves | projects | tasks | users","","Activity | Contract | Invoice | Leave | Project | Task | User","","","false","false","not-required","not-required","not-required","not-required","","","",""
"route.clients-id.navigation.khach-hang","app/(app)/clients/[id]/page.jsx","79","route.clients-id","navigation","← Khách hàng","ClientDetailPage","","navigation","classified-local","high","","","","","","","activities | clients | contacts | csat | invoices | nps | projects | quotes | tickets","","Activity | Client | Contact | CsatResponse | Invoice | NpsResponse | Project | Quote | Ticket","","","false","false","not-required","not-required","not-required","not-required","","","",""
"route.clients-id.action.them","app/(app)/clients/[id]/page.jsx","103","route.clients-id","action","Thêm","ClientDetailPage","onClick","local-state","classified-local","high","","","","","","","activities | clients | contacts | csat | invoices | nps | projects | quotes | tickets","","Activity | Client | Contact | CsatResponse | Invoice | NpsResponse | Project | Quote | Ticket","","","false","false","not-required","not-required","not-required","not-required","","","",""
"route.clients-id.action.setmodal-mode-edit-row-ct","app/(app)/clients/[id]/page.jsx","114","route.clients-id","action","","ClientDetailPage","onClick","local-state","classified-local","high","","","","","","","activities | clients | contacts | csat | invoices | nps | projects | quotes | tickets","","Activity | Client | Contact | CsatResponse | Invoice | NpsResponse | Project | Quote | Ticket","","","false","false","not-required","not-required","not-required","not-required","","","",""
"route.clients-id.action.setmodal-mode-del-row-ct","app/(app)/clients/[id]/page.jsx","115","route.clients-id","action","","ClientDetailPage","onClick","local-state","classified-local","high","","","","","","","activities | clients | contacts | csat | invoices | nps | projects | quotes | tickets","","Activity | Client | Contact | CsatResponse | Invoice | NpsResponse | Project | Quote | Ticket","","","false","false","not-required","not-required","not-required","not-required","","","",""
"route.clients.form-control.tim-khach-hang","app/(app)/clients/page.jsx","33","route.clients","form-control","Tìm khách hàng…","ClientsPage","onChange","form-control","classified-local","high","","","","","","","clients","","Client","","","false","false","not-required","not-required","not-required","not-required","","","",""
"route.clients.action.them-khach-hang","app/(app)/clients/page.jsx","39","route.clients","action","Thêm khách hàng","ClientsPage","onClick","local-state","classified-local","high","","","","","","","clients","","Client","","","false","false","not-required","not-required","not-required","not-required","","","",""
"route.clients.navigation.clients-c-id","app/(app)/clients/page.jsx","47","route.clients","navigation","`/clients/${c.id}`","ClientsPage","","navigation","classified-local","high","","","","","","","clients","","Client","","","false","false","not-required","not-required","not-required","not-required","","","",""
"route.clients.action.nhat-ky-lich-hen","app/(app)/clients/page.jsx","54","route.clients","action","Nhật ký & lịch hẹn","ClientsPage","onClick","local-state","classified-local","high","","","","","","","clients","","Client","","","false","false","not-required","not-required","not-required","not-required","","","",""
"route.clients.action.sua","app/(app)/clients/page.jsx","56","route.clients","action","Sửa","ClientsPage","onClick","local-state","classified-local","high","","","","","","","clients","","Client","","","false","false","not-required","not-required","not-required","not-required","","","",""
"route.clients.action.xoa","app/(app)/clients/page.jsx","57","route.clients","action","Xóa","ClientsPage","onClick","local-state","classified-local","high","","","","","","","clients","","Client","","","false","false","not-required","not-required","not-required","not-required","","","",""
"route.commissions.action.ghi-hoa-hong","app/(app)/commissions/page.jsx","112","route.commissions","action","Ghi hoa hồng","CommissionsPage","onClick","local-state","classified-local","high","openAdd","","","","","","commissions | invoices | users","","Commission | Invoice | User","","","false","false","not-required","not-required","not-required","not-required","","","",""
"route.commissions.action.a-tra","app/(app)/commissions/page.jsx","156","route.commissions","action","Đã trả","CommissionsPage","onClick","data-action","handler-resolved","high","markPaid","","","","PUT /api/data/commissions/[id]","update:commissions","commissions | invoices | users","Approval | AuditLog | Commission | Conversation | Lead | Leave | Message | Notification | Onboarding | Project | Quote | RealmChangeEvent | RealmGoldEntry | Rule | Setting | Task | TaskEvent | Team | Transaction | User | VendorBill | Webhook","Commission | Invoice | User","registry-rbac","ACCOUNTANT | AM | DIRECTOR | HR | LEAD | PM | STAFF","false","false","async-button-guard","hook-refresh","hook-error-toast","not-required","","","",""
"route.commissions.action.setmodal-mode-del-row-c","app/(app)/commissions/page.jsx","161","route.commissions","action","","CommissionsPage","onClick","local-state","classified-local","high","","","","","","","commissions | invoices | users","","Commission | Invoice | User","","","false","false","not-required","not-required","not-required","not-required","","","",""
"route.commissions.action.huy","app/(app)/commissions/page.jsx","179","route.commissions","action","Hủy","CommissionsPage","onClick","local-state","classified-local","high","","","","","","","commissions | invoices | users","","Commission | Invoice | User","","","false","false","not-required","not-required","not-required","not-required","","","",""
"route.commissions.action.luu","app/(app)/commissions/page.jsx","180","route.commissions","action","Lưu","CommissionsPage","onClick","data-action","handler-resolved","high","calcAmount | saveCommission","","","","POST /api/data/commissions","create:commissions","commissions | invoices | users","Approval | AuditLog | Commission | Conversation | Lead | Leave | Message | Notification | Onboarding | Project | Quote | RealmChangeEvent | RealmGoldEntry | Rule | Setting | Task | TaskEvent | Team | Transaction | User | VendorBill | Webhook","Commission | Invoice | User","registry-rbac","ACCOUNTANT | AM | DIRECTOR | HR | LEAD | PM | STAFF","false","false","async-button-guard","hook-refresh","hook-error-toast","not-required","","import:docGrand | import:todayISO","",""
"route.commissions.form-control.chon-nguoi","app/(app)/commissions/page.jsx","185","route.commissions","form-control","Chọn người…","CommissionsPage","onChange","form-control","classified-local","high","","","","","","","commissions | invoices | users","","Commission | Invoice | User","","","false","false","not-required","not-required","not-required","not-required","","","",""
"route.commissions.form-control.chon-hoa-on-a-phat-hanh","app/(app)/commissions/page.jsx","192","route.commissions","form-control","Chọn hóa đơn đã phát hành…","CommissionsPage","onChange","form-control","classified-local","high","","","","","","","commissions | invoices | users","","Commission | Invoice | User","","","false","false","not-required","not-required","not-required","not-required","","","",""
"route.commissions.form-control.5","app/(app)/commissions/page.jsx","201","route.commissions","form-control","5","CommissionsPage","onChange","form-control","classified-local","high","","","","","","","commissions | invoices | users","","Commission | Invoice | User","","","false","false","not-required","not-required","not-required","not-required","","","",""
"route.commissions.form-control.input","app/(app)/commissions/page.jsx","208","route.commissions","form-control","","CommissionsPage","","form-control","classified-local","high","","","","","","","commissions | invoices | users","","Commission | Invoice | User","","","false","false","not-required","not-required","not-required","not-required","","","",""
"route.commissions.form-control.hop-ong-q3-deal-ac-biet-thuong-kpi","app/(app)/commissions/page.jsx","214","route.commissions","form-control","Hợp đồng Q3, deal đặc biệt, thưởng KPI…","CommissionsPage","onChange","form-control","classified-local","high","","","","","","","commissions | invoices | users","","Commission | Invoice | User","","","false","false","not-required","not-required","not-required","not-required","","","",""
"route.contracts.form-control.tat-ca-loai","app/(app)/contracts/page.jsx","75","route.contracts","form-control","Tất cả loại","ContractsPage","onChange","form-control","classified-local","high","","","","","","","contracts","","Contract","","","false","false","not-required","not-required","not-required","not-required","","","",""
"route.contracts.action.them-hop-ong","app/(app)/contracts/page.jsx","80","route.contracts","action","Thêm hợp đồng","ContractsPage","onClick","local-state","classified-local","high","","","","","","","contracts","","Contract","","","false","false","not-required","not-required","not-required","not-required","","","",""
"route.contracts.action.in-phieu-hop-ong-pdf-qua-hop-thoai-in","app/(app)/contracts/page.jsx","101","route.contracts","action","In phiếu hợp đồng (PDF qua hộp thoại in)","ContractsPage","onClick","data-action","handler-resolved","high","esc | fmtD | printContract","","","","GET /api/settings","","contracts","Setting","Contract","explicit-rbac","","false","false","not-required","not-required","handled-candidate","not-required","document.body.appendChild | document.createElement | document.getElementById | window.print","import:money","area | area.id | area.innerHTML",""
"route.contracts.action.button","app/(app)/contracts/page.jsx","102","route.contracts","action","📎","ContractsPage","onClick","local-state","classified-local","high","","","","","","","contracts","","Contract","","","false","false","not-required","not-required","not-required","not-required","","","",""
"route.contracts.action.sua","app/(app)/contracts/page.jsx","103","route.contracts","action","Sửa","ContractsPage","onClick","local-state","classified-local","high","","","","","","","contracts","","Contract","","","false","false","not-required","not-required","not-required","not-required","","","",""
"route.contracts.action.xoa","app/(app)/contracts/page.jsx","104","route.contracts","action","Xóa","ContractsPage","onClick","local-state","classified-local","high","","","","","","","contracts","","Contract","","","false","false","not-required","not-required","not-required","not-required","","","",""
"route.copilot.action.s","app/(app)/copilot/page.jsx","58","route.copilot","action","💬 / {s}","CopilotPage","onClick","data-action","handler-resolved","high","send","","","","POST /api/copilot","","","AuditLog | Client | Invoice | Lead | Project | Setting | Task | Ticket | Transaction | User | VendorBill","","explicit-rbac","ACCOUNTANT | AM | HR | PM | STAFF","false","false","local-state","toast-or-state","handled-candidate","not-required","","","",""
"route.copilot.form-submit.gui","app/(app)/copilot/page.jsx","75","route.copilot","form-submit","Gửi","CopilotPage","onSubmit","data-action","handler-resolved","high","send","","","","POST /api/copilot","","","AuditLog | Client | Invoice | Lead | Project | Setting | Task | Ticket | Transaction | User | VendorBill","","explicit-rbac","ACCOUNTANT | AM | HR | PM | STAFF","false","false","disabled-binding","toast-or-state","handled-candidate","not-required","","","event.preventDefault",""
"route.copilot.form-control.hoi-ve-doanh-thu-khach-hang-du-an-hoac-nho-viet-email-proposal","app/(app)/copilot/page.jsx","77","route.copilot","form-control","Hỏi về doanh thu, khách hàng, dự án… hoặc nhờ viết email/proposal","CopilotPage","onChange","form-control","classified-local","high","","","","","","","","","","","","false","false","not-required","not-required","not-required","not-required","","","",""
"route.copilot.action.gui","app/(app)/copilot/page.jsx","79","route.copilot","action","Gửi","CopilotPage","form:onSubmit","data-action","handler-resolved","high","send","","","","POST /api/copilot","","","AuditLog | Client | Invoice | Lead | Project | Setting | Task | Ticket | Transaction | User | VendorBill","","explicit-rbac","ACCOUNTANT | AM | HR | PM | STAFF","false","false","disabled-binding","toast-or-state","handled-candidate","not-required","","","event.preventDefault",""
"route.dashboard.navigation.inner","app/(app)/dashboard/page.jsx","101","route.dashboard","navigation","{inner}","Kpi","","navigation","classified-local","high","","","","","","","areacodes | clients | invoices | leads | livesessions | projects | shipments | tasks | tickets | timelogs | transactions | users | vendorbills | violations","","AreaCode | Client | Invoice | Lead | LiveSession | Project | Shipment | Task | Ticket | TimeLog | Transaction | User | VendorBill | Violation","","","false","false","not-required","not-required","not-required","not-required","","","",""
"route.dashboard.action.an","app/(app)/dashboard/page.jsx","121","route.dashboard","action","Ẩn","Dashboard","onClick","local-state","classified-local","high","dismissOnb","","","","","","areacodes | clients | invoices | leads | livesessions | projects | shipments | tasks | tickets | timelogs | transactions | users | vendorbills | violations","","AreaCode | Client | Invoice | Lead | LiveSession | Project | Shipment | Task | Ticket | TimeLog | Transaction | User | VendorBill | Violation","","","false","false","not-required","not-required","not-required","not-required","","","",""
"route.dashboard.navigation.s-href","app/(app)/dashboard/page.jsx","127","route.dashboard","navigation","s.href","Dashboard","","navigation","classified-local","high","","","","","","","areacodes | clients | invoices | leads | livesessions | projects | shipments | tasks | tickets | timelogs | transactions | users | vendorbills | violations","","AreaCode | Client | Invoice | Lead | LiveSession | Project | Shipment | Task | Ticket | TimeLog | Transaction | User | VendorBill | Violation","","","false","false","not-required","not-required","not-required","not-required","","","",""
"route.dashboard.navigation.i-route-dashboard","app/(app)/dashboard/page.jsx","154","route.dashboard","navigation","'/' + (i.route || 'dashboard')","Dashboard","","navigation","classified-local","high","","","","","","","areacodes | clients | invoices | leads | livesessions | projects | shipments | tasks | tickets | timelogs | transactions | users | vendorbills | violations","","AreaCode | Client | Invoice | Lead | LiveSession | Project | Shipment | Task | Ticket | TimeLog | Transaction | User | VendorBill | Violation","","","false","false","not-required","not-required","not-required","not-required","","","",""
"route.dashboard.navigation.xem-tat-ca","app/(app)/dashboard/page.jsx","199","route.dashboard","navigation","Xem tất cả","Dashboard","","navigation","classified-local","high","","","","","","","areacodes | clients | invoices | leads | livesessions | projects | shipments | tasks | tickets | timelogs | transactions | users | vendorbills | violations","","AreaCode | Client | Invoice | Lead | LiveSession | Project | Shipment | Task | Ticket | TimeLog | Transaction | User | VendorBill | Violation","","","false","false","not-required","not-required","not-required","not-required","","","",""
"route.dashboard.navigation.xem-tat-ca.2","app/(app)/dashboard/page.jsx","225","route.dashboard","navigation","Xem tất cả","Dashboard","","navigation","classified-local","high","","","","","","","areacodes | clients | invoices | leads | livesessions | projects | shipments | tasks | tickets | timelogs | transactions | users | vendorbills | violations","","AreaCode | Client | Invoice | Lead | LiveSession | Project | Shipment | Task | Ticket | TimeLog | Transaction | User | VendorBill | Violation","","","false","false","not-required","not-required","not-required","not-required","","","",""
"route.dashboard.navigation.xem-tat-ca.3","app/(app)/dashboard/page.jsx","246","route.dashboard","navigation","Xem tất cả","Dashboard","","navigation","classified-local","high","","","","","","","areacodes | clients | invoices | leads | livesessions | projects | shipments | tasks | tickets | timelogs | transactions | users | vendorbills | violations","","AreaCode | Client | Invoice | Lead | LiveSession | Project | Shipment | Task | Ticket | TimeLog | Transaction | User | VendorBill | Violation","","","false","false","not-required","not-required","not-required","not-required","","","",""
"route.dashboard.navigation.xem-tat-ca.4","app/(app)/dashboard/page.jsx","268","route.dashboard","navigation","Xem tất cả","Dashboard","","navigation","classified-local","high","","","","","","","areacodes | clients | invoices | leads | livesessions | projects | shipments | tasks | tickets | timelogs | transactions | users | vendorbills | violations","","AreaCode | Client | Invoice | Lead | LiveSession | Project | Shipment | Task | Ticket | TimeLog | Transaction | User | VendorBill | Violation","","","false","false","not-required","not-required","not-required","not-required","","","",""
"route.dashboard.navigation.xem-tat-ca.5","app/(app)/dashboard/page.jsx","285","route.dashboard","navigation","Xem tất cả","Dashboard","","navigation","classified-local","high","","","","","","","areacodes | clients | invoices | leads | livesessions | projects | shipments | tasks | tickets | timelogs | transactions | users | vendorbills | violations","","AreaCode | Client | Invoice | Lead | LiveSession | Project | Shipment | Task | Ticket | TimeLog | Transaction | User | VendorBill | Violation","","","false","false","not-required","not-required","not-required","not-required","","","",""
"component.app-app-error.action.thu-lai","app/(app)/error.jsx","28","component.app-app-error","action","Thử lại","AppError","onClick","delegated-action","delegated","high","","reset","","","","","","","","","","false","false","not-required","not-required","not-required","not-required","","","",""
"component.app-app-error.action.ve-bang-ieu-khien","app/(app)/error.jsx","29","component.app-app-error","action","Về Bảng điều khiển","AppError","onClick","navigation","classified-local","high","","","","/dashboard","","","","","","","","false","false","not-required","not-required","not-required","not-required","","","",""
"route.finance.form-control.thu-chi-chi-thu-chi-chi","app/(app)/finance/page.jsx","53","route.finance","form-control","Thu & chi / Chỉ thu / Chỉ chi","FinancePage","onChange","form-control","classified-local","high","","","","","","","projects | transactions","","Project | Transaction","","","false","false","not-required","not-required","not-required","not-required","","","",""
"route.finance.form-control.tat-ca-cac-thang","app/(app)/finance/page.jsx","56","route.finance","form-control","Tất cả các tháng","FinancePage","onChange","form-control","classified-local","high","","","","","","","projects | transactions","","Project | Transaction","","","false","false","not-required","not-required","not-required","not-required","","","",""
"route.finance.action.xuat-csv","app/(app)/finance/page.jsx","61","route.finance","action","Xuất CSV","FinancePage","onClick","browser-action","classified-local","high","csvEsc | exportCsv | pName","","","","","","projects | transactions","","Project | Transaction","","","false","false","not-required","not-required","not-required","not-required","URL.createObjectURL | URL.revokeObjectURL | document.createElement","","a.download | a.href",""
"route.finance.action.ghi-thu-chi","app/(app)/finance/page.jsx","62","route.finance","action","Ghi thu / chi","FinancePage","onClick","local-state","classified-local","high","","","","","","","projects | transactions","","Project | Transaction","","","false","false","not-required","not-required","not-required","not-required","","","",""
"route.finance.action.sua","app/(app)/finance/page.jsx","78","route.finance","action","Sửa","FinancePage","onClick","local-state","classified-local","high","","","","","","","projects | transactions","","Project | Transaction","","","false","false","not-required","not-required","not-required","not-required","","","",""
"route.finance.action.xoa","app/(app)/finance/page.jsx","79","route.finance","action","Xóa","FinancePage","onClick","local-state","classified-local","high","","","","","","","projects | transactions","","Project | Transaction","","","false","false","not-required","not-required","not-required","not-required","","","",""
"route.financials.form-control.ca-nam-year","app/(app)/financials/page.jsx","90","route.financials","form-control","Cả năm / {year}","FinancialsPage","onChange","form-control","classified-local","high","","","","","","","invoices | payouts | shipments | stocklots | transactions | vendorbills","","Invoice | Payout | Shipment | StockLot | Transaction | VendorBill","","","false","false","not-required","not-required","not-required","not-required","","","",""
"route.financials.action.in-bao-cao","app/(app)/financials/page.jsx","95","route.financials","action","In báo cáo","FinancialsPage","onClick","browser-action","classified-local","high","esc | printReport | row","","","","","","invoices | payouts | shipments | stocklots | transactions | vendorbills","","Invoice | Payout | Shipment | StockLot | Transaction | VendorBill","","","false","false","not-required","not-required","not-required","not-required","document.body.appendChild | document.createElement | document.getElementById | window.print","import:money","area | area.id | area.innerHTML",""
"route.finplan.form-control.select","app/(app)/finplan/page.jsx","136","route.finplan","form-control","","FinPlanPage","onChange","form-control","classified-local","high","","","","","","","budgets | clients | invoices | payouts | recurringexpenses | shipments | transactions | users | vendorbills | vendors","","Budget | Client | Invoice | Payout | RecurringExpense | Shipment | Transaction | User | Vendor | VendorBill","","","false","false","not-required","not-required","not-required","not-required","","","",""
"route.finplan.action.at-ngan-sach","app/(app)/finplan/page.jsx","139","route.finplan","action","Đặt ngân sách","FinPlanPage","onClick","local-state","classified-local","high","","","","","","","budgets | clients | invoices | payouts | recurringexpenses | shipments | transactions | users | vendorbills | vendors","","Budget | Client | Invoice | Payout | RecurringExpense | Shipment | Transaction | User | Vendor | VendorBill","","","false","false","not-required","not-required","not-required","not-required","","","",""
"route.finplan.action.xoa","app/(app)/finplan/page.jsx","155","route.finplan","action","Xóa","FinPlanPage","onClick","local-state","classified-local","high","","","","","","","budgets | clients | invoices | payouts | recurringexpenses | shipments | transactions | users | vendorbills | vendors","","Budget | Client | Invoice | Payout | RecurringExpense | Shipment | Transaction | User | Vendor | VendorBill","","","false","false","not-required","not-required","not-required","not-required","","","",""
"route.finplan.action.them-mau","app/(app)/finplan/page.jsx","166","route.finplan","action","Thêm mẫu","FinPlanPage","onClick","local-state","classified-local","high","","","","","","","budgets | clients | invoices | payouts | recurringexpenses | shipments | transactions | users | vendorbills | vendors","","Budget | Client | Invoice | Payout | RecurringExpense | Shipment | Transaction | User | Vendor | VendorBill","","","false","false","not-required","not-required","not-required","not-required","","","",""
"route.finplan.action.sinh-cho-thang","app/(app)/finplan/page.jsx","167","route.finplan","action","Sinh cho tháng / /","FinPlanPage","onClick","data-action","handler-resolved","high","genRecurring","","","","GET /api/data/transactions | POST /api/recurring/generate","read:transactions","budgets | clients | invoices | payouts | recurringexpenses | shipments | transactions | users | vendorbills | vendors","AuditLog | RecurringExpense | Setting | Transaction","Budget | Client | Invoice | Payout | RecurringExpense | Shipment | Transaction | User | Vendor | VendorBill","explicit-rbac | registry-rbac","ACCOUNTANT | DIRECTOR","false","false","disabled-binding","hook-refresh","hook-error-toast","not-required","","","",""
"route.finplan.action.xoa.2","app/(app)/finplan/page.jsx","179","route.finplan","action","Xóa","FinPlanPage","onClick","local-state","classified-local","high","","","","","","","budgets | clients | invoices | payouts | recurringexpenses | shipments | transactions | users | vendorbills | vendors","","Budget | Client | Invoice | Payout | RecurringExpense | Shipment | Transaction | User | Vendor | VendorBill","","","false","false","not-required","not-required","not-required","not-required","","","",""
"route.freelancer.action.ghi-gio","app/(app)/freelancer/page.jsx","96","route.freelancer","action","Ghi giờ","FreelancerPage","onClick","local-state","classified-local","high","","","","","","","","","","","","false","false","not-required","not-required","not-required","not-required","","","",""
"route.freelancer.form-control.gio","app/(app)/freelancer/page.jsx","101","route.freelancer","form-control","giờ","FreelancerPage","onChange","form-control","classified-local","high","","","","","","","","","","","","false","false","not-required","not-required","not-required","not-required","","","",""
"route.freelancer.form-control.ghi-chu-lam-gi","app/(app)/freelancer/page.jsx","102","route.freelancer","form-control","Ghi chú (làm gì)","FreelancerPage","onChange","form-control","classified-local","high","","","","","","","","","","","","false","false","not-required","not-required","not-required","not-required","","","",""
"route.freelancer.action.luu-gio-hom-nay","app/(app)/freelancer/page.jsx","103","route.freelancer","action","Lưu giờ hôm nay","FreelancerPage","onClick","data-action","handler-resolved","high","load | submitLog","","","","GET /api/freelancer/home | POST /api/freelancer/timelog","","","Payout | Project | ProjectMember | Task | TimeLog | User","","authenticated-custom","","false","false","async-button-guard","toast-or-state","handled-candidate","not-required","","","",""
"route.freelancer.action.huy","app/(app)/freelancer/page.jsx","104","route.freelancer","action","Hủy","FreelancerPage","onClick","local-state","classified-local","high","","","","","","","","","","","","false","false","not-required","not-required","not-required","not-required","","","",""
"route.freelancer.form-control.select","app/(app)/freelancer/page.jsx","116","route.freelancer","form-control","","FreelancerPage","onChange","form-control","handler-resolved","high","load | setStatus","","","","GET /api/freelancer/home | PUT /api/freelancer/task/*","","","AuditLog | Conversation | Lead | Message | Notification | Onboarding | Payout | Project | ProjectMember | RealmChangeEvent | Rule | Task | TaskEvent | TimeLog | User | Webhook","","authenticated-custom | explicit-rbac","ACCOUNTANT | AM | DIRECTOR | HR | PM | STAFF","false","false","not-required","not-required","not-required","not-required","","","",""
"route.freelancer.form-control.input","app/(app)/freelancer/page.jsx","125","route.freelancer","form-control","","FreelancerPage","onChange","form-control","handler-resolved","high","load | toggleCheck","","","","GET /api/freelancer/home | PUT /api/freelancer/task/*","","","AuditLog | Conversation | Lead | Message | Notification | Onboarding | Payout | Project | ProjectMember | RealmChangeEvent | Rule | Task | TaskEvent | TimeLog | User | Webhook","","authenticated-custom | explicit-rbac","ACCOUNTANT | AM | DIRECTOR | HR | PM | STAFF","false","false","not-required","not-required","not-required","not-required","","import:parseItems","",""
"route.freelancers.action.them-freelancer","app/(app)/freelancers/page.jsx","96","route.freelancers","action","Thêm freelancer","FreelancersPage","onClick","local-state","classified-local","high","","","","","","","payouts | projectmembers | projects | timelogs | users","","Payout | Project | ProjectMember | TimeLog | User","","","false","false","not-required","not-required","not-required","not-required","","","",""
"route.freelancers.action.vo-hieu-hoa-khoa-ang-nhap","app/(app)/freelancers/page.jsx","110","route.freelancers","action","Vô hiệu hóa (khóa đăng nhập)","FreelancersPage","onClick","local-state","classified-local","high","","","","","","","payouts | projectmembers | projects | timelogs | users","","Payout | Project | ProjectMember | TimeLog | User","","","false","false","not-required","not-required","not-required","not-required","","","",""
"route.freelancers.action.setmodal-mode-unassign-row-m-projectname-projname-m-projectid-fr","app/(app)/freelancers/page.jsx","125","route.freelancers","action","","FreelancersPage","onClick","local-state","classified-local","high","projName","","","","","","payouts | projectmembers | projects | timelogs | users","","Payout | Project | ProjectMember | TimeLog | User","","","false","false","not-required","not-required","not-required","not-required","","","",""
"route.freelancers.form-control.gan-vao-du-an","app/(app)/freelancers/page.jsx","129","route.freelancers","form-control","+ Gắn vào dự án…","FreelancersPage","onChange","form-control","handler-resolved","high","assign | callUsers | syncAccess","","","","DYNAMIC /api/users | GET /api/data/projectmembers | GET /api/data/users | POST /api/data/projectmembers","create:projectmembers | read:projectmembers | read:users","payouts | projectmembers | projects | timelogs | users","Approval | AuditLog | Conversation | Lead | Leave | Message | Notification | Onboarding | Project | ProjectMember | Quote | RealmChangeEvent | RealmGoldEntry | Rule | Setting | Task | TaskEvent | Team | Transaction | User | VendorBill | Webhook","Payout | Project | ProjectMember | TimeLog | User","explicit-rbac | registry-rbac","ACCOUNTANT | AM | DIRECTOR | FREELANCER | HR | LEAD | PM | STAFF","false","false","not-required","not-required","not-required","not-required","","","",""
"route.freelancers.action.chot-thanh-toan","app/(app)/freelancers/page.jsx","140","route.freelancers","action","Chốt thanh toán","FreelancersPage","onClick","local-state","classified-local","high","","","","","","","payouts | projectmembers | projects | timelogs | users","","Payout | Project | ProjectMember | TimeLog | User","","","false","false","not-required","not-required","not-required","not-required","","","",""
"route.freelancers.action.tra","app/(app)/freelancers/page.jsx","150","route.freelancers","action","Trả","FreelancersPage","onClick","data-action","handler-resolved","high","payNow","","","","GET /api/data/payouts | POST /api/payouts/*/pay","read:payouts","payouts | projectmembers | projects | timelogs | users","AuditLog | Payout | Setting | Transaction | User","Payout | Project | ProjectMember | TimeLog | User","explicit-rbac | registry-rbac","ACCOUNTANT | DIRECTOR | HR | LEAD | PM","false","false","async-button-guard","hook-refresh","hook-error-toast","not-required","","","",""
"route.freelancers.action.huy","app/(app)/freelancers/page.jsx","189","route.freelancers","action","Hủy","SettleModal","onClick","delegated-action","delegated","high","","onClose","route:/freelancers","","","","payouts | projectmembers | projects | timelogs | users","","Payout | Project | ProjectMember | TimeLog | User","","","false","false","not-required","not-required","not-required","not-required","","","",""
"route.freelancers.action.tao-khoan-phai-tra","app/(app)/freelancers/page.jsx","190","route.freelancers","action","Tạo khoản phải trả","SettleModal","onClick","data-action","delegated-resolved","medium","projName | settle","onClose | onSave","route:/freelancers","","POST /api/data/payouts","create:payouts","payouts | projectmembers | projects | timelogs | users","Approval | AuditLog | Conversation | Lead | Leave | Message | Notification | Onboarding | Payout | Project | Quote | RealmChangeEvent | RealmGoldEntry | Rule | Setting | Task | TaskEvent | Team | Transaction | User | VendorBill | Webhook","Payout | Project | ProjectMember | TimeLog | User","registry-rbac","ACCOUNTANT | AM | DIRECTOR | HR | LEAD | PM | STAFF","false","false","async-button-guard","hook-refresh","hook-error-toast","not-required","","","",""
"route.freelancers.form-control.khong-gan-du-an","app/(app)/freelancers/page.jsx","193","route.freelancers","form-control","— Không gắn dự án —","SettleModal","onChange","form-control","classified-local","high","loggedHours | pickProject | r1 | settledHours | unpaidHours","","","","","","payouts | projectmembers | projects | timelogs | users","","Payout | Project | ProjectMember | TimeLog | User","","","false","false","not-required","not-required","not-required","not-required","","","",""
"route.freelancers.form-control.theo-gio-on-gia-khoan-so-tien-co-inh","app/(app)/freelancers/page.jsx","198","route.freelancers","form-control","Theo giờ × đơn giá / Khoán (số tiền cố định)","SettleModal","onChange","form-control","classified-local","high","","","","","","","payouts | projectmembers | projects | timelogs | users","","Payout | Project | ProjectMember | TimeLog | User","","","false","false","not-required","not-required","not-required","not-required","","","",""
"route.freelancers.form-control.input","app/(app)/freelancers/page.jsx","203","route.freelancers","form-control","","SettleModal","onChange","form-control","classified-local","high","","","","","","","payouts | projectmembers | projects | timelogs | users","","Payout | Project | ProjectMember | TimeLog | User","","","false","false","not-required","not-required","not-required","not-required","","","",""
"route.freelancers.form-control.input.2","app/(app)/freelancers/page.jsx","204","route.freelancers","form-control","","SettleModal","","form-control","classified-local","high","","","","","","","payouts | projectmembers | projects | timelogs | users","","Payout | Project | ProjectMember | TimeLog | User","","","false","false","not-required","not-required","not-required","not-required","","","",""
"route.freelancers.form-control.input.3","app/(app)/freelancers/page.jsx","211","route.freelancers","form-control","","SettleModal","onChange","form-control","classified-local","high","","","","","","","payouts | projectmembers | projects | timelogs | users","","Payout | Project | ProjectMember | TimeLog | User","","","false","false","not-required","not-required","not-required","not-required","","","",""
"route.freelancers.form-control.vd-dung-5-video-social","app/(app)/freelancers/page.jsx","213","route.freelancers","form-control","VD: Dựng 5 video social","SettleModal","onChange","form-control","classified-local","high","","","","","","","payouts | projectmembers | projects | timelogs | users","","Payout | Project | ProjectMember | TimeLog | User","","","false","false","not-required","not-required","not-required","not-required","","","",""
"route.freelancers.action.huy.2","app/(app)/freelancers/page.jsx","228","route.freelancers","action","Hủy","FreelancerModal","onClick","delegated-action","delegated","high","","onClose","route:/freelancers","","","","payouts | projectmembers | projects | timelogs | users","","Payout | Project | ProjectMember | TimeLog | User","","","false","false","not-required","not-required","not-required","not-required","","","",""
"route.freelancers.action.tao-tai-khoan","app/(app)/freelancers/page.jsx","229","route.freelancers","action","Tạo tài khoản","FreelancerModal","onClick","data-action","delegated-resolved","medium","callUsers | createFL","onSave","route:/freelancers","","DYNAMIC /api/users | GET /api/data/users","read:users","payouts | projectmembers | projects | timelogs | users","AuditLog | Setting | User","Payout | Project | ProjectMember | TimeLog | User","explicit-rbac | registry-rbac","ACCOUNTANT | AM | DIRECTOR | FREELANCER | HR | LEAD | PM | STAFF","false","false","async-button-guard","hook-refresh","hook-error-toast","not-required","","","",""
"route.freelancers.form-control.input.4","app/(app)/freelancers/page.jsx","231","route.freelancers","form-control","","FreelancerModal","onChange","form-control","classified-local","high","set","","","","","","payouts | projectmembers | projects | timelogs | users","","Payout | Project | ProjectMember | TimeLog | User","","","false","false","not-required","not-required","not-required","not-required","","","",""
"route.freelancers.form-control.input.5","app/(app)/freelancers/page.jsx","232","route.freelancers","form-control","","FreelancerModal","onChange","form-control","classified-local","high","set","","","","","","payouts | projectmembers | projects | timelogs | users","","Payout | Project | ProjectMember | TimeLog | User","","","false","false","not-required","not-required","not-required","not-required","","","",""
"route.freelancers.form-control.input.6","app/(app)/freelancers/page.jsx","233","route.freelancers","form-control","","FreelancerModal","onChange","form-control","classified-local","high","set","","","","","","payouts | projectmembers | projects | timelogs | users","","Payout | Project | ProjectMember | TimeLog | User","","","false","false","not-required","not-required","not-required","not-required","","","",""
"route.freelancers.form-control.input.7","app/(app)/freelancers/page.jsx","234","route.freelancers","form-control","","FreelancerModal","onChange","form-control","classified-local","high","set","","","","","","payouts | projectmembers | projects | timelogs | users","","Payout | Project | ProjectMember | TimeLog | User","","","false","false","not-required","not-required","not-required","not-required","","","",""
"route.freelancers.form-control.vd-video-editor-motion","app/(app)/freelancers/page.jsx","235","route.freelancers","form-control","VD: Video editor, Motion","FreelancerModal","onChange","form-control","classified-local","high","set","","","","","","payouts | projectmembers | projects | timelogs | users","","Payout | Project | ProjectMember | TimeLog | User","","","false","false","not-required","not-required","not-required","not-required","","","",""
"route.freelancers.form-control.https","app/(app)/freelancers/page.jsx","236","route.freelancers","form-control","https://","FreelancerModal","onChange","form-control","classified-local","high","set","","","","","","payouts | projectmembers | projects | timelogs | users","","Payout | Project | ProjectMember | TimeLog | User","","","false","false","not-required","not-required","not-required","not-required","","","",""
"route.fxreval.form-control.input","app/(app)/fxreval/page.jsx","51","route.fxreval","form-control","","FxRevalPage","onChange","form-control","classified-local","high","","","","","","","invoices | shipments | transactions","","Invoice | Shipment | Transaction","","","false","false","not-required","not-required","not-required","not-required","","","",""
"route.fxreval.form-control.ty-gia-cuoi-ky","app/(app)/fxreval/page.jsx","62","route.fxreval","form-control","tỷ giá cuối kỳ","FxRevalPage","onChange","form-control","classified-local","high","","","","","","","invoices | shipments | transactions","","Invoice | Shipment | Transaction","","","false","false","not-required","not-required","not-required","not-required","","","",""
"route.fxreval.action.ghi-but-toan-anh-gia-lai","app/(app)/fxreval/page.jsx","95","route.fxreval","action","Ghi bút toán đánh giá lại","FxRevalPage","onClick","data-action","handler-resolved","high","post","","","","POST /api/data/transactions","create:transactions","invoices | shipments | transactions","Approval | AuditLog | Conversation | Lead | Leave | Message | Notification | Onboarding | Project | Quote | RealmChangeEvent | RealmGoldEntry | Rule | Setting | Task | TaskEvent | Team | Transaction | User | VendorBill | Webhook","Invoice | Shipment | Transaction","registry-rbac","ACCOUNTANT | AM | DIRECTOR | HR | LEAD | PM | STAFF","false","false","disabled-binding","hook-refresh","hook-error-toast","not-required","","","",""
"route.gantt.action.them-moc","app/(app)/gantt/page.jsx","92","route.gantt","action","Thêm mốc","GanttPage","onClick","local-state","classified-local","high","","","","","","","clients | milestones | projects | tasks","","Client | Milestone | Project | Task","","","false","false","not-required","not-required","not-required","not-required","","import:todayISO","",""
"route.gantt.action.canedit-setmodal-row-m-data-m-done-m-done-1","app/(app)/gantt/page.jsx","131","route.gantt","action","","GanttPage","onClick","local-state","classified-local","high","","","","","","","clients | milestones | projects | tasks","","Client | Milestone | Project | Task","","","false","false","not-required","not-required","not-required","not-required","","","",""
"route.gantt.action.xoa","app/(app)/gantt/page.jsx","171","route.gantt","action","Xóa","GanttPage","onClick","local-state","classified-local","high","","","","","","","clients | milestones | projects | tasks","","Client | Milestone | Project | Task","","","false","false","not-required","not-required","not-required","not-required","","","",""
"route.growing.action.them-co-so","app/(app)/growing/page.jsx","47","route.growing","action","Thêm cơ sở","GrowingPage","onClick","local-state","classified-local","high","","","","","","","areacodes | growingareas","","AreaCode | GrowingArea","","","false","false","not-required","not-required","not-required","not-required","","","",""
"route.growing.action.sua","app/(app)/growing/page.jsx","59","route.growing","action","Sửa","GrowingPage","onClick","local-state","classified-local","high","","","","","","","areacodes | growingareas","","AreaCode | GrowingArea","","","false","false","not-required","not-required","not-required","not-required","","","",""
"route.growing.action.xoa","app/(app)/growing/page.jsx","60","route.growing","action","Xóa","GrowingPage","onClick","local-state","classified-local","high","","","","","","","areacodes | growingareas","","AreaCode | GrowingArea","","","false","false","not-required","not-required","not-required","not-required","","","",""
"route.growing.action.ma","app/(app)/growing/page.jsx","70","route.growing","action","+ Mã","GrowingPage","onClick","local-state","classified-local","high","","","","","","","areacodes | growingareas","","AreaCode | GrowingArea","","","false","false","not-required","not-required","not-required","not-required","","","",""
"route.growing.action.xoa-ma","app/(app)/growing/page.jsx","80","route.growing","action","Xóa mã","GrowingPage","onClick","local-state","classified-local","high","","","","","","","areacodes | growingareas","","AreaCode | GrowingArea","","","false","false","not-required","not-required","not-required","not-required","","","",""
"route.guide.action.in-cam-nang","app/(app)/guide/page.jsx","37","route.guide","action","🖨 In cẩm nang","GuidePage","onClick","browser-action","classified-local","high","","","","","","","","","","","","false","false","not-required","not-required","not-required","not-required","window.print","","",""
"route.import.action.nhap-vao","app/(app)/import/page.jsx","88","route.import","action","Nhập vào","ImportPage","onClick","local-state","classified-local","high","switchMode","","","","","","","","","","","false","false","not-required","not-required","not-required","not-required","","import:modOn","",""
"route.import.action.xuat-ra","app/(app)/import/page.jsx","89","route.import","action","Xuất ra","ImportPage","onClick","local-state","classified-local","high","switchMode","","","","","","","","","","","false","false","not-required","not-required","not-required","not-required","","import:modOn","",""
"route.import.form-control.select","app/(app)/import/page.jsx","92","route.import","form-control","","ImportPage","onChange","form-control","classified-local","high","changeResource","","","","","","","","","","","false","false","not-required","not-required","not-required","not-required","","","",""
"route.import.action.tai-csv","app/(app)/import/page.jsx","106","route.import","action","Tải CSV ( / )","ImportPage","onClick","browser-action","classified-local","high","exportCSV","","","","","","","","","","","false","false","not-required","not-required","not-required","not-required","URL.createObjectURL | URL.revokeObjectURL | document.createElement","import:toCSV | import:todayISO","a.download | a.href",""
"route.import.form-control.textarea","app/(app)/import/page.jsx","121","route.import","form-control","","ImportPage","onChange","form-control","classified-local","high","onText","","","","","","","","","","","false","false","not-required","not-required","not-required","not-required","","","",""
"route.import.action.nhan-lai-cot","app/(app)/import/page.jsx","125","route.import","action","Nhận lại cột","ImportPage","onClick","local-state","classified-local","high","autoMap | norm","","","","","","","","","","","false","false","not-required","not-required","not-required","not-required","","","m[f.key]",""
"route.import.form-control.bo-qua","app/(app)/import/page.jsx","138","route.import","form-control","— bỏ qua —","ImportPage","onChange","form-control","classified-local","high","","","","","","","","","","","","false","false","not-required","not-required","not-required","not-required","","","",""
"route.import.action.nhap-dong-hop-le","app/(app)/import/page.jsx","152","route.import","action","Nhập / dòng hợp lệ","ImportPage","onClick","data-action","handler-resolved","high","doImport","","","","POST /api/import/bulk","","","AuditLog | Setting","","registry-rbac","","false","false","disabled-binding","toast-or-state","handled-candidate","not-required","","","",""
"route.install.action.iphone-ipad","app/(app)/install/page.jsx","183","route.install","action","iPhone / iPad","InstallPage","onClick","local-state","classified-local","high","","","","","","","","","","","","false","false","not-required","not-required","not-required","not-required","","","",""
"route.install.action.android","app/(app)/install/page.jsx","184","route.install","action","Android","InstallPage","onClick","local-state","classified-local","high","","","","","","","","","","","","false","false","not-required","not-required","not-required","not-required","","","",""
"route.inventory.action.nhap-kho-lo-moi","app/(app)/inventory/page.jsx","87","route.inventory","action","Nhập kho lô mới","InventoryPage","onClick","local-state","classified-local","high","","","","","","","growingareas | shipments | stocklots | stockmoves | vendors","","GrowingArea | Shipment | StockLot | StockMove | Vendor","","","false","false","not-required","not-required","not-required","not-required","","","",""
"route.inventory.action.lbl","app/(app)/inventory/page.jsx","100","route.inventory","action","{lbl}","InventoryPage","onClick","local-state","classified-local","high","","","","","","","growingareas | shipments | stocklots | stockmoves | vendors","","GrowingArea | Shipment | StockLot | StockMove | Vendor","","","false","false","not-required","not-required","not-required","not-required","","","",""
"route.inventory.action.e-e-stoppropagation","app/(app)/inventory/page.jsx","110","route.inventory","action","","InventoryPage","onClick","local-state","classified-local","high","","","","","","","growingareas | shipments | stocklots | stockmoves | vendors","","GrowingArea | Shipment | StockLot | StockMove | Vendor","","","false","false","not-required","not-required","not-required","not-required","","","event.stopPropagation",""
"route.inventory.action.xuat-kho","app/(app)/inventory/page.jsx","111","route.inventory","action","Xuất kho","InventoryPage","onClick","local-state","classified-local","high","","","","","","","growingareas | shipments | stocklots | stockmoves | vendors","","GrowingArea | Shipment | StockLot | StockMove | Vendor","","","false","false","not-required","not-required","not-required","not-required","","","",""
"route.inventory.action.sua","app/(app)/inventory/page.jsx","112","route.inventory","action","Sửa","InventoryPage","onClick","local-state","classified-local","high","","","","","","","growingareas | shipments | stocklots | stockmoves | vendors","","GrowingArea | Shipment | StockLot | StockMove | Vendor","","","false","false","not-required","not-required","not-required","not-required","","","",""
"route.inventory.action.xoa","app/(app)/inventory/page.jsx","113","route.inventory","action","Xóa","InventoryPage","onClick","local-state","classified-local","high","","","","","","","growingareas | shipments | stocklots | stockmoves | vendors","","GrowingArea | Shipment | StockLot | StockMove | Vendor","","","false","false","not-required","not-required","not-required","not-required","","","",""
"route.inventory.action.ong","app/(app)/inventory/page.jsx","150","route.inventory","action","Đóng","LotDetail","onClick","delegated-action","delegated","high","","onClose","route:/inventory","","","","growingareas | shipments | stocklots | stockmoves | vendors","","GrowingArea | Shipment | StockLot | StockMove | Vendor","","","false","false","not-required","not-required","not-required","not-required","","","",""
"route.invoices.action.huy","app/(app)/invoices/page.jsx","26","route.invoices","action","Hủy","PayModal","onClick","delegated-action","delegated","high","","onClose","route:/invoices","","","","clients | invoices | projects | services","","Client | Invoice | Project | Service","","","false","false","not-required","not-required","not-required","not-required","","","",""
"route.invoices.action.ghi-nhan","app/(app)/invoices/page.jsx","27","route.invoices","action","Ghi nhận","PayModal","onClick","data-action","handler-resolved","high","submit","onClose | onDone","route:/invoices","","POST /api/invoices/from-hours","","clients | invoices | projects | services","AuditLog | Invoice | Project | Setting | TimeLog","Client | Invoice | Project | Service","explicit-rbac","ACCOUNTANT | AM","false","false","local-state","toast-or-state","handled-candidate","not-required","","","",""
"route.invoices.form-control.input","app/(app)/invoices/page.jsx","35","route.invoices","form-control","","PayModal","onChange","form-control","classified-local","high","","","","","","","clients | invoices | projects | services","","Client | Invoice | Project | Service","","","false","false","not-required","not-required","not-required","not-required","","","",""
"route.invoices.form-control.input.2","app/(app)/invoices/page.jsx","37","route.invoices","form-control","","PayModal","onChange","form-control","classified-local","high","","","","","","","clients | invoices | projects | services","","Client | Invoice | Project | Service","","","false","false","not-required","not-required","not-required","not-required","","","",""
"route.invoices.form-control.vd-chuyen-khoan-ot-1","app/(app)/invoices/page.jsx","38","route.invoices","form-control","VD: chuyển khoản đợt 1","PayModal","onChange","form-control","classified-local","high","","","","","","","clients | invoices | projects | services","","Client | Invoice | Project | Service","","","false","false","not-required","not-required","not-required","not-required","","","",""
"route.invoices.action.huy.2","app/(app)/invoices/page.jsx","77","route.invoices","action","Hủy","FromHoursModal","onClick","delegated-action","delegated","high","","onClose","route:/invoices","","","","clients | invoices | projects | services","","Client | Invoice | Project | Service","","","false","false","not-required","not-required","not-required","not-required","","","",""
"route.invoices.action.ang-tao-tao-hoa-on-nhap","app/(app)/invoices/page.jsx","78","route.invoices","action","Đang tạo… / Tạo hóa đơn nháp","FromHoursModal","onClick","data-action","handler-resolved","high","submit","onClose | onDone","route:/invoices","","POST /api/invoices/from-hours","","clients | invoices | projects | services","AuditLog | Invoice | Project | Setting | TimeLog","Client | Invoice | Project | Service","explicit-rbac","ACCOUNTANT | AM","false","false","disabled-binding","toast-or-state","handled-candidate","not-required","","","",""
"route.invoices.form-control.select","app/(app)/invoices/page.jsx","82","route.invoices","form-control","","FromHoursModal","onChange","form-control","classified-local","high","","","","","","","clients | invoices | projects | services","","Client | Invoice | Project | Service","","","false","false","not-required","not-required","not-required","not-required","","","",""
"route.invoices.form-control.vd-300000","app/(app)/invoices/page.jsx","86","route.invoices","form-control","VD: 300000","FromHoursModal","onChange","form-control","classified-local","high","","","","","","","clients | invoices | projects | services","","Client | Invoice | Project | Service","","","false","false","not-required","not-required","not-required","not-required","","","",""
"route.invoices.form-control.input.3","app/(app)/invoices/page.jsx","89","route.invoices","form-control","","FromHoursModal","onChange","form-control","classified-local","high","","","","","","","clients | invoices | projects | services","","Client | Invoice | Project | Service","","","false","false","not-required","not-required","not-required","not-required","","","",""
"route.invoices.form-control.tat-ca-trang-thai-nhap-a-gui-qua-han-a-thu","app/(app)/invoices/page.jsx","155","route.invoices","form-control","Tất cả trạng thái / Nháp / Đã gửi / Quá hạn / Đã thu","InvoicesPage","onChange","form-control","classified-local","high","","","","","","","clients | invoices | projects | services","","Client | Invoice | Project | Service","","","false","false","not-required","not-required","not-required","not-required","","","",""
"route.invoices.action.xuat-tu-gio-cong","app/(app)/invoices/page.jsx","168","route.invoices","action","Xuất từ giờ công","InvoicesPage","onClick","local-state","classified-local","high","","","","","","","clients | invoices | projects | services","","Client | Invoice | Project | Service","","","false","false","not-required","not-required","not-required","not-required","","","",""
"route.invoices.action.tao-hoa-on","app/(app)/invoices/page.jsx","172","route.invoices","action","Tạo hóa đơn","InvoicesPage","onClick","local-state","classified-local","high","","","","","","","clients | invoices | projects | services","","Client | Invoice | Project | Service","","","false","false","not-required","not-required","not-required","not-required","","","",""
"route.invoices.action.ghi-nhan-thanh-toan","app/(app)/invoices/page.jsx","192","route.invoices","action","Ghi nhận thanh toán","InvoicesPage","onClick","local-state","classified-local","high","","","","","","","clients | invoices | projects | services","","Client | Invoice | Project | Service","","","false","false","not-required","not-required","not-required","not-required","","","",""
"route.invoices.action.sinh-hoa-on-ky-toi-thang-sau","app/(app)/invoices/page.jsx","195","route.invoices","action","Sinh hóa đơn kỳ tới (tháng sau)","InvoicesPage","onClick","data-action","handler-resolved","high","nextPeriod","","","","POST /api/data/invoices","create:invoices","clients | invoices | projects | services","Approval | AuditLog | Conversation | Invoice | Lead | Leave | Message | Notification | Onboarding | Project | Quote | RealmChangeEvent | RealmGoldEntry | Rule | Setting | Task | TaskEvent | Team | Transaction | User | VendorBill | Webhook","Client | Invoice | Project | Service","registry-rbac","ACCOUNTANT | AM | DIRECTOR | HR | LEAD | PM | STAFF","false","false","async-button-guard","hook-refresh","hook-error-toast","not-required","","import:nextCode","",""
"route.invoices.action.gui-email-cho-khach","app/(app)/invoices/page.jsx","197","route.invoices","action","Gửi email cho khách","InvoicesPage","onClick","local-state","classified-local","high","","","","","","","clients | invoices | projects | services","","Client | Invoice | Project | Service","","","false","false","not-required","not-required","not-required","not-required","","","",""
"route.invoices.action.in-xuat-pdf","app/(app)/invoices/page.jsx","199","route.invoices","action","In / xuất PDF","InvoicesPage","onClick","helper-action","classified-local","high","client","","","","","","clients | invoices | projects | services","","Client | Invoice | Project | Service","","","false","false","not-required","not-required","not-required","not-required","","import:printDoc","",""
"route.invoices.action.sua","app/(app)/invoices/page.jsx","200","route.invoices","action","Sửa","InvoicesPage","onClick","local-state","classified-local","high","","","","","","","clients | invoices | projects | services","","Client | Invoice | Project | Service","","","false","false","not-required","not-required","not-required","not-required","","","",""
"route.invoices.action.xoa","app/(app)/invoices/page.jsx","201","route.invoices","action","Xóa","InvoicesPage","onClick","local-state","classified-local","high","","","","","","","clients | invoices | projects | services","","Client | Invoice | Project | Service","","","false","false","not-required","not-required","not-required","not-required","","","",""
"route.leads.action.them-khach-tiem-nang","app/(app)/leads/page.jsx","89","route.leads","action","Thêm khách tiềm năng","LeadsPage","onClick","local-state","classified-local","high","","","","","","","clients | leads | users","","Client | Lead | User","","","false","false","not-required","not-required","not-required","not-required","","","",""
"route.leads.action.div","app/(app)/leads/page.jsx","120","route.leads","action","·","LeadsPage","onClick","local-state","classified-local","high","","","","","","","clients | leads | users","","Client | Lead | User","","","false","false","not-required","not-required","not-required","not-required","","","",""
"route.leads.action.xoa","app/(app)/leads/page.jsx","148","route.leads","action","Xóa","LeadsPage","onClick","local-state","classified-local","high","","","","","","","clients | leads | users","","Client | Lead | User","","","false","false","not-required","not-required","not-required","not-required","","","",""
"route.leads.action.nhat-ky-hen","app/(app)/leads/page.jsx","150","route.leads","action","Nhật ký & hẹn","LeadsPage","onClick","local-state","classified-local","high","","","","","","","clients | leads | users","","Client | Lead | User","","","false","false","not-required","not-required","not-required","not-required","","","",""
"route.leads.action.chuyen-thanh-khach-hang","app/(app)/leads/page.jsx","151","route.leads","action","Chuyển thành khách hàng","LeadsPage","onClick","data-action","handler-resolved","high","convertToClient","","","","POST /api/data/clients","create:clients","clients | leads | users","Approval | AuditLog | Client | Conversation | Lead | Leave | Message | Notification | Onboarding | Project | Quote | RealmChangeEvent | RealmGoldEntry | Rule | Setting | Task | TaskEvent | Team | Transaction | User | VendorBill | Webhook","Client | Lead | User","registry-rbac","ACCOUNTANT | AM | DIRECTOR | HR | LEAD | PM | STAFF","false","false","async-button-guard","hook-refresh","hook-error-toast","not-required","","import:todayISO","",""
"route.live.action.ca-live-moi","app/(app)/live/page.jsx","101","route.live","action","Ca live mới","LivePage","onClick","local-state","classified-local","high","","","","","","","clients | livesessions | users","","Client | LiveSession | User","","","false","false","not-required","not-required","not-required","not-required","","","",""
"route.live.action.oi-soat","app/(app)/live/page.jsx","123","route.live","action","Đối soát","LivePage","onClick","local-state","classified-local","high","","","","","","","clients | livesessions | users","","Client | LiveSession | User","","","false","false","not-required","not-required","not-required","not-required","","","",""
"route.live.action.ghi-nhan-tien-san-ve-phieu-thu","app/(app)/live/page.jsx","124","route.live","action","Ghi nhận tiền sàn về → phiếu thu","LivePage","onClick","local-state","classified-local","high","","","","","","","clients | livesessions | users","","Client | LiveSession | User","","","false","false","not-required","not-required","not-required","not-required","","","",""
"route.live.action.sua","app/(app)/live/page.jsx","126","route.live","action","Sửa","LivePage","onClick","local-state","classified-local","high","","","","","","","clients | livesessions | users","","Client | LiveSession | User","","","false","false","not-required","not-required","not-required","not-required","","","",""
"route.live.action.xoa","app/(app)/live/page.jsx","127","route.live","action","Xóa","LivePage","onClick","local-state","classified-local","high","","","","","","","clients | livesessions | users","","Client | LiveSession | User","","","false","false","not-required","not-required","not-required","not-required","","","",""
"route.markets.form-control.select","app/(app)/markets/page.jsx","26","route.markets","form-control","","MarketsPage","onChange","form-control","classified-local","high","","","","","","","shipments","","Shipment","","","false","false","not-required","not-required","not-required","not-required","","","",""
"route.markets.form-control.select.2","app/(app)/markets/page.jsx","27","route.markets","form-control","","MarketsPage","onChange","form-control","classified-local","high","","","","","","","shipments","","Shipment","","","false","false","not-required","not-required","not-required","not-required","","","",""
"route.messages.action.huy","app/(app)/messages/page.jsx","31","route.messages","action","Hủy","NewChatModal","onClick","delegated-action","delegated","high","","onClose","route:/messages","","","","","","","","","false","false","not-required","not-required","not-required","not-required","","","",""
"route.messages.action.bat-au","app/(app)/messages/page.jsx","32","route.messages","action","Bắt đầu","NewChatModal","onClick","data-action","delegated-resolved","medium","create | loadList","onClose | onCreated","route:/messages","","GET /api/chat | POST /api/chat","","","ConvMember | Conversation | Message | RealmChangeEvent | User","","authenticated-custom","","false","false","async-button-guard","toast-or-state","handled-candidate","not-required","","","",""
"route.messages.action.nhan-rieng","app/(app)/messages/page.jsx","34","route.messages","action","Nhắn riêng","NewChatModal","onClick","local-state","classified-local","high","","","","","","","","","","","","false","false","not-required","not-required","not-required","not-required","","","",""
"route.messages.action.tao-nhom","app/(app)/messages/page.jsx","35","route.messages","action","Tạo nhóm","NewChatModal","onClick","local-state","classified-local","high","","","","","","","","","","","","false","false","not-required","not-required","not-required","not-required","","","",""
"route.messages.form-control.vd-team-du-an-lumia","app/(app)/messages/page.jsx","38","route.messages","form-control","VD: Team dự án Lumia","NewChatModal","onChange","form-control","classified-local","high","","","","","","","","","","","","false","false","not-required","not-required","not-required","not-required","","","",""
"route.messages.form-control.who","app/(app)/messages/page.jsx","42","route.messages","form-control","who","NewChatModal","onChange","form-control","classified-local","high","toggle","","","","","","","","","","","false","false","not-required","not-required","not-required","not-required","","","",""
"route.messages.action.moi","app/(app)/messages/page.jsx","127","route.messages","action","Mới","MessagesPage","onClick","local-state","classified-local","high","","","","","","","","","","","","false","false","not-required","not-required","not-required","not-required","","","",""
"route.messages.action.button","app/(app)/messages/page.jsx","131","route.messages","action","#","MessagesPage","onClick","local-state","classified-local","high","","","","","","","","","","","","false","false","not-required","not-required","not-required","not-required","","","",""
"route.messages.action.button.2","app/(app)/messages/page.jsx","154","route.messages","action","←","MessagesPage","onClick","local-state","classified-local","high","","","","","","","","","","","","false","false","not-required","not-required","not-required","not-required","","","",""
"route.messages.action.ong","app/(app)/messages/page.jsx","161","route.messages","action","Đóng","MessagesPage","onClick","local-state","classified-local","high","","","","","","","","","","","","false","false","not-required","not-required","not-required","not-required","","","",""
"route.messages.form-submit.ang-gui-gui","app/(app)/messages/page.jsx","183","route.messages","form-submit","Đang gửi… / Gửi","MessagesPage","onSubmit","data-action","handler-resolved","high","loadList | send","","","","GET /api/chat | POST /api/chat/*","","","ConvMember | Conversation | Message | RealmChangeEvent | User","","authenticated-custom","","false","false","disabled-binding","toast-or-state","handled-candidate","not-required","","","event.preventDefault | lastAtRef.current",""
"route.messages.form-control.input","app/(app)/messages/page.jsx","184","route.messages","form-control","","MessagesPage","onChange","form-control","classified-local","high","","","","","","","","","","","","false","false","not-required","not-required","not-required","not-required","","","",""
"route.messages.action.ang-gui-gui","app/(app)/messages/page.jsx","185","route.messages","action","Đang gửi… / Gửi","MessagesPage","form:onSubmit","data-action","handler-resolved","high","loadList | send","","","","GET /api/chat | POST /api/chat/*","","","ConvMember | Conversation | Message | RealmChangeEvent | User","","authenticated-custom","","false","false","disabled-binding","toast-or-state","handled-candidate","not-required","","","event.preventDefault | lastAtRef.current",""
"route.myday.action.anh-dau-hoan-thanh","app/(app)/myday/page.jsx","42","route.myday","action","Đánh dấu hoàn thành","Row","onClick","data-action","handler-resolved","high","markDone","","","","PUT /api/data/tasks/[id]","update:tasks","activities | tasks | timelogs","Approval | AuditLog | Conversation | Lead | Leave | Message | Notification | Onboarding | Project | Quote | RealmChangeEvent | RealmGoldEntry | Rule | Setting | Task | TaskEvent | Team | Transaction | User | VendorBill | Webhook","Activity | Task | TimeLog","registry-rbac","ACCOUNTANT | AM | DIRECTOR | HR | LEAD | PM | STAFF","true","false","async-button-guard","hook-refresh","hook-error-toast","not-required","","","",""
"route.myday.navigation.mo-phe-duyet","app/(app)/myday/page.jsx","72","route.myday","navigation","Mở Phê duyệt →","MyDayPage","","navigation","classified-local","high","","","","","","","activities | tasks | timelogs","","Activity | Task | TimeLog","","","false","false","not-required","not-required","not-required","not-required","","","",""
"route.myday.navigation.ghi-gio","app/(app)/myday/page.jsx","75","route.myday","navigation","Ghi giờ →","MyDayPage","","navigation","classified-local","high","","","","","","","activities | tasks | timelogs","","Activity | Task | TimeLog","","","false","false","not-required","not-required","not-required","not-required","","","",""
"route.myday.navigation.tu","app/(app)/myday/page.jsx","90","route.myday","navigation","📋 / từ","MyDayPage","","navigation","classified-local","high","","","","","","","activities | tasks | timelogs","","Activity | Task | TimeLog","","","false","false","not-required","not-required","not-required","not-required","","","",""
"route.okr.action.cap-nhat","app/(app)/okr/page.jsx","51","route.okr","action","Cập nhật","OkrRow","onClick","local-state","classified-local","high","","","","","","","okrs | users","","Okr | User","","","false","false","not-required","not-required","not-required","not-required","","","",""
"route.okr.action.xoa","app/(app)/okr/page.jsx","52","route.okr","action","Xóa","OkrRow","onClick","local-state","classified-local","high","","","","","","","okrs | users","","Okr | User","","","false","false","not-required","not-required","not-required","not-required","","","",""
"route.okr.form-control.select","app/(app)/okr/page.jsx","60","route.okr","form-control","","OkrPage","onChange","form-control","classified-local","high","","","","","","","okrs | users","","Okr | User","","","false","false","not-required","not-required","not-required","not-required","","","",""
"route.okr.action.them-okr-kpi","app/(app)/okr/page.jsx","64","route.okr","action","Thêm OKR / KPI","OkrPage","onClick","local-state","classified-local","high","","","","","","","okrs | users","","Okr | User","","","false","false","not-required","not-required","not-required","not-required","","","",""
"route.payroll.form-control.select","app/(app)/payroll/page.jsx","81","route.payroll","form-control","","PayrollPage","onChange","form-control","classified-local","high","","","","","","","","","","","","false","false","not-required","not-required","not-required","not-required","","","",""
"route.payroll.action.tinh-lai-tu-cham-cong","app/(app)/payroll/page.jsx","86","route.payroll","action","Tính lại từ chấm công","PayrollPage","onClick","data-action","handler-resolved","high","load | regenerate","","","","GET /api/payroll | PUT /api/payroll","","","Attendance | AuditLog | Payroll | Setting | User","","explicit-rbac","ACCOUNTANT | HR","false","false","async-button-guard","toast-or-state","handled-candidate","not-required","","","",""
"route.payroll.action.chot-ghi-so-quy","app/(app)/payroll/page.jsx","88","route.payroll","action","Chốt & ghi sổ quỹ","PayrollPage","onClick","local-state","classified-local","high","","","","","","","","","","","","false","false","not-required","not-required","not-required","not-required","","","",""
"route.payroll.action.tao-bang-luong-thang","app/(app)/payroll/page.jsx","89","route.payroll","action","Tạo bảng lương tháng","PayrollPage","onClick","data-action","handler-resolved","high","generate | load","","","","GET /api/payroll | POST /api/payroll","","","Attendance | AuditLog | Payroll | Setting | User","","explicit-rbac","ACCOUNTANT | HR","false","false","async-button-guard","toast-or-state","handled-candidate","not-required","","import:thisMonth","",""
"route.payroll.form-control.lay-tu-cham-cong-sua-uoc-neu-cham-cong-sai","app/(app)/payroll/page.jsx","120","route.payroll","form-control","Lấy từ chấm công — sửa được nếu chấm công sai","PayrollPage","","form-control","classified-local","high","","","","","","","","","","","","false","false","not-required","not-required","not-required","not-required","","","",""
"route.payroll.form-control.input","app/(app)/payroll/page.jsx","127","route.payroll","form-control","","PayrollPage","","form-control","classified-local","high","","","","","","","","","","","","false","false","not-required","not-required","not-required","not-required","","","",""
"route.payroll.form-control.input.2","app/(app)/payroll/page.jsx","132","route.payroll","form-control","","PayrollPage","","form-control","classified-local","high","","","","","","","","","","","","false","false","not-required","not-required","not-required","not-required","","","",""
"route.portfolio.navigation.danh-sach-du-an","app/(app)/portfolio/page.jsx","47","route.portfolio","navigation","Danh sách dự án","PortfolioPage","","navigation","classified-local","high","","","","","","","clients | projects | tasks | users","","Client | Project | Task | User","","","false","false","not-required","not-required","not-required","not-required","","","",""
"route.portfolio.navigation.nguon-luc","app/(app)/portfolio/page.jsx","48","route.portfolio","navigation","Nguồn lực","PortfolioPage","","navigation","classified-local","high","","","","","","","clients | projects | tasks | users","","Client | Project | Task | User","","","false","false","not-required","not-required","not-required","not-required","","","",""
"route.portfolio.navigation.projects-p-id","app/(app)/portfolio/page.jsx","81","route.portfolio","navigation","`/projects/${p.id}`","PortfolioPage","","navigation","classified-local","high","","","","","","","clients | projects | tasks | users","","Client | Project | Task | User","","","false","false","not-required","not-required","not-required","not-required","","","",""
"route.projects-id.form-control.chua-xep","app/(app)/projects/[id]/page.jsx","70","route.projects-id","form-control","— Chưa xếp —","TaskRow","onChange","form-control","handler-resolved","high","moveTask","","","","PUT /api/data/tasks/[id]","update:tasks","clients | milestones | phases | projects | tasks | users","Approval | AuditLog | Conversation | Lead | Leave | Message | Notification | Onboarding | Project | Quote | RealmChangeEvent | RealmGoldEntry | Rule | Setting | Task | TaskEvent | Team | Transaction | User | VendorBill | Webhook","Client | Milestone | Phase | Project | Task | User","registry-rbac","ACCOUNTANT | AM | DIRECTOR | HR | LEAD | PM | STAFF","true","false","not-required","not-required","not-required","not-required","","","",""
"route.projects-id.navigation.du-an","app/(app)/projects/[id]/page.jsx","83","route.projects-id","navigation","← Dự án","ProjectDetailPage","","navigation","classified-local","high","","","","","","","clients | milestones | phases | projects | tasks | users","","Client | Milestone | Phase | Project | Task | User","","","false","false","not-required","not-required","not-required","not-required","","","",""
"route.projects-id.navigation.mo-bang-cong-viec","app/(app)/projects/[id]/page.jsx","89","route.projects-id","navigation","Mở bảng công việc →","ProjectDetailPage","","navigation","classified-local","high","","","","","","","clients | milestones | phases | projects | tasks | users","","Client | Milestone | Phase | Project | Task | User","","","false","false","not-required","not-required","not-required","not-required","","","",""
"route.projects-id.action.them-giai-oan","app/(app)/projects/[id]/page.jsx","118","route.projects-id","action","Thêm giai đoạn","ProjectDetailPage","onClick","local-state","classified-local","high","","","","","","","clients | milestones | phases | projects | tasks | users","","Client | Milestone | Phase | Project | Task | User","","","false","false","not-required","not-required","not-required","not-required","","","",""
"route.projects-id.action.xoa-giai-oan-viec-chuyen-ve-chua-xep","app/(app)/projects/[id]/page.jsx","130","route.projects-id","action","Xóa giai đoạn (việc chuyển về Chưa xếp)","ProjectDetailPage","onClick","local-state","classified-local","high","","","","","","","clients | milestones | phases | projects | tasks | users","","Client | Milestone | Phase | Project | Task | User","","","false","false","not-required","not-required","not-required","not-required","","","",""
"route.projects.form-control.tim-du-an","app/(app)/projects/page.jsx","63","route.projects","form-control","Tìm dự án…","ProjectsPage","onChange","form-control","classified-local","high","","","","","","","clients | projects | projecttemplates","","Client | Project | ProjectTemplate","","","false","false","not-required","not-required","not-required","not-required","","","",""
"route.projects.form-control.tat-ca-trang-thai","app/(app)/projects/page.jsx","64","route.projects","form-control","Tất cả trạng thái","ProjectsPage","onChange","form-control","classified-local","high","","","","","","","clients | projects | projecttemplates","","Client | Project | ProjectTemplate","","","false","false","not-required","not-required","not-required","not-required","","","",""
"route.projects.navigation.so-chi-huy","app/(app)/projects/page.jsx","69","route.projects","navigation","Sở chỉ huy","ProjectsPage","","navigation","classified-local","high","","","","","","","clients | projects | projecttemplates","","Client | Project | ProjectTemplate","","","false","false","not-required","not-required","not-required","not-required","","","",""
"route.projects.action.them-du-an","app/(app)/projects/page.jsx","70","route.projects","action","Thêm dự án","ProjectsPage","onClick","local-state","classified-local","high","","","","","","","clients | projects | projecttemplates","","Client | Project | ProjectTemplate","","","false","false","not-required","not-required","not-required","not-required","","","",""
"route.projects.navigation.projects-p-id","app/(app)/projects/page.jsx","87","route.projects","navigation","`/projects/${p.id}`","ProjectsPage","","navigation","classified-local","high","","","","","","","clients | projects | projecttemplates","","Client | Project | ProjectTemplate","","","false","false","not-required","not-required","not-required","not-required","","","",""
"route.projects.action.button","app/(app)/projects/page.jsx","102","route.projects","action","📎","ProjectsPage","onClick","local-state","classified-local","high","","","","","","","clients | projects | projecttemplates","","Client | Project | ProjectTemplate","","","false","false","not-required","not-required","not-required","not-required","","","",""
"route.projects.action.sua","app/(app)/projects/page.jsx","103","route.projects","action","Sửa","ProjectsPage","onClick","local-state","classified-local","high","","","","","","","clients | projects | projecttemplates","","Client | Project | ProjectTemplate","","","false","false","not-required","not-required","not-required","not-required","","","",""
"route.projects.action.xoa","app/(app)/projects/page.jsx","104","route.projects","action","Xóa","ProjectsPage","onClick","local-state","classified-local","high","","","","","","","clients | projects | projecttemplates","","Client | Project | ProjectTemplate","","","false","false","not-required","not-required","not-required","not-required","","","",""
"route.projects.form-control.khong-dung-mau","app/(app)/projects/page.jsx","120","route.projects","form-control","— Không dùng mẫu —","ProjectsPage","onChange","form-control","classified-local","high","","","","","","","clients | projects | projecttemplates","","Client | Project | ProjectTemplate","","","false","false","not-required","not-required","not-required","not-required","","","",""
"route.quotes.form-control.tat-ca-trang-thai-nhap-a-gui-chap-nhan-tu-choi","app/(app)/quotes/page.jsx","57","route.quotes","form-control","Tất cả trạng thái / Nháp / Đã gửi / Chấp nhận / Từ chối","QuotesPage","onChange","form-control","classified-local","high","","","","","","","clients | invoices | projects | quotes | services","","Client | Invoice | Project | Quote | Service","","","false","false","not-required","not-required","not-required","not-required","","","",""
"route.quotes.action.tao-bao-gia","app/(app)/quotes/page.jsx","63","route.quotes","action","Tạo báo giá","QuotesPage","onClick","local-state","classified-local","high","","","","","","","clients | invoices | projects | quotes | services","","Client | Invoice | Project | Quote | Service","","","false","false","not-required","not-required","not-required","not-required","","","",""
"route.quotes.action.chuyen-thanh-hoa-on","app/(app)/quotes/page.jsx","80","route.quotes","action","Chuyển thành hóa đơn","QuotesPage","onClick","local-state","classified-local","high","","","","","","","clients | invoices | projects | quotes | services","","Client | Invoice | Project | Quote | Service","","","false","false","not-required","not-required","not-required","not-required","","","",""
"route.quotes.action.tao-du-an-tu-bao-gia","app/(app)/quotes/page.jsx","82","route.quotes","action","Tạo dự án từ báo giá","QuotesPage","onClick","local-state","classified-local","high","","","","","","","clients | invoices | projects | quotes | services","","Client | Invoice | Project | Quote | Service","","","false","false","not-required","not-required","not-required","not-required","","","",""
"route.quotes.action.gui-email-cho-khach","app/(app)/quotes/page.jsx","84","route.quotes","action","Gửi email cho khách","QuotesPage","onClick","local-state","classified-local","high","","","","","","","clients | invoices | projects | quotes | services","","Client | Invoice | Project | Quote | Service","","","false","false","not-required","not-required","not-required","not-required","","","",""
"route.quotes.action.in-xuat-pdf","app/(app)/quotes/page.jsx","86","route.quotes","action","In / xuất PDF","QuotesPage","onClick","helper-action","classified-local","high","client","","","","","","clients | invoices | projects | quotes | services","","Client | Invoice | Project | Quote | Service","","","false","false","not-required","not-required","not-required","not-required","","import:printDoc","",""
"route.quotes.action.sua","app/(app)/quotes/page.jsx","87","route.quotes","action","Sửa","QuotesPage","onClick","local-state","classified-local","high","","","","","","","clients | invoices | projects | quotes | services","","Client | Invoice | Project | Quote | Service","","","false","false","not-required","not-required","not-required","not-required","","","",""
"route.quotes.action.xoa","app/(app)/quotes/page.jsx","88","route.quotes","action","Xóa","QuotesPage","onClick","local-state","classified-local","high","","","","","","","clients | invoices | projects | quotes | services","","Client | Invoice | Project | Quote | Service","","","false","false","not-required","not-required","not-required","not-required","","","",""
"route.recruitment.action.them-ung-vien","app/(app)/recruitment/page.jsx","49","route.recruitment","action","Thêm ứng viên","RecruitmentPage","onClick","local-state","classified-local","high","","","","","","","candidates | onboardings","","Candidate | Onboarding","","","false","false","not-required","not-required","not-required","not-required","","","",""
"route.recruitment.action.setmodal-mode-edit-row-c","app/(app)/recruitment/page.jsx","60","route.recruitment","action","","RecruitmentPage","onClick","local-state","classified-local","high","","","","","","","candidates | onboardings","","Candidate | Onboarding","","","false","false","not-required","not-required","not-required","not-required","","","",""
"route.recruitment.action.xoa","app/(app)/recruitment/page.jsx","95","route.recruitment","action","Xóa","RecruitmentPage","onClick","local-state","classified-local","high","","","","","","","candidates | onboardings","","Candidate | Onboarding","","","false","false","not-required","not-required","not-required","not-required","","","",""
"route.recruitment.form-control.input","app/(app)/recruitment/page.jsx","100","route.recruitment","form-control","","RecruitmentPage","onChange","form-control","handler-resolved","high","toggle","","","","PUT /api/data/onboardings/[id]","update:onboardings","candidates | onboardings","Approval | AuditLog | Conversation | Lead | Leave | Message | Notification | Onboarding | Project | Quote | RealmChangeEvent | RealmGoldEntry | Rule | Setting | Task | TaskEvent | Team | Transaction | User | VendorBill | Webhook","Candidate | Onboarding","registry-rbac","ACCOUNTANT | AM | DIRECTOR | HR | LEAD | PM | STAFF","false","false","not-required","not-required","not-required","not-required","","","",""
"route.recruitment.action.xoa.2","app/(app)/recruitment/page.jsx","117","route.recruitment","action","Xóa","RecruitmentPage","onClick","local-state","classified-local","high","","","","","","","candidates | onboardings","","Candidate | Onboarding","","","false","false","not-required","not-required","not-required","not-required","","","",""
"route.reports.action.in-bao-cao-thang","app/(app)/reports/page.jsx","113","route.reports","action","In báo cáo tháng","ReportsPage","onClick","data-action","handler-resolved","high","clientName | esc | printMonthly | sum","","","","GET /api/insights | GET /api/settings","","clients | invoices | leads | projects | timelogs | transactions | users","Setting","Client | Invoice | Lead | Project | TimeLog | Transaction | User","explicit-rbac","","false","false","not-required","not-required","handled-candidate","not-required","document.body.appendChild | document.createElement | document.getElementById | window.print","import:docGrand | import:money | import:monthKey | import:paidOf | import:thisMonth","area | area.id | area.innerHTML | mCat[t.category || 'Khác']",""
"route.resources.action.giao-viec","app/(app)/resources/page.jsx","116","route.resources","action","+ Giao việc","ResourcesPage","onClick","local-state","classified-local","high","","","","","","","leaves | projects | tasks | timelogs | users","","Leave | Project | Task | TimeLog | User","","","false","false","not-required","not-required","not-required","not-required","","","",""
"route.resources.action.gan-viec","app/(app)/resources/page.jsx","150","route.resources","action","+ Gán việc","ResourcesPage","onClick","local-state","classified-local","high","","","","","","","leaves | projects | tasks | timelogs | users","","Leave | Project | Task | TimeLog | User","","","false","false","not-required","not-required","not-required","not-required","","","",""
"route.resources.action.ong","app/(app)/resources/page.jsx","166","route.resources","action","Đóng","ResourcesPage","onClick","local-state","classified-local","high","","","","","","","leaves | projects | tasks | timelogs | users","","Leave | Project | Task | TimeLog | User","","","false","false","not-required","not-required","not-required","not-required","","","",""
"route.resources.action.gan","app/(app)/resources/page.jsx","174","route.resources","action","Gán","ResourcesPage","onClick","data-action","handler-resolved","high","","","","","PUT /api/data/tasks/[id]","update:tasks","leaves | projects | tasks | timelogs | users","Approval | AuditLog | Conversation | Lead | Leave | Message | Notification | Onboarding | Project | Quote | RealmChangeEvent | RealmGoldEntry | Rule | Setting | Task | TaskEvent | Team | Transaction | User | VendorBill | Webhook","Leave | Project | Task | TimeLog | User","registry-rbac","ACCOUNTANT | AM | DIRECTOR | HR | LEAD | PM | STAFF","true","false","async-button-guard","hook-refresh","hook-error-toast","not-required","","","",""
"route.reviews.action.button","app/(app)/reviews/page.jsx","20","route.reviews","action","⭐","Stars","onClick","delegated-action","delegated","high","setS","onChange","route:/reviews","","","","reviews | users","","Review | User","","","false","false","not-required","not-required","not-required","not-required","","","",""
"route.reviews.action.ong","app/(app)/reviews/page.jsx","38","route.reviews","action","Đóng","ReviewModal","onClick","delegated-action","delegated","high","","onClose","route:/reviews","","","","reviews | users","","Review | User","","","false","false","not-required","not-required","not-required","not-required","","","",""
"route.reviews.action.gui-tu-anh-gia","app/(app)/reviews/page.jsx","39","route.reviews","action","Gửi tự đánh giá","ReviewModal","onClick","data-action","delegated-resolved","medium","","onClose | onSave","route:/reviews","","PUT /api/data/reviews/[id]","update:reviews","reviews | users","Approval | AuditLog | Conversation | Lead | Leave | Message | Notification | Onboarding | Project | Quote | RealmChangeEvent | RealmGoldEntry | Review | Rule | Setting | Task | TaskEvent | Team | Transaction | User | VendorBill | Webhook","Review | User","registry-rbac","ACCOUNTANT | AM | DIRECTOR | HR | LEAD | PM | STAFF","true","false","async-button-guard","hook-refresh","hook-error-toast","not-required","","","",""
"route.reviews.action.chot-anh-gia","app/(app)/reviews/page.jsx","43","route.reviews","action","Chốt đánh giá","ReviewModal","onClick","data-action","delegated-resolved","medium","","onClose | onSave","route:/reviews","","PUT /api/data/reviews/[id]","update:reviews","reviews | users","Approval | AuditLog | Conversation | Lead | Leave | Message | Notification | Onboarding | Project | Quote | RealmChangeEvent | RealmGoldEntry | Review | Rule | Setting | Task | TaskEvent | Team | Transaction | User | VendorBill | Webhook","Review | User","registry-rbac","ACCOUNTANT | AM | DIRECTOR | HR | LEAD | PM | STAFF","true","false","async-button-guard","hook-refresh","hook-error-toast","not-required","","","",""
"route.reviews.form-control.iem-manh-ieu-muon-cai-thien-e-xuat","app/(app)/reviews/page.jsx","67","route.reviews","form-control","Điểm mạnh, điều muốn cải thiện, đề xuất…","ReviewModal","onChange","form-control","classified-local","high","","","","","","","reviews | users","","Review | User","","","false","false","not-required","not-required","not-required","not-required","","","",""
"route.reviews.form-control.ghi-nhan-gop-y-phat-trien-muc-tieu-quy-sau","app/(app)/reviews/page.jsx","71","route.reviews","form-control","Ghi nhận, góp ý phát triển, mục tiêu quý sau…","ReviewModal","onChange","form-control","classified-local","high","","","","","","","reviews | users","","Review | User","","","false","false","not-required","not-required","not-required","not-required","","","",""
"route.reviews.action.mo-ot-anh-gia-q","app/(app)/reviews/page.jsx","107","route.reviews","action","Mở đợt đánh giá / {q}","ReviewsPage","onClick","data-action","handler-resolved","high","openRound","","","","POST /api/data/reviews","create:reviews","reviews | users","Approval | AuditLog | Conversation | Lead | Leave | Message | Notification | Onboarding | Project | Quote | RealmChangeEvent | RealmGoldEntry | Review | Rule | Setting | Task | TaskEvent | Team | Transaction | User | VendorBill | Webhook","Review | User","registry-rbac","ACCOUNTANT | AM | DIRECTOR | HR | LEAD | PM | STAFF","false","false","async-button-guard","hook-refresh","hook-error-toast","not-required","","","",""
"route.reviews.action.tu-anh-gia-ngay-xem-phieu","app/(app)/reviews/page.jsx","117","route.reviews","action","✍ Tự đánh giá ngay / Xem phiếu","ReviewsPage","onClick","local-state","classified-local","high","","","","","","","reviews | users","","Review | User","","","false","false","not-required","not-required","not-required","not-required","","","",""
"route.reviews.action.mo-phieu","app/(app)/reviews/page.jsx","139","route.reviews","action","Mở phiếu","ReviewsPage","onClick","local-state","classified-local","high","","","","","","","reviews | users","","Review | User","","","false","false","not-required","not-required","not-required","not-required","","","",""
"route.reviews.action.setmodal-del-r","app/(app)/reviews/page.jsx","140","route.reviews","action","","ReviewsPage","onClick","local-state","classified-local","high","","","","","","","reviews | users","","Review | User","","","false","false","not-required","not-required","not-required","not-required","","","",""
"route.services.action.them-dich-vu","app/(app)/services/page.jsx","27","route.services","action","Thêm dịch vụ","ServicesPage","onClick","local-state","classified-local","high","","","","","","","services","","Service","","","false","false","not-required","not-required","not-required","not-required","","","",""
"route.services.action.sua","app/(app)/services/page.jsx","40","route.services","action","Sửa","ServicesPage","onClick","local-state","classified-local","high","","","","","","","services","","Service","","","false","false","not-required","not-required","not-required","not-required","","","",""
"route.services.action.xoa","app/(app)/services/page.jsx","41","route.services","action","Xóa","ServicesPage","onClick","local-state","classified-local","high","","","","","","","services","","Service","","","false","false","not-required","not-required","not-required","not-required","","","",""
"route.settings.action.khoa-mo","app/(app)/settings/page.jsx","67","route.settings","action","Khóa / Mở","ApiSection","onClick","data-action","handler-resolved","high","loadKeys | toggleKey","","","","GET /api/apikeys | PUT /api/apikeys","","webhooks","ApiKey | AuditLog","Webhook","explicit-rbac","","false","false","async-button-guard","toast-or-state","handled-candidate","not-required","","","",""
"route.settings.action.delkey-k","app/(app)/settings/page.jsx","68","route.settings","action","","ApiSection","onClick","data-action","handler-resolved","high","delKey | loadKeys","","","","DELETE /api/apikeys | GET /api/apikeys","","webhooks","ApiKey | AuditLog","Webhook","explicit-rbac","","false","false","async-button-guard","toast-or-state","handled-candidate","confirmed","","","",""
"route.settings.form-control.ten-key-vd-n8n-zapier","app/(app)/settings/page.jsx","72","route.settings","form-control","Tên key (VD: n8n, Zapier…)","ApiSection","onChange","form-control","classified-local","high","","","","","","","webhooks","","Webhook","","","false","false","not-required","not-required","not-required","not-required","","","",""
"route.settings.form-control.ctrl-click-chon-nhieu-vai-tro","app/(app)/settings/page.jsx","73","route.settings","form-control","Ctrl+click chọn nhiều vai trò","ApiSection","onChange","form-control","classified-local","high","","","","","","","webhooks","","Webhook","","","false","false","not-required","not-required","not-required","not-required","","","",""
"route.settings.action.tao-key","app/(app)/settings/page.jsx","76","route.settings","action","Tạo key","ApiSection","onClick","data-action","handler-resolved","high","createKey | loadKeys","","","","GET /api/apikeys | POST /api/apikeys","","webhooks","ApiKey | AuditLog","Webhook","explicit-rbac","PM","false","false","async-button-guard","toast-or-state","handled-candidate","not-required","","","",""
"route.settings.action.tat-bat","app/(app)/settings/page.jsx","87","route.settings","action","Tắt / Bật","ApiSection","onClick","data-action","handler-resolved","high","","","","","PUT /api/data/webhooks/[id]","update:webhooks","webhooks","Approval | AuditLog | Conversation | Lead | Leave | Message | Notification | Onboarding | Project | Quote | RealmChangeEvent | RealmGoldEntry | Rule | Setting | Task | TaskEvent | Team | Transaction | User | VendorBill | Webhook","Webhook","registry-rbac","ACCOUNTANT | AM | DIRECTOR | HR | LEAD | PM | STAFF","false","false","async-button-guard","hook-refresh","hook-error-toast","not-required","","","",""
"route.settings.action.setdeletewebhook-h","app/(app)/settings/page.jsx","88","route.settings","action","","ApiSection","onClick","local-state","classified-local","high","","","","","","","webhooks","","Webhook","","","false","false","not-required","not-required","not-required","not-required","","","",""
"route.settings.form-control.https-url-nhan-webhook","app/(app)/settings/page.jsx","92","route.settings","form-control","https://… (URL nhận webhook)","ApiSection","onChange","form-control","classified-local","high","","","","","","","webhooks","","Webhook","","","false","false","not-required","not-required","not-required","not-required","","","",""
"route.settings.form-control.su-kien-mac-inh","app/(app)/settings/page.jsx","94","route.settings","form-control","Sự kiện (mặc định *)","ApiSection","onChange","form-control","classified-local","high","","","","","","","webhooks","","Webhook","","","false","false","not-required","not-required","not-required","not-required","","","",""
"route.settings.form-control.secret-tuy-chon","app/(app)/settings/page.jsx","95","route.settings","form-control","Secret (tùy chọn)","ApiSection","onChange","form-control","classified-local","high","","","","","","","webhooks","","Webhook","","","false","false","not-required","not-required","not-required","not-required","","","",""
"route.settings.action.them","app/(app)/settings/page.jsx","96","route.settings","action","Thêm","ApiSection","onClick","data-action","handler-resolved","high","addWebhook","","","","POST /api/data/webhooks","create:webhooks","webhooks","Approval | AuditLog | Conversation | Lead | Leave | Message | Notification | Onboarding | Project | Quote | RealmChangeEvent | RealmGoldEntry | Rule | Setting | Task | TaskEvent | Team | Transaction | User | VendorBill | Webhook","Webhook","registry-rbac","ACCOUNTANT | AM | DIRECTOR | HR | LEAD | PM | STAFF","false","false","async-button-guard","hook-refresh","hook-error-toast","not-required","","","",""
"route.settings.action.copy-ong","app/(app)/settings/page.jsx","103","route.settings","action","Copy & đóng","ApiSection","onClick","browser-action","classified-local","high","","","","","","","webhooks","","Webhook","","","false","false","not-required","not-required","not-required","not-required","navigator.clipboard.writeText","","",""
"route.settings.form-control.input","app/(app)/settings/page.jsx","146","route.settings","form-control","","F","onChange","form-control","classified-local","high","","","","","","","webhooks","","Webhook","","","false","false","not-required","not-required","not-required","not-required","","","",""
"route.settings.form-control.input.2","app/(app)/settings/page.jsx","178","route.settings","form-control","","SettingsPage","onChange","form-control","classified-local","high","","","","","","","webhooks","","Webhook","","","false","false","not-required","not-required","not-required","not-required","","","",""
"route.settings.form-control.input.3","app/(app)/settings/page.jsx","187","route.settings","form-control","","SettingsPage","onChange","form-control","classified-local","high","","","","","","","webhooks","","Webhook","","","false","false","not-required","not-required","not-required","not-required","","","",""
"route.settings.action.mau","app/(app)/settings/page.jsx","203","route.settings","action","Mẫu:","SettingsPage","onClick","local-state","classified-local","high","","","","","","","webhooks","","Webhook","","","false","false","not-required","not-required","not-required","not-required","","","",""
"route.settings.action.bat-tat-ca","app/(app)/settings/page.jsx","206","route.settings","action","Bật tất cả","SettingsPage","onClick","local-state","classified-local","high","","","","","","","webhooks","","Webhook","","","false","false","not-required","not-required","not-required","not-required","","","",""
"route.settings.form-control.input.4","app/(app)/settings/page.jsx","216","route.settings","form-control","","SettingsPage","onChange","form-control","classified-local","high","","","","","","","webhooks","","Webhook","","","false","false","not-required","not-required","not-required","not-required","","","",""
"route.settings.form-control.input.5","app/(app)/settings/page.jsx","240","route.settings","form-control","••••••••","SettingsPage","onChange","form-control","classified-local","high","","","","","","","webhooks","","Webhook","","","false","false","not-required","not-required","not-required","not-required","","","",""
"route.settings.action.luu-gui-email-thu-toi-chinh-hop-thu-nay","app/(app)/settings/page.jsx","244","route.settings","action","Lưu & gửi email thử tới chính hộp thư này","SettingsPage","onClick","data-action","handler-resolved","high","","","","","POST /api/email/send | PUT /api/settings","","webhooks","AuditLog | Invoice | Quote | Setting","Webhook","explicit-rbac","ACCOUNTANT | AM","false","false","async-button-guard","toast-or-state","handled-candidate","not-required","","","",""
"route.settings.form-control.sk-ant-tao-tai-console-anthropic-com","app/(app)/settings/page.jsx","254","route.settings","form-control","sk-ant-… (tạo tại console.anthropic.com)","SettingsPage","onChange","form-control","classified-local","high","","","","","","","webhooks","","Webhook","","","false","false","not-required","not-required","not-required","not-required","","","",""
"route.settings.action.luu-cai-at","app/(app)/settings/page.jsx","258","route.settings","action","Lưu cài đặt","SettingsPage","onClick","data-action","handler-resolved","high","save","","","","PUT /api/settings","","webhooks","AuditLog | Setting","Webhook","explicit-rbac","","false","false","async-button-guard","toast-or-state","handled-candidate","not-required","","","",""
"route.settings.action.ang-import-chon-file-json-v1","app/(app)/settings/page.jsx","271","route.settings","action","Đang import… / Chọn file JSON v1","SettingsPage","onClick","browser-action","classified-local","high","","","","","","","webhooks","","Webhook","","","false","false","not-required","not-required","not-required","not-required","ref.click","","",""
"route.settings.form-control.input.6","app/(app)/settings/page.jsx","274","route.settings","form-control","","SettingsPage","onChange","form-control","handler-resolved","high","importV1","","","","POST /api/import","","webhooks","AuditLog | Client | Invoice | Lead | Leave | Project | Quote | Service | Setting | Task | TimeLog | Transaction | User","Webhook","explicit-rbac","STAFF","false","false","not-required","not-required","not-required","not-required","","","",""
"route.shipments.action.lo-hang-moi","app/(app)/shipments/page.jsx","140","route.shipments","action","Lô hàng mới","ShipmentsPage","onClick","local-state","classified-local","high","","","","","","","areacodes | clients | growingareas | shipmentdocs | shipments | stocklots | stockmoves","","AreaCode | Client | GrowingArea | Shipment | ShipmentDoc | StockLot | StockMove","","","false","false","not-required","not-required","not-required","not-required","","","",""
"route.shipments.action.done","app/(app)/shipments/page.jsx","152","route.shipments","action","{done} / /","ShipmentsPage","onClick","local-state","classified-local","high","","","","","","","areacodes | clients | growingareas | shipmentdocs | shipments | stocklots | stockmoves","","AreaCode | Client | GrowingArea | Shipment | ShipmentDoc | StockLot | StockMove","","","false","false","not-required","not-required","not-required","not-required","","","",""
"route.shipments.action.e-e-stoppropagation","app/(app)/shipments/page.jsx","161","route.shipments","action","","ShipmentsPage","onClick","local-state","classified-local","high","","","","","","","areacodes | clients | growingareas | shipmentdocs | shipments | stocklots | stockmoves","","AreaCode | Client | GrowingArea | Shipment | ShipmentDoc | StockLot | StockMove","","","false","false","not-required","not-required","not-required","not-required","","","event.stopPropagation",""
"route.shipments.action.ghi-nhan-thanh-toan-phieu-thu","app/(app)/shipments/page.jsx","162","route.shipments","action","Ghi nhận thanh toán → phiếu thu","ShipmentsPage","onClick","local-state","classified-local","high","","","","","","","areacodes | clients | growingareas | shipmentdocs | shipments | stocklots | stockmoves","","AreaCode | Client | GrowingArea | Shipment | ShipmentDoc | StockLot | StockMove","","","false","false","not-required","not-required","not-required","not-required","","","",""
"route.shipments.action.sua","app/(app)/shipments/page.jsx","164","route.shipments","action","Sửa","ShipmentsPage","onClick","local-state","classified-local","high","","","","","","","areacodes | clients | growingareas | shipmentdocs | shipments | stocklots | stockmoves","","AreaCode | Client | GrowingArea | Shipment | ShipmentDoc | StockLot | StockMove","","","false","false","not-required","not-required","not-required","not-required","","","",""
"route.shipments.action.xoa","app/(app)/shipments/page.jsx","165","route.shipments","action","Xóa","ShipmentsPage","onClick","local-state","classified-local","high","","","","","","","areacodes | clients | growingareas | shipmentdocs | shipments | stocklots | stockmoves","","AreaCode | Client | GrowingArea | Shipment | ShipmentDoc | StockLot | StockMove","","","false","false","not-required","not-required","not-required","not-required","","","",""
"route.shipments.action.lo-i-gia-tri-thanh-toan-kg-vung-trong-co-so-ong-goi-container-se","app/(app)/shipments/page.jsx","206","route.shipments","action","Lô / — / đi / Giá trị · / Thanh toán / kg / Vùng trồng: / Cơ sở đóng gói: / Container/Seal: / B/L: / ETD → ETA: / → / Bộ chứng từ ( / / / ) / Đóng","ShipmentDetail","onClick","delegated-action","delegated","high","","onClose","route:/shipments","","","","areacodes | clients | growingareas | shipmentdocs | shipments | stocklots | stockmoves","","AreaCode | Client | GrowingArea | Shipment | ShipmentDoc | StockLot | StockMove","","","false","false","not-required","not-required","not-required","not-required","","","",""
"route.shipments.action.lo-i-gia-tri-thanh-toan-kg-vung-trong-co-so-ong-goi-container-se.2","app/(app)/shipments/page.jsx","207","route.shipments","action","Lô / — / đi / Giá trị · / Thanh toán / kg / Vùng trồng: / Cơ sở đóng gói: / Container/Seal: / B/L: / ETD → ETA: / → / Bộ chứng từ ( / / / ) / Đóng","ShipmentDetail","onClick","local-state","classified-local","high","","","","","","","areacodes | clients | growingareas | shipmentdocs | shipments | stocklots | stockmoves","","AreaCode | Client | GrowingArea | Shipment | ShipmentDoc | StockLot | StockMove","","","false","false","not-required","not-required","not-required","not-required","","","event.stopPropagation",""
"route.shipments.action.ong","app/(app)/shipments/page.jsx","209","route.shipments","action","Đóng","ShipmentDetail","onClick","delegated-action","delegated","high","","onClose","route:/shipments","","","","areacodes | clients | growingareas | shipmentdocs | shipments | stocklots | stockmoves","","AreaCode | Client | GrowingArea | Shipment | ShipmentDoc | StockLot | StockMove","","","false","false","not-required","not-required","not-required","not-required","","","",""
"route.shipments.form-control.input","app/(app)/shipments/page.jsx","253","route.shipments","form-control","","ShipmentDetail","onChange","form-control","delegated-resolved","medium","toggleDoc","onToggle","route:/shipments","","PUT /api/data/shipmentdocs/[id]","update:shipmentdocs","areacodes | clients | growingareas | shipmentdocs | shipments | stocklots | stockmoves","Approval | AuditLog | Conversation | Lead | Leave | Message | Notification | Onboarding | Project | Quote | RealmChangeEvent | RealmGoldEntry | Rule | Setting | ShipmentDoc | Task | TaskEvent | Team | Transaction | User | VendorBill | Webhook","AreaCode | Client | GrowingArea | Shipment | ShipmentDoc | StockLot | StockMove","registry-rbac","ACCOUNTANT | AM | DIRECTOR | HR | LEAD | PM | STAFF","false","false","not-required","not-required","not-required","not-required","","","",""
"route.shipments.action.ong.2","app/(app)/shipments/page.jsx","260","route.shipments","action","Đóng","ShipmentDetail","onClick","delegated-action","delegated","high","","onClose","route:/shipments","","","","areacodes | clients | growingareas | shipmentdocs | shipments | stocklots | stockmoves","","AreaCode | Client | GrowingArea | Shipment | ShipmentDoc | StockLot | StockMove","","","false","false","not-required","not-required","not-required","not-required","","","",""
"route.staff-id.navigation.ho-so-nhom","app/(app)/staff/[id]/page.jsx","55","route.staff-id","navigation","← Hồ sơ & nhóm","StaffDetailPage","","navigation","classified-local","high","","","","","","","assets | attendance | leaves | okr | reviews | tasks | teams | timelogs | users","","Asset | Attendance | Leave | Review | Task | Team | TimeLog | User","","","false","false","not-required","not-required","not-required","not-required","","","",""
"route.staff.action.huy","app/(app)/staff/page.jsx","21","route.staff","action","Hủy","UserModal","onClick","delegated-action","delegated","high","","onClose","route:/staff","","","","leaves | teams | users","","Leave | Team | User","","","false","false","not-required","not-required","not-required","not-required","","","",""
"route.staff.action.luu","app/(app)/staff/page.jsx","22","route.staff","action","Lưu","UserModal","onClick","data-action","delegated-resolved","medium","callUsers | saveUser","onSave","route:/staff","","DYNAMIC /api/users | GET /api/data/users","read:users","leaves | teams | users","AuditLog | Setting | User","Leave | Team | User","explicit-rbac | registry-rbac","ACCOUNTANT | AM | DIRECTOR | FREELANCER | HR | LEAD | PM | STAFF","false","false","async-button-guard","hook-refresh","hook-error-toast","not-required","","","body.password | body.reset2fa | r",""
"route.staff.form-control.input","app/(app)/staff/page.jsx","24","route.staff","form-control","","UserModal","onChange","form-control","classified-local","high","set","","","","","","leaves | teams | users","","Leave | Team | User","","","false","false","not-required","not-required","not-required","not-required","","","",""
"route.staff.form-control.input.2","app/(app)/staff/page.jsx","25","route.staff","form-control","","UserModal","onChange","form-control","classified-local","high","set","","","","","","leaves | teams | users","","Leave | Team | User","","","false","false","not-required","not-required","not-required","not-required","","","",""
"route.staff.form-control.toi-thieu-6-ky-tu","app/(app)/staff/page.jsx","26","route.staff","form-control","Tối thiểu 6 ký tự","UserModal","onChange","form-control","classified-local","high","set","","","","","","leaves | teams | users","","Leave | Team | User","","","false","false","not-required","not-required","not-required","not-required","","","",""
"route.staff.form-control.input.3","app/(app)/staff/page.jsx","27","route.staff","form-control","","UserModal","onChange","form-control","classified-local","high","set","","","","","","leaves | teams | users","","Leave | Team | User","","","false","false","not-required","not-required","not-required","not-required","","","",""
"route.staff.form-control.input.4","app/(app)/staff/page.jsx","28","route.staff","form-control","","UserModal","onChange","form-control","classified-local","high","set","","","","","","leaves | teams | users","","Leave | Team | User","","","false","false","not-required","not-required","not-required","not-required","","","",""
"route.staff.form-control.input.5","app/(app)/staff/page.jsx","29","route.staff","form-control","","UserModal","onChange","form-control","classified-local","high","set","","","","","","leaves | teams | users","","Leave | Team | User","","","false","false","not-required","not-required","not-required","not-required","","","",""
"route.staff.form-control.input.6","app/(app)/staff/page.jsx","30","route.staff","form-control","","UserModal","onChange","form-control","classified-local","high","set","","","","","","leaves | teams | users","","Leave | Team | User","","","false","false","not-required","not-required","not-required","not-required","","","",""
"route.staff.form-control.khong-thuoc-nhom","app/(app)/staff/page.jsx","32","route.staff","form-control","— Không thuộc nhóm —","UserModal","onChange","form-control","classified-local","high","set","","","","","","leaves | teams | users","","Leave | Team | User","","","false","false","not-required","not-required","not-required","not-required","","","",""
"route.staff.form-control.ang-lam-viec-a-nghi-khoa-ang-nhap","app/(app)/staff/page.jsx","36","route.staff","form-control","Đang làm việc / Đã nghỉ (khóa đăng nhập)","UserModal","onChange","form-control","classified-local","high","set","","","","","","leaves | teams | users","","Leave | Team | User","","","false","false","not-required","not-required","not-required","not-required","","","",""
"route.staff.form-control.input.7","app/(app)/staff/page.jsx","43","route.staff","form-control","","UserModal","onChange","form-control","classified-local","high","toggleRole","","","","","","leaves | teams | users","","Leave | Team | User","","","false","false","not-required","not-required","not-required","not-required","","","",""
"route.staff.form-control.input.8","app/(app)/staff/page.jsx","55","route.staff","form-control","","UserModal","onChange","form-control","classified-local","high","set","","","","","","leaves | teams | users","","Leave | Team | User","","","false","false","not-required","not-required","not-required","not-required","","","",""
"route.staff.action.tao-tai-khoan","app/(app)/staff/page.jsx","135","route.staff","action","Tạo tài khoản","StaffPage","onClick","local-state","classified-local","high","","","","","","","leaves | teams | users","","Leave | Team | User","","","false","false","not-required","not-required","not-required","not-required","","","",""
"route.staff.navigation.toi","app/(app)/staff/page.jsx","143","route.staff","navigation","(tôi)","StaffPage","","navigation","classified-local","high","","","","","","","leaves | teams | users","","Leave | Team | User","","","false","false","not-required","not-required","not-required","not-required","","","",""
"route.staff.action.sua","app/(app)/staff/page.jsx","154","route.staff","action","Sửa","StaffPage","onClick","local-state","classified-local","high","","","","","","","leaves | teams | users","","Leave | Team | User","","","false","false","not-required","not-required","not-required","not-required","","","",""
"route.staff.action.xin-nghi-phep","app/(app)/staff/page.jsx","169","route.staff","action","Xin nghỉ phép","StaffPage","onClick","local-state","classified-local","high","","","","","","","leaves | teams | users","","Leave | Team | User","","","false","false","not-required","not-required","not-required","not-required","","","",""
"route.staff.action.xoa","app/(app)/staff/page.jsx","180","route.staff","action","Xóa","StaffPage","onClick","local-state","classified-local","high","","","","","","","leaves | teams | users","","Leave | Team | User","","","false","false","not-required","not-required","not-required","not-required","","","",""
"route.staff.action.tao-nhom","app/(app)/staff/page.jsx","193","route.staff","action","Tạo nhóm","StaffPage","onClick","local-state","classified-local","high","","","","","","","leaves | teams | users","","Leave | Team | User","","","false","false","not-required","not-required","not-required","not-required","","","",""
"route.staff.action.sua.2","app/(app)/staff/page.jsx","204","route.staff","action","Sửa","StaffPage","onClick","local-state","classified-local","high","","","","","","","leaves | teams | users","","Leave | Team | User","","","false","false","not-required","not-required","not-required","not-required","","","",""
"route.tasks.action.xoa","app/(app)/tasks/page.jsx","69","route.tasks","action","Xóa","TaskDetailModal","onClick","delegated-action","delegated","high","","onDelete","route:/tasks","","","","phases | projects | taskcomments | taskevents | tasks | timelogs | users","","Phase | Project | Task | TaskComment | TaskEvent | TimeLog | User","","","false","false","not-required","not-required","not-required","not-required","","","",""
"route.tasks.action.huy","app/(app)/tasks/page.jsx","70","route.tasks","action","Hủy","TaskDetailModal","onClick","delegated-action","delegated","high","","onClose","route:/tasks","","","","phases | projects | taskcomments | taskevents | tasks | timelogs | users","","Phase | Project | Task | TaskComment | TaskEvent | TimeLog | User","","","false","false","not-required","not-required","not-required","not-required","","","",""
"route.tasks.action.ang-luu-luu","app/(app)/tasks/page.jsx","71","route.tasks","action","Đang lưu… / Lưu","TaskDetailModal","onClick","data-action","delegated-resolved","medium","saveTask","onClose | onSave","route:/tasks","","PUT /api/data/tasks/[id]","update:tasks","phases | projects | taskcomments | taskevents | tasks | timelogs | users","Approval | AuditLog | Conversation | Lead | Leave | Message | Notification | Onboarding | Project | Quote | RealmChangeEvent | RealmGoldEntry | Rule | Setting | Task | TaskEvent | Team | Transaction | User | VendorBill | Webhook","Phase | Project | Task | TaskComment | TaskEvent | TimeLog | User","registry-rbac","ACCOUNTANT | AM | DIRECTOR | HR | LEAD | PM | STAFF","true","false","disabled-binding","hook-refresh","hook-error-toast","not-required","","","",""
"route.tasks.form-control.input","app/(app)/tasks/page.jsx","74","route.tasks","form-control","","TaskDetailModal","onChange","form-control","classified-local","high","set","","","","","","phases | projects | taskcomments | taskevents | tasks | timelogs | users","","Phase | Project | Task | TaskComment | TaskEvent | TimeLog | User","","","false","false","not-required","not-required","not-required","not-required","","","",""
"route.tasks.form-control.viec-chung","app/(app)/tasks/page.jsx","76","route.tasks","form-control","— Việc chung —","TaskDetailModal","onChange","form-control","classified-local","high","set","","","","","","phases | projects | taskcomments | taskevents | tasks | timelogs | users","","Phase | Project | Task | TaskComment | TaskEvent | TimeLog | User","","","false","false","not-required","not-required","not-required","not-required","","","",""
"route.tasks.form-control.select","app/(app)/tasks/page.jsx","81","route.tasks","form-control","","TaskDetailModal","onChange","form-control","classified-local","high","set","","","","","","phases | projects | taskcomments | taskevents | tasks | timelogs | users","","Phase | Project | Task | TaskComment | TaskEvent | TimeLog | User","","","false","false","not-required","not-required","not-required","not-required","","","",""
"route.tasks.form-control.select.2","app/(app)/tasks/page.jsx","85","route.tasks","form-control","","TaskDetailModal","onChange","form-control","classified-local","high","set","","","","","","phases | projects | taskcomments | taskevents | tasks | timelogs | users","","Phase | Project | Task | TaskComment | TaskEvent | TimeLog | User","","","false","false","not-required","not-required","not-required","not-required","","","",""
"route.tasks.form-control.select.3","app/(app)/tasks/page.jsx","89","route.tasks","form-control","","TaskDetailModal","onChange","form-control","classified-local","high","set","","","","","","phases | projects | taskcomments | taskevents | tasks | timelogs | users","","Phase | Project | Task | TaskComment | TaskEvent | TimeLog | User","","","false","false","not-required","not-required","not-required","not-required","","","",""
"route.tasks.form-control.input.2","app/(app)/tasks/page.jsx","92","route.tasks","form-control","","TaskDetailModal","onChange","form-control","classified-local","high","set","","","","","","phases | projects | taskcomments | taskevents | tasks | timelogs | users","","Phase | Project | Task | TaskComment | TaskEvent | TimeLog | User","","","false","false","not-required","not-required","not-required","not-required","","","",""
"route.tasks.form-control.vd-8","app/(app)/tasks/page.jsx","94","route.tasks","form-control","VD: 8","TaskDetailModal","onChange","form-control","classified-local","high","set","","","","","","phases | projects | taskcomments | taskevents | tasks | timelogs | users","","Phase | Project | Task | TaskComment | TaskEvent | TimeLog | User","","","false","false","not-required","not-required","not-required","not-required","","","",""
"route.tasks.form-control.select.4","app/(app)/tasks/page.jsx","96","route.tasks","form-control","","TaskDetailModal","onChange","form-control","classified-local","high","set","","","","","","phases | projects | taskcomments | taskevents | tasks | timelogs | users","","Phase | Project | Task | TaskComment | TaskEvent | TimeLog | User","","","false","false","not-required","not-required","not-required","not-required","","","",""
"route.tasks.form-control.chua-xep","app/(app)/tasks/page.jsx","100","route.tasks","form-control","— Chưa xếp —","TaskDetailModal","onChange","form-control","classified-local","high","set","","","","","","phases | projects | taskcomments | taskevents | tasks | timelogs | users","","Phase | Project | Task | TaskComment | TaskEvent | TimeLog | User","","","false","false","not-required","not-required","not-required","not-required","","","",""
"route.tasks.action.lb","app/(app)/tasks/page.jsx","107","route.tasks","action","{lb} / ✕","TaskDetailModal","onClick","local-state","classified-local","high","set","","","","","","phases | projects | taskcomments | taskevents | tasks | timelogs | users","","Phase | Project | Task | TaskComment | TaskEvent | TimeLog | User","","","false","false","not-required","not-required","not-required","not-required","","","",""
"route.tasks.form-control.them-nhan-enter","app/(app)/tasks/page.jsx","109","route.tasks","form-control","Thêm nhãn… (Enter)","TaskDetailModal","onChange","form-control","classified-local","high","","","","","","","phases | projects | taskcomments | taskevents | tasks | timelogs | users","","Phase | Project | Task | TaskComment | TaskEvent | TimeLog | User","","","false","false","not-required","not-required","not-required","not-required","","","",""
"route.tasks.form-control.select.5","app/(app)/tasks/page.jsx","113","route.tasks","form-control","","TaskDetailModal","onChange","form-control","classified-local","high","set","","","","","","phases | projects | taskcomments | taskevents | tasks | timelogs | users","","Phase | Project | Task | TaskComment | TaskEvent | TimeLog | User","","","false","false","not-required","not-required","not-required","not-required","","","",""
"route.tasks.form-control.textarea","app/(app)/tasks/page.jsx","116","route.tasks","form-control","","TaskDetailModal","onChange","form-control","classified-local","high","set","","","","","","phases | projects | taskcomments | taskevents | tasks | timelogs | users","","Phase | Project | Task | TaskComment | TaskEvent | TimeLog | User","","","false","false","not-required","not-required","not-required","not-required","","","",""
"route.tasks.form-control.input.3","app/(app)/tasks/page.jsx","123","route.tasks","form-control","","TaskDetailModal","onChange","form-control","classified-local","high","set","","","","","","phases | projects | taskcomments | taskevents | tasks | timelogs | users","","Phase | Project | Task | TaskComment | TaskEvent | TimeLog | User","","","false","false","not-required","not-required","not-required","not-required","","","",""
"route.tasks.action.set-checklist-f-checklist-filter-j-j-i","app/(app)/tasks/page.jsx","126","route.tasks","action","","TaskDetailModal","onClick","local-state","classified-local","high","set","","","","","","phases | projects | taskcomments | taskevents | tasks | timelogs | users","","Phase | Project | Task | TaskComment | TaskEvent | TimeLog | User","","","false","false","not-required","not-required","not-required","not-required","","","",""
"route.tasks.form-control.them-buoc-con-enter","app/(app)/tasks/page.jsx","130","route.tasks","form-control","Thêm bước con… (Enter)","TaskDetailModal","onChange","form-control","classified-local","high","","","","","","","phases | projects | taskcomments | taskevents | tasks | timelogs | users","","Phase | Project | Task | TaskComment | TaskEvent | TimeLog | User","","","false","false","not-required","not-required","not-required","not-required","","","",""
"route.tasks.action.if-newitem-trim-set-checklist-f-checklist-text-newitem-trim-done","app/(app)/tasks/page.jsx","132","route.tasks","action","","TaskDetailModal","onClick","local-state","classified-local","high","set","","","","","","phases | projects | taskcomments | taskevents | tasks | timelogs | users","","Phase | Project | Task | TaskComment | TaskEvent | TimeLog | User","","","false","false","not-required","not-required","not-required","not-required","","","",""
"route.tasks.form-control.gio","app/(app)/tasks/page.jsx","140","route.tasks","form-control","giờ","TaskDetailModal","onChange","form-control","classified-local","high","","","","","","","phases | projects | taskcomments | taskevents | tasks | timelogs | users","","Phase | Project | Task | TaskComment | TaskEvent | TimeLog | User","","","false","false","not-required","not-required","not-required","not-required","","","",""
"route.tasks.action.ghi-gio","app/(app)/tasks/page.jsx","141","route.tasks","action","Ghi giờ","TaskDetailModal","onClick","data-action","handler-resolved","high","quickLog","","","","POST /api/data/timelogs","create:timelogs","phases | projects | taskcomments | taskevents | tasks | timelogs | users","Approval | AuditLog | Conversation | Lead | Leave | Message | Notification | Onboarding | Project | Quote | RealmChangeEvent | RealmGoldEntry | Rule | Setting | Task | TaskEvent | Team | TimeLog | Transaction | User | VendorBill | Webhook","Phase | Project | Task | TaskComment | TaskEvent | TimeLog | User","registry-rbac","ACCOUNTANT | AM | DIRECTOR | HR | LEAD | PM | STAFF","false","false","async-button-guard","hook-refresh","hook-error-toast","not-required","","import:todayISO","",""
"route.tasks.action.xoa-binh-luan","app/(app)/tasks/page.jsx","161","route.tasks","action","Xóa bình luận","TaskDetailModal","onClick","local-state","classified-local","high","","","","","","","phases | projects | taskcomments | taskevents | tasks | timelogs | users","","Phase | Project | Task | TaskComment | TaskEvent | TimeLog | User","","","false","false","not-required","not-required","not-required","not-required","","","",""
"route.tasks.form-control.viet-binh-luan-go-ten-e-nhac-enter-gui","app/(app)/tasks/page.jsx","167","route.tasks","form-control","Viết bình luận… gõ @tên để nhắc (Enter gửi)","TaskDetailModal","onChange","form-control","classified-local","high","","","","","","","phases | projects | taskcomments | taskevents | tasks | timelogs | users","","Phase | Project | Task | TaskComment | TaskEvent | TimeLog | User","","","false","false","not-required","not-required","not-required","not-required","","","",""
"route.tasks.action.gui","app/(app)/tasks/page.jsx","169","route.tasks","action","Gửi","TaskDetailModal","onClick","data-action","handler-resolved","high","sendCmt","","","","POST /api/data/taskcomments","create:taskcomments","phases | projects | taskcomments | taskevents | tasks | timelogs | users","Approval | AuditLog | Conversation | Lead | Leave | Message | Notification | Onboarding | Project | Quote | RealmChangeEvent | RealmGoldEntry | Rule | Setting | Task | TaskComment | TaskEvent | Team | Transaction | User | VendorBill | Webhook","Phase | Project | Task | TaskComment | TaskEvent | TimeLog | User","registry-rbac","ACCOUNTANT | AM | DIRECTOR | HR | LEAD | PM | STAFF","false","false","async-button-guard","hook-refresh","hook-error-toast","not-required","","","",""
"route.tasks.action.selmode-togglesel-t-id-setmodal-mode-edit-row-t","app/(app)/tasks/page.jsx","275","route.tasks","action","","Card","onClick","local-state","classified-local","high","toggleSel","","","","","","phases | projects | taskcomments | taskevents | tasks | timelogs | users","","Phase | Project | Task | TaskComment | TaskEvent | TimeLog | User","","","false","false","not-required","not-required","not-required","not-required","","","",""
"route.tasks.form-control.input.4","app/(app)/tasks/page.jsx","279","route.tasks","form-control","","Card","","form-control","classified-local","high","","","","","","","phases | projects | taskcomments | taskevents | tasks | timelogs | users","","Phase | Project | Task | TaskComment | TaskEvent | TimeLog | User","","","false","false","not-required","not-required","not-required","not-required","","","",""
"route.tasks.form-control.tat-ca-du-an-viec-chung","app/(app)/tasks/page.jsx","326","route.tasks","form-control","Tất cả dự án / Việc chung","TasksPage","onChange","form-control","classified-local","high","","","","","","","phases | projects | taskcomments | taskevents | tasks | timelogs | users","","Phase | Project | Task | TaskComment | TaskEvent | TimeLog | User","","","false","false","not-required","not-required","not-required","not-required","","","",""
"route.tasks.form-control.moi-nguoi-phu-trach","app/(app)/tasks/page.jsx","331","route.tasks","form-control","Mọi người phụ trách","TasksPage","onChange","form-control","classified-local","high","","","","","","","phases | projects | taskcomments | taskevents | tasks | timelogs | users","","Phase | Project | Task | TaskComment | TaskEvent | TimeLog | User","","","false","false","not-required","not-required","not-required","not-required","","","",""
"route.tasks.form-control.moi-nhan","app/(app)/tasks/page.jsx","335","route.tasks","form-control","Mọi nhãn","TasksPage","onChange","form-control","classified-local","high","","","","","","","phases | projects | taskcomments | taskevents | tasks | timelogs | users","","Phase | Project | Task | TaskComment | TaskEvent | TimeLog | User","","","false","false","not-required","not-required","not-required","not-required","","","",""
"route.tasks.form-control.nhom-trang-thai-nhom-nguoi-phu-trach-nhom-giai-oan","app/(app)/tasks/page.jsx","339","route.tasks","form-control","Nhóm: Trạng thái / Nhóm: Người phụ trách / Nhóm: Giai đoạn","TasksPage","onChange","form-control","classified-local","high","","","","","","","phases | projects | taskcomments | taskevents | tasks | timelogs | users","","Phase | Project | Task | TaskComment | TaskEvent | TimeLog | User","","","false","false","not-required","not-required","not-required","not-required","","","",""
"route.tasks.form-control.input.5","app/(app)/tasks/page.jsx","345","route.tasks","form-control","","TasksPage","onChange","form-control","classified-local","high","","","","","","","phases | projects | taskcomments | taskevents | tasks | timelogs | users","","Phase | Project | Task | TaskComment | TaskEvent | TimeLog | User","","","false","false","not-required","not-required","not-required","not-required","","","",""
"route.tasks.action.xong-chon-nhieu","app/(app)/tasks/page.jsx","348","route.tasks","action","Xong / Chọn nhiều","TasksPage","onClick","local-state","classified-local","high","","","","","","","phases | projects | taskcomments | taskevents | tasks | timelogs | users","","Phase | Project | Task | TaskComment | TaskEvent | TimeLog | User","","","false","false","not-required","not-required","not-required","not-required","","","",""
"route.tasks.action.them-cong-viec","app/(app)/tasks/page.jsx","349","route.tasks","action","Thêm công việc","TasksPage","onClick","local-state","classified-local","high","","","","","","","phases | projects | taskcomments | taskevents | tasks | timelogs | users","","Phase | Project | Task | TaskComment | TaskEvent | TimeLog | User","","","false","false","not-required","not-required","not-required","not-required","","","",""
"route.tasks.form-control.gan-cho","app/(app)/tasks/page.jsx","355","route.tasks","form-control","Gán cho…","TasksPage","onChange","form-control","handler-resolved","high","bulkUpdate","","","","PUT /api/data/tasks/[id]","update:tasks","phases | projects | taskcomments | taskevents | tasks | timelogs | users","Approval | AuditLog | Conversation | Lead | Leave | Message | Notification | Onboarding | Project | Quote | RealmChangeEvent | RealmGoldEntry | Rule | Setting | Task | TaskEvent | Team | Transaction | User | VendorBill | Webhook","Phase | Project | Task | TaskComment | TaskEvent | TimeLog | User","registry-rbac","ACCOUNTANT | AM | DIRECTOR | HR | LEAD | PM | STAFF","true","false","not-required","not-required","not-required","not-required","","","e.target.value",""
"route.tasks.form-control.oi-trang-thai","app/(app)/tasks/page.jsx","359","route.tasks","form-control","Đổi trạng thái…","TasksPage","onChange","form-control","handler-resolved","high","bulkUpdate","","","","PUT /api/data/tasks/[id]","update:tasks","phases | projects | taskcomments | taskevents | tasks | timelogs | users","Approval | AuditLog | Conversation | Lead | Leave | Message | Notification | Onboarding | Project | Quote | RealmChangeEvent | RealmGoldEntry | Rule | Setting | Task | TaskEvent | Team | Transaction | User | VendorBill | Webhook","Phase | Project | Task | TaskComment | TaskEvent | TimeLog | User","registry-rbac","ACCOUNTANT | AM | DIRECTOR | HR | LEAD | PM | STAFF","true","false","not-required","not-required","not-required","not-required","","","e.target.value",""
"route.tasks.form-control.oi-han-cho-tat-ca","app/(app)/tasks/page.jsx","363","route.tasks","form-control","Đổi hạn cho tất cả","TasksPage","onChange","form-control","handler-resolved","high","bulkUpdate","","","","PUT /api/data/tasks/[id]","update:tasks","phases | projects | taskcomments | taskevents | tasks | timelogs | users","Approval | AuditLog | Conversation | Lead | Leave | Message | Notification | Onboarding | Project | Quote | RealmChangeEvent | RealmGoldEntry | Rule | Setting | Task | TaskEvent | Team | Transaction | User | VendorBill | Webhook","Phase | Project | Task | TaskComment | TaskEvent | TimeLog | User","registry-rbac","ACCOUNTANT | AM | DIRECTOR | HR | LEAD | PM | STAFF","true","false","not-required","not-required","not-required","not-required","","","",""
"route.tasks.action.bo-chon","app/(app)/tasks/page.jsx","364","route.tasks","action","Bỏ chọn","TasksPage","onClick","local-state","classified-local","high","","","","","","","phases | projects | taskcomments | taskevents | tasks | timelogs | users","","Phase | Project | Task | TaskComment | TaskEvent | TimeLog | User","","","false","false","not-required","not-required","not-required","not-required","","","",""
"route.templates.action.huy","app/(app)/templates/page.jsx","23","route.templates","action","Hủy","TemplateModal","onClick","delegated-action","delegated","high","","onClose","route:/templates","","","","projecttemplates","","ProjectTemplate","","","false","false","not-required","not-required","not-required","not-required","","","",""
"route.templates.action.luu-mau","app/(app)/templates/page.jsx","24","route.templates","action","Lưu mẫu","TemplateModal","onClick","data-action","delegated-resolved","medium","","onClose | onSave","route:/templates","","POST /api/data/projecttemplates | PUT /api/data/projecttemplates/[id]","create:projecttemplates | update:projecttemplates","projecttemplates","Approval | AuditLog | Conversation | Lead | Leave | Message | Notification | Onboarding | Project | ProjectTemplate | Quote | RealmChangeEvent | RealmGoldEntry | Rule | Setting | Task | TaskEvent | Team | Transaction | User | VendorBill | Webhook","ProjectTemplate","registry-rbac","ACCOUNTANT | AM | DIRECTOR | HR | LEAD | PM | STAFF","false","false","async-button-guard","hook-refresh","hook-error-toast","not-required","","","",""
"route.templates.form-control.vd-du-an-branding-chuan","app/(app)/templates/page.jsx","32","route.templates","form-control","VD: Dự án Branding chuẩn","TemplateModal","onChange","form-control","classified-local","high","","","","","","","projecttemplates","","ProjectTemplate","","","false","false","not-required","not-required","not-required","not-required","","","",""
"route.templates.form-control.branding","app/(app)/templates/page.jsx","33","route.templates","form-control","Branding","TemplateModal","onChange","form-control","classified-local","high","","","","","","","projecttemplates","","ProjectTemplate","","","false","false","not-required","not-required","not-required","not-required","","","",""
"route.templates.form-control.input","app/(app)/templates/page.jsx","34","route.templates","form-control","","TemplateModal","onChange","form-control","classified-local","high","","","","","","","projecttemplates","","ProjectTemplate","","","false","false","not-required","not-required","not-required","not-required","","","",""
"route.templates.form-control.ten-giai-oan","app/(app)/templates/page.jsx","42","route.templates","form-control","Tên giai đoạn","TemplateModal","onChange","form-control","classified-local","high","setPhase","","","","","","projecttemplates","","ProjectTemplate","","","false","false","not-required","not-required","not-required","not-required","","","",""
"route.templates.action.setphases-p-p-filter-j-j-pi","app/(app)/templates/page.jsx","43","route.templates","action","","TemplateModal","onClick","local-state","classified-local","high","","","","","","","projecttemplates","","ProjectTemplate","","","false","false","not-required","not-required","not-required","not-required","","","",""
"route.templates.form-control.ten-viec","app/(app)/templates/page.jsx","47","route.templates","form-control","Tên việc","TemplateModal","onChange","form-control","classified-local","high","setTask","","","","","","projecttemplates","","ProjectTemplate","","","false","false","not-required","not-required","not-required","not-required","","","",""
"route.templates.form-control.gio-uoc-luong","app/(app)/templates/page.jsx","48","route.templates","form-control","Giờ ước lượng","TemplateModal","onChange","form-control","classified-local","high","setTask","","","","","","projecttemplates","","ProjectTemplate","","","false","false","not-required","not-required","not-required","not-required","","","",""
"route.templates.form-control.select","app/(app)/templates/page.jsx","49","route.templates","form-control","","TemplateModal","onChange","form-control","classified-local","high","setTask","","","","","","projecttemplates","","ProjectTemplate","","","false","false","not-required","not-required","not-required","not-required","","","",""
"route.templates.form-control.han-ngay-bat-au-n-ngay","app/(app)/templates/page.jsx","52","route.templates","form-control","Hạn = ngày bắt đầu + N ngày","TemplateModal","onChange","form-control","classified-local","high","setTask","","","","","","projecttemplates","","ProjectTemplate","","","false","false","not-required","not-required","not-required","not-required","","","",""
"route.templates.action.setphase-pi-tasks-ph-tasks-filter-j-j-ti","app/(app)/templates/page.jsx","53","route.templates","action","","TemplateModal","onClick","local-state","classified-local","high","setPhase","","","","","","projecttemplates","","ProjectTemplate","","","false","false","not-required","not-required","not-required","not-required","","","",""
"route.templates.action.them-viec","app/(app)/templates/page.jsx","56","route.templates","action","Thêm việc","TemplateModal","onClick","local-state","classified-local","high","setPhase","","","","","","projecttemplates","","ProjectTemplate","","","false","false","not-required","not-required","not-required","not-required","","","",""
"route.templates.action.them-giai-oan","app/(app)/templates/page.jsx","60","route.templates","action","Thêm giai đoạn","TemplateModal","onClick","local-state","classified-local","high","","","","","","","projecttemplates","","ProjectTemplate","","","false","false","not-required","not-required","not-required","not-required","","","",""
"route.templates.form-control.ten-moc","app/(app)/templates/page.jsx","65","route.templates","form-control","Tên mốc","TemplateModal","onChange","form-control","classified-local","high","","","","","","","projecttemplates","","ProjectTemplate","","","false","false","not-required","not-required","not-required","not-required","","","",""
"route.templates.form-control.ngay","app/(app)/templates/page.jsx","66","route.templates","form-control","+ngày","TemplateModal","onChange","form-control","classified-local","high","","","","","","","projecttemplates","","ProjectTemplate","","","false","false","not-required","not-required","not-required","not-required","","","",""
"route.templates.action.setmilestones-ms-ms-filter-j-j-i","app/(app)/templates/page.jsx","67","route.templates","action","","TemplateModal","onClick","local-state","classified-local","high","","","","","","","projecttemplates","","ProjectTemplate","","","false","false","not-required","not-required","not-required","not-required","","","",""
"route.templates.action.them-moc","app/(app)/templates/page.jsx","70","route.templates","action","Thêm mốc","TemplateModal","onClick","local-state","classified-local","high","","","","","","","projecttemplates","","ProjectTemplate","","","false","false","not-required","not-required","not-required","not-required","","","",""
"route.templates.action.tao-mau","app/(app)/templates/page.jsx","86","route.templates","action","Tạo mẫu","TemplatesPage","onClick","local-state","classified-local","high","","","","","","","projecttemplates","","ProjectTemplate","","","false","false","not-required","not-required","not-required","not-required","","","",""
"route.templates.action.setmodal-mode-edit-row-t","app/(app)/templates/page.jsx","96","route.templates","action","","TemplatesPage","onClick","local-state","classified-local","high","","","","","","","projecttemplates","","ProjectTemplate","","","false","false","not-required","not-required","not-required","not-required","","","",""
"route.templates.action.setmodal-mode-del-row-t","app/(app)/templates/page.jsx","97","route.templates","action","","TemplatesPage","onClick","local-state","classified-local","high","","","","","","","projecttemplates","","ProjectTemplate","","","false","false","not-required","not-required","not-required","not-required","","","",""
"route.tickets.action.huy","app/(app)/tickets/page.jsx","12","route.tickets","action","Hủy","CsatModal","onClick","delegated-action","delegated","high","","onClose","route:/tickets","","","","clients | csat | tickets | users","","Client | CsatResponse | Ticket | User","","","false","false","not-required","not-required","not-required","not-required","","","",""
"route.tickets.action.luu-anh-gia","app/(app)/tickets/page.jsx","13","route.tickets","action","Lưu đánh giá","CsatModal","onClick","data-action","delegated-resolved","medium","","onClose | onSave","route:/tickets","","POST /api/data/csat","create:csat","clients | csat | tickets | users","Approval | AuditLog | Conversation | CsatResponse | Lead | Leave | Message | Notification | Onboarding | Project | Quote | RealmChangeEvent | RealmGoldEntry | Rule | Setting | Task | TaskEvent | Team | Transaction | User | VendorBill | Webhook","Client | CsatResponse | Ticket | User","registry-rbac","ACCOUNTANT | AM | DIRECTOR | HR | LEAD | PM | STAFF","false","false","async-button-guard","hook-refresh","hook-error-toast","not-required","","import:todayISO","",""
"route.tickets.action.button","app/(app)/tickets/page.jsx","17","route.tickets","action","⭐","CsatModal","onClick","local-state","classified-local","high","","","","","","","clients | csat | tickets | users","","Client | CsatResponse | Ticket | User","","","false","false","not-required","not-required","not-required","not-required","","","",""
"route.tickets.form-control.gop-y-cua-khach-tuy-chon","app/(app)/tickets/page.jsx","21","route.tickets","form-control","Góp ý của khách (tùy chọn)","CsatModal","onChange","form-control","classified-local","high","","","","","","","clients | csat | tickets | users","","Client | CsatResponse | Ticket | User","","","false","false","not-required","not-required","not-required","not-required","","","",""
"route.tickets.form-control.ang-mo-mac-inh-tat-ca","app/(app)/tickets/page.jsx","106","route.tickets","form-control","Đang mở (mặc định) / Tất cả","TicketsPage","onChange","form-control","classified-local","high","","","","","","","clients | csat | tickets | users","","Client | CsatResponse | Ticket | User","","","false","false","not-required","not-required","not-required","not-required","","","",""
"route.tickets.action.tao-ticket","app/(app)/tickets/page.jsx","112","route.tickets","action","Tạo ticket","TicketsPage","onClick","local-state","classified-local","high","","","","","","","clients | csat | tickets | users","","Client | CsatResponse | Ticket | User","","","false","false","not-required","not-required","not-required","not-required","","","",""
"route.tickets.action.anh-dau-a-xu-ly","app/(app)/tickets/page.jsx","134","route.tickets","action","Đánh dấu đã xử lý","TicketsPage","onClick","data-action","handler-resolved","high","","","","","PUT /api/data/tickets/[id]","update:tickets","clients | csat | tickets | users","Approval | AuditLog | Conversation | Lead | Leave | Message | Notification | Onboarding | Project | Quote | RealmChangeEvent | RealmGoldEntry | Rule | Setting | Task | TaskEvent | Team | Ticket | Transaction | User | VendorBill | Webhook","Client | CsatResponse | Ticket | User","registry-rbac","ACCOUNTANT | AM | DIRECTOR | HR | LEAD | PM | STAFF","false","false","async-button-guard","hook-refresh","hook-error-toast","not-required","","","",""
"route.tickets.action.button.2","app/(app)/tickets/page.jsx","138","route.tickets","action","⭐","TicketsPage","onClick","local-state","classified-local","high","","","","","","","clients | csat | tickets | users","","Client | CsatResponse | Ticket | User","","","false","false","not-required","not-required","not-required","not-required","","","",""
"route.tickets.action.sua","app/(app)/tickets/page.jsx","140","route.tickets","action","Sửa","TicketsPage","onClick","local-state","classified-local","high","","","","","","","clients | csat | tickets | users","","Client | CsatResponse | Ticket | User","","","false","false","not-required","not-required","not-required","not-required","","","",""
"route.tickets.action.xoa","app/(app)/tickets/page.jsx","141","route.tickets","action","Xóa","TicketsPage","onClick","local-state","classified-local","high","","","","","","","clients | csat | tickets | users","","Client | CsatResponse | Ticket | User","","","false","false","not-required","not-required","not-required","not-required","","","",""
"route.timesheet.form-control.tat-ca","app/(app)/timesheet/page.jsx","49","route.timesheet","form-control","Tất cả","TimesheetPage","onChange","form-control","classified-local","high","","","","","","","projects | timelogs | users","","Project | TimeLog | User","","","false","false","not-required","not-required","not-required","not-required","","","",""
"route.timesheet.action.ghi-gio-cong","app/(app)/timesheet/page.jsx","59","route.timesheet","action","Ghi giờ công","TimesheetPage","onClick","local-state","classified-local","high","","","","","","","projects | timelogs | users","","Project | TimeLog | User","","","false","false","not-required","not-required","not-required","not-required","","","",""
"route.timesheet.action.sua","app/(app)/timesheet/page.jsx","78","route.timesheet","action","Sửa","TimesheetPage","onClick","local-state","classified-local","high","","","","","","","projects | timelogs | users","","Project | TimeLog | User","","","false","false","not-required","not-required","not-required","not-required","","","",""
"route.timesheet.action.xoa","app/(app)/timesheet/page.jsx","79","route.timesheet","action","Xóa","TimesheetPage","onClick","local-state","classified-local","high","","","","","","","projects | timelogs | users","","Project | TimeLog | User","","","false","false","not-required","not-required","not-required","not-required","","","",""
"route.vendors.action.huy","app/(app)/vendors/page.jsx","18","route.vendors","action","Hủy","RfqModal","onClick","delegated-action","delegated","high","","onClose","route:/vendors","","","","projects | rfqs | vendorbills | vendors","","Project | Rfq | Vendor | VendorBill","","","false","false","not-required","not-required","not-required","not-required","","","",""
"route.vendors.action.luu","app/(app)/vendors/page.jsx","19","route.vendors","action","Lưu","RfqModal","onClick","data-action","delegated-resolved","medium","","onClose | onSave","route:/vendors","","POST /api/data/rfqs | PUT /api/data/rfqs/[id]","create:rfqs | update:rfqs","projects | rfqs | vendorbills | vendors","Approval | AuditLog | Conversation | Lead | Leave | Message | Notification | Onboarding | Project | Quote | RealmChangeEvent | RealmGoldEntry | Rfq | Rule | Setting | Task | TaskEvent | Team | Transaction | User | VendorBill | Webhook","Project | Rfq | Vendor | VendorBill","registry-rbac","ACCOUNTANT | AM | DIRECTOR | HR | LEAD | PM | STAFF","false","false","async-button-guard","hook-refresh","hook-error-toast","not-required","","","",""
"route.vendors.form-control.vd-in-500-standee-chien-dich-eva","app/(app)/vendors/page.jsx","22","route.vendors","form-control","VD: In 500 standee chiến dịch EVA","RfqModal","onChange","form-control","classified-local","high","","","","","","","projects | rfqs | vendorbills | vendors","","Project | Rfq | Vendor | VendorBill","","","false","false","not-required","not-required","not-required","not-required","","","",""
"route.vendors.form-control.chon-ncc-nay","app/(app)/vendors/page.jsx","27","route.vendors","form-control","Chọn NCC này","RfqModal","onChange","form-control","classified-local","high","choose","","","","","","projects | rfqs | vendorbills | vendors","","Project | Rfq | Vendor | VendorBill","","","false","false","not-required","not-required","not-required","not-required","","","",""
"route.vendors.form-control.select","app/(app)/vendors/page.jsx","28","route.vendors","form-control","","RfqModal","onChange","form-control","classified-local","high","setQ","","","","","","projects | rfqs | vendorbills | vendors","","Project | Rfq | Vendor | VendorBill","","","false","false","not-required","not-required","not-required","not-required","","","",""
"route.vendors.form-control.gia","app/(app)/vendors/page.jsx","31","route.vendors","form-control","Giá (đ)","RfqModal","onChange","form-control","classified-local","high","setQ","","","","","","projects | rfqs | vendorbills | vendors","","Project | Rfq | Vendor | VendorBill","","","false","false","not-required","not-required","not-required","not-required","","","",""
"route.vendors.form-control.ghi-chu-thoi-gian-chat-luong","app/(app)/vendors/page.jsx","32","route.vendors","form-control","Ghi chú (thời gian, chất lượng…)","RfqModal","onChange","form-control","classified-local","high","setQ","","","","","","projects | rfqs | vendorbills | vendors","","Project | Rfq | Vendor | VendorBill","","","false","false","not-required","not-required","not-required","not-required","","","",""
"route.vendors.action.setf-x-x-quotes-x-quotes-filter-j-j-i","app/(app)/vendors/page.jsx","33","route.vendors","action","","RfqModal","onClick","local-state","classified-local","high","","","","","","","projects | rfqs | vendorbills | vendors","","Project | Rfq | Vendor | VendorBill","","","false","false","not-required","not-required","not-required","not-required","","","",""
"route.vendors.action.them-bao-gia","app/(app)/vendors/page.jsx","36","route.vendors","action","Thêm báo giá","RfqModal","onClick","local-state","classified-local","high","","","","","","","projects | rfqs | vendorbills | vendors","","Project | Rfq | Vendor | VendorBill","","","false","false","not-required","not-required","not-required","not-required","","","",""
"route.vendors.form-control.textarea","app/(app)/vendors/page.jsx","40","route.vendors","form-control","","RfqModal","onChange","form-control","classified-local","high","","","","","","","projects | rfqs | vendorbills | vendors","","Project | Rfq | Vendor | VendorBill","","","false","false","not-required","not-required","not-required","not-required","","","",""
"route.vendors.action.them-ncc","app/(app)/vendors/page.jsx","103","route.vendors","action","Thêm NCC","VendorsPage","onClick","local-state","classified-local","high","","","","","","","projects | rfqs | vendorbills | vendors","","Project | Rfq | Vendor | VendorBill","","","false","false","not-required","not-required","not-required","not-required","","","",""
"route.vendors.action.sua","app/(app)/vendors/page.jsx","118","route.vendors","action","Sửa","VendorsPage","onClick","local-state","classified-local","high","","","","","","","projects | rfqs | vendorbills | vendors","","Project | Rfq | Vendor | VendorBill","","","false","false","not-required","not-required","not-required","not-required","","","",""
"route.vendors.action.xoa","app/(app)/vendors/page.jsx","119","route.vendors","action","Xóa","VendorsPage","onClick","local-state","classified-local","high","","","","","","","projects | rfqs | vendorbills | vendors","","Project | Rfq | Vendor | VendorBill","","","false","false","not-required","not-required","not-required","not-required","","","",""
"route.vendors.action.ghi-hoa-on-au-vao","app/(app)/vendors/page.jsx","131","route.vendors","action","Ghi hóa đơn đầu vào","VendorsPage","onClick","local-state","classified-local","high","","","","","","","projects | rfqs | vendorbills | vendors","","Project | Rfq | Vendor | VendorBill","","","false","false","not-required","not-required","not-required","not-required","","","",""
"route.vendors.action.thanh-toan-ghi-vao-so-quy","app/(app)/vendors/page.jsx","154","route.vendors","action","Thanh toán (ghi vào sổ quỹ)","VendorsPage","onClick","local-state","classified-local","high","","","","","","","projects | rfqs | vendorbills | vendors","","Project | Rfq | Vendor | VendorBill","","","false","false","not-required","not-required","not-required","not-required","","","",""
"route.vendors.action.sua.2","app/(app)/vendors/page.jsx","156","route.vendors","action","Sửa","VendorsPage","onClick","local-state","classified-local","high","","","","","","","projects | rfqs | vendorbills | vendors","","Project | Rfq | Vendor | VendorBill","","","false","false","not-required","not-required","not-required","not-required","","","",""
"route.vendors.action.xoa.2","app/(app)/vendors/page.jsx","157","route.vendors","action","Xóa","VendorsPage","onClick","local-state","classified-local","high","","","","","","","projects | rfqs | vendorbills | vendors","","Project | Rfq | Vendor | VendorBill","","","false","false","not-required","not-required","not-required","not-required","","","",""
"route.vendors.action.tao-rfq","app/(app)/vendors/page.jsx","172","route.vendors","action","Tạo RFQ","VendorsPage","onClick","local-state","classified-local","high","","","","","","","projects | rfqs | vendorbills | vendors","","Project | Rfq | Vendor | VendorBill","","","false","false","not-required","not-required","not-required","not-required","","","",""
"route.vendors.action.a-chon-ang-so-gia-bao-gia","app/(app)/vendors/page.jsx","183","route.vendors","action","⚖️ / Đã chọn: / Đang so giá / báo giá","VendorsPage","onClick","local-state","classified-local","high","","","","","","","projects | rfqs | vendorbills | vendors","","Project | Rfq | Vendor | VendorBill","","","false","false","not-required","not-required","not-required","not-required","","","",""
"route.vendors.action.e-e-stoppropagation-setmodal-mode-delrfq-row-r","app/(app)/vendors/page.jsx","191","route.vendors","action","","VendorsPage","onClick","local-state","classified-local","high","","","","","","","projects | rfqs | vendorbills | vendors","","Project | Rfq | Vendor | VendorBill","","","false","false","not-required","not-required","not-required","not-required","","","event.stopPropagation",""
"route.violations.action.sua","app/(app)/violations/page.jsx","54","route.violations","action","Sửa","ViolationsPage","onClick","local-state","classified-local","high","","","","","","","violations","","Violation","","","false","false","not-required","not-required","not-required","not-required","","","",""
"route.violations.action.xoa","app/(app)/violations/page.jsx","55","route.violations","action","Xóa","ViolationsPage","onClick","local-state","classified-local","high","","","","","","","violations","","Violation","","","false","false","not-required","not-required","not-required","not-required","","","",""
"route.violations.action.ghi-vi-pham","app/(app)/violations/page.jsx","68","route.violations","action","Ghi vi phạm","ViolationsPage","onClick","local-state","classified-local","high","","","","","","","violations","","Violation","","","false","false","not-required","not-required","not-required","not-required","","","",""
"route.login.form-submit.email-mat-khau-ma-2fa-bo-trong-neu-chua-bat-ang-khoi-tao","app/login/page.jsx","46","route.login","form-submit","Email / Mật khẩu / Mã 2FA (bỏ trống nếu chưa bật) / Đang khởi tạo…","LoginPage","onSubmit","navigation","handler-resolved","high","submit","","","/dashboard | destination","GET /api/realm-demo/pilot","","","CollaborationPresenceSession | Setting | User","","explicit-rbac","ACCOUNTANT | AM | PM | STAFF","false","false","not-required","not-required","not-required","not-required","","import:preferredWorkspaceSurface | import:signIn","destination | event.preventDefault",""
"route.login.form-control.ban-congty-vn","app/login/page.jsx","49","route.login","form-control","ban@congty.vn","LoginPage","onChange","form-control","classified-local","high","","","","destination","","","","","","","","false","false","not-required","not-required","not-required","not-required","","","",""
"route.login.form-control.input","app/login/page.jsx","53","route.login","form-control","••••••••","LoginPage","onChange","form-control","classified-local","high","","","","destination","","","","","","","","false","false","not-required","not-required","not-required","not-required","","","",""
"route.login.form-control.000000","app/login/page.jsx","57","route.login","form-control","000000","LoginPage","onChange","form-control","classified-local","high","","","","destination","","","","","","","","false","false","not-required","not-required","not-required","not-required","","","",""
"route.login.action.ang-khoi-tao","app/login/page.jsx","59","route.login","action","Đang khởi tạo…","LoginPage","form:onSubmit","navigation","handler-resolved","high","submit","","","/dashboard | destination","GET /api/realm-demo/pilot","","","CollaborationPresenceSession | Setting | User","","explicit-rbac","ACCOUNTANT | AM | PM | STAFF","false","false","not-required","not-required","not-required","not-required","","import:preferredWorkspaceSurface | import:signIn","destination | event.preventDefault",""
"route.home.navigation.vao-bang-ieu-khien-tai-ay","app/page.jsx","8","route.home","navigation","vào Bảng điều khiển tại đây","Home","","navigation","classified-local","high","","","","","","","","","","","","false","false","not-required","not-required","not-required","not-required","","","",""
"component.components-activities.form-control.select","components/Activities.jsx","30","component.components-activities","form-control","","ActivitiesPanel","onChange","form-control","classified-local","high","","","","","","","activities","","Activity","","","false","false","not-required","not-required","not-required","not-required","","","",""
"component.components-activities.form-control.vd-goi-follow-up-bao-gia","components/Activities.jsx","33","component.components-activities","form-control","VD: Gọi follow-up báo giá…","ActivitiesPanel","onChange","form-control","classified-local","high","","","","","","","activities","","Activity","","","false","false","not-required","not-required","not-required","not-required","","","",""
"component.components-activities.form-control.input","components/Activities.jsx","35","component.components-activities","form-control","","ActivitiesPanel","onChange","form-control","classified-local","high","","","","","","","activities","","Activity","","","false","false","not-required","not-required","not-required","not-required","","","",""
"component.components-activities.action.them-hoat-ong","components/Activities.jsx","36","component.components-activities","action","Thêm hoạt động","ActivitiesPanel","onClick","data-action","handler-resolved","high","add","","","","POST /api/data/activities","create:activities","activities","Activity | Approval | AuditLog | Conversation | Lead | Leave | Message | Notification | Onboarding | Project | Quote | RealmChangeEvent | RealmGoldEntry | Rule | Setting | Task | TaskEvent | Team | Transaction | User | VendorBill | Webhook","Activity","registry-rbac","ACCOUNTANT | AM | DIRECTOR | HR | LEAD | PM | STAFF","false","false","async-button-guard","hook-refresh","hook-error-toast","not-required","","","",""
"component.components-activities.action.update-a-id-done-a-done","components/Activities.jsx","46","component.components-activities","action","","ActivitiesPanel","onClick","data-action","handler-resolved","high","","","","","PUT /api/data/activities/[id]","update:activities","activities","Activity | Approval | AuditLog | Conversation | Lead | Leave | Message | Notification | Onboarding | Project | Quote | RealmChangeEvent | RealmGoldEntry | Rule | Setting | Task | TaskEvent | Team | Transaction | User | VendorBill | Webhook","Activity","registry-rbac","ACCOUNTANT | AM | DIRECTOR | HR | LEAD | PM | STAFF","false","false","async-button-guard","hook-refresh","hook-error-toast","not-required","","","",""
"component.components-activities.action.setactivitytodelete-a","components/Activities.jsx","48","component.components-activities","action","","ActivitiesPanel","onClick","local-state","classified-local","high","","","","","","","activities","","Activity","","","false","false","not-required","not-required","not-required","not-required","","","",""
"component.components-activities.action.ong","components/Activities.jsx","61","component.components-activities","action","Đóng","ActivitiesModal","onClick","delegated-action","delegated","high","","onClose","route:/clients | route:/leads","","","","activities","","Activity","","","false","false","not-required","not-required","not-required","not-required","","","",""
"component.components-collaboration-collaborationbridge.navigation.label","components/collaboration/CollaborationBridge.jsx","66","component.components-collaboration-collaborationbridge","navigation","{label}","WorkspaceSurfaceSwitch","onClick","navigation","classified-local","high","rememberPreference","","","contact.route || '/messages'","","","","","","","","false","false","not-required","not-required","not-required","not-required","","import:rememberWorkspaceSurface","",""
"component.components-collaboration-collaborationbridge.action.tu-choi","components/collaboration/CollaborationBridge.jsx","201","component.components-collaboration-collaborationbridge","action","Từ chối","CollaborationBridge","onClick","navigation","handler-resolved","high","contactAction | loadContacts | respond","","","contact.route || '/messages'","GET /api/collaboration/contact | PATCH /api/collaboration/contact","","","CollaborationContactRequest | Notification | RealmChangeEvent","","authenticated-custom","","false","false","not-required","not-required","not-required","not-required","","","announcedRef.current.add | dismissedRef.current.add",""
"component.components-collaboration-collaborationbridge.action.ang-mo-mo-chat","components/collaboration/CollaborationBridge.jsx","202","component.components-collaboration-collaborationbridge","action","Đang mở… / Mở chat","CollaborationBridge","onClick","navigation","handler-resolved","high","contactAction | loadContacts | respond","","","contact.route || '/messages'","GET /api/collaboration/contact | PATCH /api/collaboration/contact","","","CollaborationContactRequest | Notification | RealmChangeEvent","","authenticated-custom","","false","false","not-required","not-required","not-required","not-required","","","announcedRef.current.add | dismissedRef.current.add",""
"component.components-doceditor.action.huy","components/DocEditor.jsx","59","component.components-doceditor","action","Hủy","DocEditor","onClick","delegated-action","delegated","high","","onClose","route:/invoices | route:/quotes","","","","","","","","","false","false","not-required","not-required","not-required","not-required","","","",""
"component.components-doceditor.action.luu-hoa-on-bao-gia","components/DocEditor.jsx","60","component.components-doceditor","action","Lưu / hóa đơn / báo giá","DocEditor","onClick","data-action","delegated-resolved","medium","save","onClose | onSave","route:/invoices | route:/quotes","","POST /api/data/invoices | POST /api/data/quotes | PUT /api/data/invoices/[id] | PUT /api/data/quotes/[id]","create:invoices | create:quotes | update:invoices | update:quotes","","Approval | AuditLog | Conversation | Invoice | Lead | Leave | Message | Notification | Onboarding | Project | Quote | RealmChangeEvent | RealmGoldEntry | Rule | Setting | Task | TaskEvent | Team | Transaction | User | VendorBill | Webhook","","registry-rbac","ACCOUNTANT | AM | DIRECTOR | HR | LEAD | PM | STAFF","false","false","async-button-guard","hook-refresh","hook-error-toast","not-required","","","out.dueDate | out.note | out.projectId | out.recGroup | out.recurring",""
"component.components-doceditor.form-control.select","components/DocEditor.jsx","63","component.components-doceditor","form-control","","DocEditor","onChange","form-control","classified-local","high","","","","","","","","","","","","false","false","not-required","not-required","not-required","not-required","","","",""
"component.components-doceditor.form-control.khong-thuoc-du-an","components/DocEditor.jsx","66","component.components-doceditor","form-control","— Không thuộc dự án —","DocEditor","onChange","form-control","classified-local","high","","","","","","","","","","","","false","false","not-required","not-required","not-required","not-required","","","",""
"component.components-doceditor.form-control.input","components/DocEditor.jsx","69","component.components-doceditor","form-control","","DocEditor","onChange","form-control","classified-local","high","","","","","","","","","","","","false","false","not-required","not-required","not-required","not-required","","","",""
"component.components-doceditor.form-control.select.2","components/DocEditor.jsx","72","component.components-doceditor","form-control","","DocEditor","onChange","form-control","classified-local","high","","","","","","","","","","","","false","false","not-required","not-required","not-required","not-required","","","",""
"component.components-doceditor.form-control.vd-25400","components/DocEditor.jsx","75","component.components-doceditor","form-control","VD: 25400","DocEditor","onChange","form-control","classified-local","high","","","","","","","","","","","","false","false","not-required","not-required","not-required","not-required","","","",""
"component.components-doceditor.form-control.input.2","components/DocEditor.jsx","76","component.components-doceditor","form-control","","DocEditor","onChange","form-control","classified-local","high","","","","","","","","","","","","false","false","not-required","not-required","not-required","not-required","","","",""
"component.components-doceditor.form-control.select.3","components/DocEditor.jsx","78","component.components-doceditor","form-control","","DocEditor","onChange","form-control","classified-local","high","","","","","","","","","","","","false","false","not-required","not-required","not-required","not-required","","","",""
"component.components-doceditor.form-control.input.3","components/DocEditor.jsx","80","component.components-doceditor","form-control","","DocEditor","onChange","form-control","classified-local","high","","","","","","","","","","","","false","false","not-required","not-required","not-required","not-required","","","",""
"component.components-doceditor.form-control.input.4","components/DocEditor.jsx","82","component.components-doceditor","form-control","","DocEditor","onChange","form-control","classified-local","high","","","","","","","","","","","","false","false","not-required","not-required","not-required","not-required","","","",""
"component.components-doceditor.form-control.noi-dung-hang-muc","components/DocEditor.jsx","90","component.components-doceditor","form-control","Nội dung / hạng mục","DocEditor","onChange","form-control","classified-local","high","setItem","","","","","","","","","","","false","false","not-required","not-required","not-required","not-required","","","",""
"component.components-doceditor.form-control.input.5","components/DocEditor.jsx","91","component.components-doceditor","form-control","","DocEditor","onChange","form-control","classified-local","high","setItem","","","","","","","","","","","false","false","not-required","not-required","not-required","not-required","","","",""
"component.components-doceditor.form-control.input.6","components/DocEditor.jsx","92","component.components-doceditor","form-control","","DocEditor","onChange","form-control","classified-local","high","setItem","","","","","","","","","","","false","false","not-required","not-required","not-required","not-required","","","",""
"component.components-doceditor.action.xoa-dong","components/DocEditor.jsx","95","component.components-doceditor","action","Xóa dòng","DocEditor","onClick","local-state","classified-local","high","","","","","","","","","","","","false","false","not-required","not-required","not-required","not-required","","","",""
"component.components-doceditor.action.them-dong","components/DocEditor.jsx","101","component.components-doceditor","action","Thêm dòng","DocEditor","onClick","local-state","classified-local","high","","","","","","","","","","","","false","false","not-required","not-required","not-required","not-required","","","",""
"component.components-doceditor.form-control.them-nhanh-tu-bang-gia-dich-vu","components/DocEditor.jsx","104","component.components-doceditor","form-control","— Thêm nhanh từ bảng giá dịch vụ —","DocEditor","onChange","form-control","classified-local","high","","","","","","","","","","","","false","false","not-required","not-required","not-required","not-required","","","",""
"component.components-doclinks.navigation.l-url","components/DocLinks.jsx","27","component.components-doclinks","navigation","l.url","DocLinks","","navigation","classified-local","high","","","","","","","doclinks","","DocLink","","","false","false","not-required","not-required","not-required","not-required","","","",""
"component.components-doclinks.action.setlinktodelete-l","components/DocLinks.jsx","29","component.components-doclinks","action","","DocLinks","onClick","local-state","classified-local","high","","","","","","","doclinks","","DocLink","","","false","false","not-required","not-required","not-required","not-required","","","",""
"component.components-doclinks.form-control.ten-vd-brief","components/DocLinks.jsx","34","component.components-doclinks","form-control","Tên (VD: Brief)","DocLinks","onChange","form-control","classified-local","high","","","","","","","doclinks","","DocLink","","","false","false","not-required","not-required","not-required","not-required","","","",""
"component.components-doclinks.form-control.https","components/DocLinks.jsx","35","component.components-doclinks","form-control","https://…","DocLinks","onChange","form-control","classified-local","high","","","","","","","doclinks","","DocLink","","","false","false","not-required","not-required","not-required","not-required","","","",""
"component.components-doclinks.action.gan","components/DocLinks.jsx","36","component.components-doclinks","action","Gắn","DocLinks","onClick","data-action","handler-resolved","high","add","","","","POST /api/data/doclinks","create:doclinks","doclinks","Approval | AuditLog | Conversation | DocLink | Lead | Leave | Message | Notification | Onboarding | Project | Quote | RealmChangeEvent | RealmGoldEntry | Rule | Setting | Task | TaskEvent | Team | Transaction | User | VendorBill | Webhook","DocLink","registry-rbac","ACCOUNTANT | AM | DIRECTOR | HR | LEAD | PM | STAFF","false","false","async-button-guard","hook-refresh","hook-error-toast","not-required","","","",""
"component.components-doclinks.action.ong","components/DocLinks.jsx","47","component.components-doclinks","action","Đóng","DocLinksModal","onClick","delegated-action","delegated","high","","onClose","route:/contracts | route:/projects","","","","doclinks","","DocLink","","","false","false","not-required","not-required","not-required","not-required","","","",""
"component.components-realm-adventurerchronicle.action.thu-lai","components/realm/AdventurerChronicle.jsx","37","component.components-realm-adventurerchronicle","action","Thử lại","StateCard","onClick","delegated-action","delegated","high","load | reload | retry","onRetry","component:realm/AdventurerChronicle | component:realm/GoldEconomyObservatory | component:realm/GuildHall | component:realm/RoyalCommandCenter | component:realm/RoyalEmbassy | component:realm/RoyalTreasuryExchange","","","","","","","","","false","false","not-required","not-required","not-required","not-required","","","",""
"component.components-realm-adventurerchronicle.navigation.mo-task-erp","components/realm/AdventurerChronicle.jsx","55","component.components-realm-adventurerchronicle","navigation","Mở Task ERP","QuestCard","","navigation","classified-local","high","","","","","","","","","","","","false","false","not-required","not-required","not-required","not-required","","","",""
"component.components-realm-adventurerchronicle.action.thu-lai.2","components/realm/AdventurerChronicle.jsx","128","component.components-realm-adventurerchronicle","action","Thử lại","AdventurerChronicle","onClick","local-state","classified-local","high","reload","","","","","","","","","","","false","false","not-required","not-required","not-required","not-required","","","",""
"component.components-realm-adventurerchronicle.form-control.input","components/realm/AdventurerChronicle.jsx","141","component.components-realm-adventurerchronicle","form-control","","AdventurerChronicle","onChange","form-control","classified-local","high","","","","","","","","","","","","false","false","not-required","not-required","not-required","not-required","","","",""
"component.components-realm-adventurerchronicle.navigation.mo-toan-bo-task-erp","components/realm/AdventurerChronicle.jsx","144","component.components-realm-adventurerchronicle","navigation","Mở toàn bộ Task ERP","AdventurerChronicle","","navigation","classified-local","high","","","","","","","","","","","","false","false","not-required","not-required","not-required","not-required","","","",""
"component.components-realm-adventurerchronicle.navigation.mo-attendance","components/realm/AdventurerChronicle.jsx","154","component.components-realm-adventurerchronicle","navigation","Mở Attendance","AdventurerChronicle","","navigation","classified-local","high","","","","","","","","","","","","false","false","not-required","not-required","not-required","not-required","","","",""
"component.components-realm-adventurerchronicle.navigation.mo-timesheet","components/realm/AdventurerChronicle.jsx","154","component.components-realm-adventurerchronicle","navigation","Mở Timesheet","AdventurerChronicle","","navigation","classified-local","high","","","","","","","","","","","","false","false","not-required","not-required","not-required","not-required","","","",""
"component.components-realm-adventurerchronicle.navigation.campaign-href","components/realm/AdventurerChronicle.jsx","175","component.components-realm-adventurerchronicle","navigation","campaign.href","AdventurerChronicle","","navigation","classified-local","high","","","","","","","","","","","","false","false","not-required","not-required","not-required","not-required","","","",""
"component.components-realm-adventurerchronicle.navigation.event-href","components/realm/AdventurerChronicle.jsx","181","component.components-realm-adventurerchronicle","navigation","event.href","AdventurerChronicle","","navigation","classified-local","high","","","","","","","","","","","","false","false","not-required","not-required","not-required","not-required","","","",""
"component.components-realm-adventurerchronicle.navigation.mo-council-chamber","components/realm/AdventurerChronicle.jsx","185","component.components-realm-adventurerchronicle","navigation","Mở Council Chamber","AdventurerChronicle","","navigation","classified-local","high","","","","","","","","","","","","false","false","not-required","not-required","not-required","not-required","","","",""
"component.components-realm-goldeconomyobservatory.action.thu-lai","components/realm/GoldEconomyObservatory.jsx","32","component.components-realm-goldeconomyobservatory","action","Thử lại","StateCard","onClick","delegated-action","delegated","high","load | reload | retry","onRetry","component:realm/AdventurerChronicle | component:realm/GoldEconomyObservatory | component:realm/GuildHall | component:realm/RoyalCommandCenter | component:realm/RoyalEmbassy | component:realm/RoyalTreasuryExchange","","","","","","","","","false","false","not-required","not-required","not-required","not-required","","","",""
"component.components-realm-goldeconomyobservatory.action.xuat-csv","components/realm/GoldEconomyObservatory.jsx","182","component.components-realm-goldeconomyobservatory","action","Xuất CSV ( / )","LedgerExplorer","onClick","browser-action","classified-local","high","exportCsv","","","","","","","","","","","false","false","not-required","not-required","not-required","not-required","URL.createObjectURL | URL.revokeObjectURL | document.createElement | window.setTimeout","","anchor.download | anchor.href",""
"component.components-realm-goldeconomyobservatory.form-control.ten-nhan-hoac-ma-nguon","components/realm/GoldEconomyObservatory.jsx","185","component.components-realm-goldeconomyobservatory","form-control","Tên, nhãn hoặc mã nguồn","LedgerExplorer","onChange","form-control","classified-local","high","","","","","","","","","","","","false","false","not-required","not-required","not-required","not-required","","","",""
"component.components-realm-goldeconomyobservatory.form-control.select","components/realm/GoldEconomyObservatory.jsx","186","component.components-realm-goldeconomyobservatory","form-control","","LedgerExplorer","onChange","form-control","classified-local","high","","","","","","","","","","","","false","false","not-required","not-required","not-required","not-required","","","",""
"component.components-realm-goldeconomyobservatory.form-control.ca-vao-va-ra-gold-vao-gold-ra","components/realm/GoldEconomyObservatory.jsx","187","component.components-realm-goldeconomyobservatory","form-control","Cả vào và ra / Gold vào / Gold ra","LedgerExplorer","onChange","form-control","classified-local","high","","","","","","","","","","","","false","false","not-required","not-required","not-required","not-required","","","",""
"component.components-realm-guildhall.action.thu-lai","components/realm/GuildHall.jsx","32","component.components-realm-guildhall","action","Thử lại","StateCard","onClick","delegated-action","delegated","high","load | reload | retry","onRetry","component:realm/AdventurerChronicle | component:realm/GoldEconomyObservatory | component:realm/GuildHall | component:realm/RoyalCommandCenter | component:realm/RoyalEmbassy | component:realm/RoyalTreasuryExchange","","","","","","","","","false","false","not-required","not-required","not-required","not-required","","","",""
"component.components-realm-guildhall.action.content","components/realm/GuildHall.jsx","60","component.components-realm-guildhall","action","{content}","MemberRow","onClick","delegated-action","delegated","high","","onSelect | onSelectMember","component:realm/GuildHall","","","","","","","","","false","false","not-required","not-required","not-required","not-required","","","",""
"component.components-realm-guildhall.action.mo-war-room","components/realm/GuildHall.jsx","78","component.components-realm-guildhall","action","Mở War Room","CampaignCard","onClick","delegated-action","delegated","high","","onOpen | onOpenCampaign","component:realm/GuildHall","","","","","","","","","false","false","not-required","not-required","not-required","not-required","","","",""
"component.components-realm-guildhall.action.crm-relationship-bridge-mo-royal-embassy-xem-tan-thu-pipeline-co","components/realm/GuildHall.jsx","159","component.components-realm-guildhall","action","CRM relationship bridge / Mở Royal Embassy / Xem tân thư, pipeline cơ hội và sổ minh ước với đối tác.","GuildHall","onClick","delegated-action","delegated","high","openAuthorizedPanel","onOpenEmbassy","component:realm/RealmOffice","","","","","","","","","false","false","not-required","not-required","not-required","not-required","","import:realmAccessForPanel | import:realmAccessForSurface","",""
"component.components-realm-realmcreateactiondialog.action.huy","components/realm/RealmCreateActionDialog.jsx","48","component.components-realm-realmcreateactiondialog","action","Hủy","TaskCommentDialog","onClick","delegated-action","delegated","high","","onClose","component:realm/RealmCreateActionDialog","","","","","","","","","false","false","not-required","not-required","not-required","not-required","","","",""
"component.components-realm-realmcreateactiondialog.action.gui-toi-task-erp","components/realm/RealmCreateActionDialog.jsx","49","component.components-realm-realmcreateactiondialog","action","Gửi tới Task ERP","TaskCommentDialog","onClick","data-action","handler-resolved","high","postAction | submit","onComplete","component:realm/RealmCreateActionDialog","","POST /api/realm-demo/actions","","","Activity | AuditLog | Conversation | Lead | Message | Notification | Onboarding | Project | RealmActionReceipt | RealmChangeEvent | Rule | Setting | Task | TaskComment | TaskEvent | User | Webhook","","registry-rbac","ACCOUNTANT | AM | DIRECTOR | HR | LEAD | PM | STAFF","false","false","async-button-guard","toast-or-state","handled-candidate","not-required","","","",""
"component.components-realm-realmcreateactiondialog.form-control.neu-quyet-inh-blocker-hoac-nhac-ong-oi","components/realm/RealmCreateActionDialog.jsx","54","component.components-realm-realmcreateactiondialog","form-control","Nêu quyết định, blocker hoặc @nhắc đồng đội…","TaskCommentDialog","onChange","form-control","classified-local","high","","","","","","","","","","","","false","false","not-required","not-required","not-required","not-required","","","",""
"component.components-realm-realmcreateactiondialog.action.huy.2","components/realm/RealmCreateActionDialog.jsx","90","component.components-realm-realmcreateactiondialog","action","Hủy","LeadFollowupDialog","onClick","delegated-action","delegated","high","","onClose","component:realm/RealmCreateActionDialog","","","","","","","","","false","false","not-required","not-required","not-required","not-required","","","",""
"component.components-realm-realmcreateactiondialog.action.luu-vao-crm-erp","components/realm/RealmCreateActionDialog.jsx","91","component.components-realm-realmcreateactiondialog","action","Lưu vào CRM ERP","LeadFollowupDialog","onClick","data-action","handler-resolved","high","postAction | submit","onComplete","component:realm/RealmCreateActionDialog","","POST /api/realm-demo/actions","","","Activity | AuditLog | Conversation | Lead | Message | Notification | Onboarding | Project | RealmActionReceipt | RealmChangeEvent | Rule | Setting | Task | TaskComment | TaskEvent | User | Webhook","","registry-rbac","ACCOUNTANT | AM | DIRECTOR | HR | LEAD | PM | STAFF","false","false","async-button-guard","toast-or-state","handled-candidate","not-required","","","",""
"component.components-realm-realmcreateactiondialog.form-control.select","components/realm/RealmCreateActionDialog.jsx","96","component.components-realm-realmcreateactiondialog","form-control","","LeadFollowupDialog","onChange","form-control","classified-local","high","","","","","","","","","","","","false","false","not-required","not-required","not-required","not-required","","","",""
"component.components-realm-realmcreateactiondialog.form-control.input","components/realm/RealmCreateActionDialog.jsx","97","component.components-realm-realmcreateactiondialog","form-control","","LeadFollowupDialog","onChange","form-control","classified-local","high","","","","","","","","","","","","false","false","not-required","not-required","not-required","not-required","","","",""
"component.components-realm-realmcreateactiondialog.form-control.vi-du-goi-xac-nhan-pham-vi-proposal","components/realm/RealmCreateActionDialog.jsx","100","component.components-realm-realmcreateactiondialog","form-control","Ví dụ: Gọi xác nhận phạm vi proposal","LeadFollowupDialog","onChange","form-control","classified-local","high","","","","","","","","","","","","false","false","not-required","not-required","not-required","not-required","","","",""
"component.components-realm-realmfeedbacklauncher.action.gui-phan-hoi-ve-realm-pilot","components/realm/RealmFeedbackLauncher.jsx","118","component.components-realm-realmfeedbacklauncher","action","Gửi phản hồi về Realm pilot","RealmFeedbackLauncher","onClick","local-state","classified-local","high","","","","","","","","","","","","false","false","not-required","not-required","not-required","not-required","","","",""
"component.components-realm-realmfeedbacklauncher.action.tiep-tuc-lam-viec","components/realm/RealmFeedbackLauncher.jsx","139","component.components-realm-realmfeedbacklauncher","action","Tiếp tục làm việc","RealmFeedbackLauncher","onClick","browser-action","classified-local","high","close","","","","","","","","","","","false","false","not-required","not-required","not-required","not-required","window.confirm","","requestKeyRef.current",""
"component.components-realm-realmfeedbacklauncher.navigation.ve-erp-an-toan","components/realm/RealmFeedbackLauncher.jsx","141","component.components-realm-realmfeedbacklauncher","navigation","Về ERP an toàn","RealmFeedbackLauncher","onClick","navigation","classified-local","high","","","","","","","","","","","","false","false","not-required","not-required","not-required","not-required","","import:persistWorkspaceSurface","",""
"component.components-realm-realmfeedbacklauncher.form-submit.cho-oi-pilot-biet-ieu-gi-ang-can-tro-cong-viec-khong-can-roi-rea","components/realm/RealmFeedbackLauncher.jsx","146","component.components-realm-realmfeedbacklauncher","form-submit","Cho đội pilot biết điều gì đang cản trở công việc. Không cần rời Realm và không tạo một hệ thống dữ liệu thứ hai. / Loại phản hồi / Mức ảnh hưởng / Mô tả ngắn / * / /120 ký tự / Đi","RealmFeedbackLauncher","onSubmit","data-action","handler-resolved","high","requestKey | submit","","","","POST /api/realm-demo/feedback","","","AuditLog | Conversation | Lead | Message | Notification | Onboarding | Project | RealmChangeEvent | Rule | Setting | Task | TaskEvent | Ticket | User | Webhook","","explicit-rbac","ACCOUNTANT | AM | DIRECTOR | HR | PM | STAFF","false","false","disabled-binding","toast-or-state","handled-candidate","not-required","ref.focus","","event.preventDefault | requestKeyRef.current | submittingRef.current",""
"component.components-realm-realmfeedbacklauncher.form-control.feedback-category","components/realm/RealmFeedbackLauncher.jsx","154","component.components-realm-realmfeedbacklauncher","form-control","feedback-category","RealmFeedbackLauncher","onChange","form-control","classified-local","high","","","","","","","","","","","","false","false","not-required","not-required","not-required","not-required","","","",""
"component.components-realm-realmfeedbacklauncher.form-control.select","components/realm/RealmFeedbackLauncher.jsx","163","component.components-realm-realmfeedbacklauncher","form-control","","RealmFeedbackLauncher","onChange","form-control","classified-local","high","","","","","","","","","","","","false","false","not-required","not-required","not-required","not-required","","","",""
"component.components-realm-realmfeedbacklauncher.form-control.input","components/realm/RealmFeedbackLauncher.jsx","170","component.components-realm-realmfeedbacklauncher","form-control","","RealmFeedbackLauncher","onChange","form-control","classified-local","high","","","","","","","","","","","","false","false","not-required","not-required","not-required","not-required","","","",""
"component.components-realm-realmfeedbacklauncher.form-control.textarea","components/realm/RealmFeedbackLauncher.jsx","176","component.components-realm-realmfeedbacklauncher","form-control","","RealmFeedbackLauncher","onChange","form-control","classified-local","high","","","","","","","","","","","","false","false","not-required","not-required","not-required","not-required","","","",""
"component.components-realm-realmfeedbacklauncher.form-control.input.2","components/realm/RealmFeedbackLauncher.jsx","182","component.components-realm-realmfeedbacklauncher","form-control","","RealmFeedbackLauncher","onChange","form-control","classified-local","high","","","","","","","","","","","","false","false","not-required","not-required","not-required","not-required","","","",""
"component.components-realm-realmfeedbacklauncher.action.huy","components/realm/RealmFeedbackLauncher.jsx","191","component.components-realm-realmfeedbacklauncher","action","Hủy","RealmFeedbackLauncher","onClick","browser-action","classified-local","high","close","","","","","","","","","","","false","false","not-required","not-required","not-required","not-required","window.confirm","","requestKeyRef.current",""
"component.components-realm-realmfeedbacklauncher.action.ang-gui-gui-vao-guild-support","components/realm/RealmFeedbackLauncher.jsx","192","component.components-realm-realmfeedbacklauncher","action","Đang gửi… / Gửi vào Guild Support","RealmFeedbackLauncher","form:onSubmit","data-action","handler-resolved","high","requestKey | submit","","","","POST /api/realm-demo/feedback","","","AuditLog | Conversation | Lead | Message | Notification | Onboarding | Project | RealmChangeEvent | Rule | Setting | Task | TaskEvent | Ticket | User | Webhook","","explicit-rbac","ACCOUNTANT | AM | DIRECTOR | HR | PM | STAFF","false","false","disabled-binding","toast-or-state","handled-candidate","not-required","ref.focus","","event.preventDefault | requestKeyRef.current | submittingRef.current",""
"component.components-realm-realmfeedbacklauncher.navigation.tickets-focus-encodeuricomponent-row-id-from-realm-feedback","components/realm/RealmFeedbackLauncher.jsx","201","component.components-realm-realmfeedbacklauncher","navigation","`/tickets?focus=${encodeURIComponent(row.id)}&from=realm-feedback`","RealmFeedbackLauncher","onClick","navigation","classified-local","high","","","","","","","","","","","","false","false","not-required","not-required","not-required","not-required","","","",""
"component.components-realm-realmfeedbackoperations.action.tai-lai","components/realm/RealmFeedbackOperations.jsx","86","component.components-realm-realmfeedbackoperations","action","Tải lại","RealmFeedbackOperations","onClick","data-action","handler-resolved","high","load | openEditor","","","","GET /api/realm-demo/feedback","","","Setting | Ticket | User","","explicit-rbac","ACCOUNTANT | AM | HR | PM | STAFF","false","false","not-required","not-required","handled-candidate","not-required","","","",""
"component.components-realm-realmfeedbackoperations.action.thu-lai","components/realm/RealmFeedbackOperations.jsx","93","component.components-realm-realmfeedbackoperations","action","Thử lại","RealmFeedbackOperations","onClick","data-action","handler-resolved","high","load | openEditor","","","","GET /api/realm-demo/feedback","","","Setting | Ticket | User","","explicit-rbac","ACCOUNTANT | AM | HR | PM | STAFF","false","false","not-required","not-required","handled-candidate","not-required","","","",""
"component.components-realm-realmfeedbackoperations.form-control.chua-hoan-tat-a-hoan-tat-tat-ca","components/realm/RealmFeedbackOperations.jsx","105","component.components-realm-realmfeedbackoperations","form-control","Chưa hoàn tất / Đã hoàn tất / Tất cả","RealmFeedbackOperations","onChange","form-control","classified-local","high","","","","","","","","","","","","false","false","not-required","not-required","not-required","not-required","","","",""
"component.components-realm-realmfeedbackoperations.action.gui-boi-statuslabel","components/realm/RealmFeedbackOperations.jsx","112","component.components-realm-realmfeedbackoperations","action","· / · gửi bởi / {statusLabel}","RealmFeedbackOperations","onClick","local-state","classified-local","high","openEditor","","","","","","","","","","","false","false","not-required","not-required","not-required","not-required","","","",""
"component.components-realm-realmfeedbackoperations.form-control.select","components/realm/RealmFeedbackOperations.jsx","133","component.components-realm-realmfeedbackoperations","form-control","","RealmFeedbackOperations","onChange","form-control","classified-local","high","","","","","","","","","","","","false","false","not-required","not-required","not-required","not-required","","","",""
"component.components-realm-realmfeedbackoperations.form-control.select.2","components/realm/RealmFeedbackOperations.jsx","134","component.components-realm-realmfeedbackoperations","form-control","","RealmFeedbackOperations","onChange","form-control","classified-local","high","","","","","","","","","","","","false","false","not-required","not-required","not-required","not-required","","","",""
"component.components-realm-realmfeedbackoperations.form-control.chua-gan","components/realm/RealmFeedbackOperations.jsx","135","component.components-realm-realmfeedbackoperations","form-control","Chưa gán","RealmFeedbackOperations","onChange","form-control","classified-local","high","","","","","","","","","","","","false","false","not-required","not-required","not-required","not-required","","","",""
"component.components-realm-realmfeedbackoperations.form-control.textarea","components/realm/RealmFeedbackOperations.jsx","136","component.components-realm-realmfeedbackoperations","form-control","","RealmFeedbackOperations","onChange","form-control","classified-local","high","","","","","","","","","","","","false","false","not-required","not-required","not-required","not-required","","","",""
"component.components-realm-realmfeedbackoperations.action.huy","components/realm/RealmFeedbackOperations.jsx","138","component.components-realm-realmfeedbackoperations","action","Hủy","RealmFeedbackOperations","onClick","local-state","classified-local","high","","","","","","","","","","","","false","false","not-required","not-required","not-required","not-required","","","",""
"component.components-realm-realmfeedbackoperations.action.luu-thong-bao","components/realm/RealmFeedbackOperations.jsx","138","component.components-realm-realmfeedbackoperations","action","Lưu & thông báo","RealmFeedbackOperations","onClick","data-action","handler-resolved","high","load | openEditor | save","","","","GET /api/realm-demo/feedback | PATCH /api/realm-demo/feedback","","","AuditLog | Conversation | Lead | Message | Notification | Onboarding | Project | RealmChangeEvent | Rule | Setting | Task | TaskEvent | Ticket | User | Webhook","","explicit-rbac","ACCOUNTANT | AM | DIRECTOR | HR | PM | STAFF","false","false","async-button-guard","toast-or-state","handled-candidate","not-required","","","",""
"component.components-realm-realmnotificationbell.action.raven","components/realm/RealmNotificationBell.jsx","110","component.components-realm-realmnotificationbell","action","Raven","RealmNotificationBell","onClick","local-state","classified-local","high","","","","String(notification.route || '/messages').startsWith('/') ? notification.route || '/messages' : '/messages'","","","","","","","","false","false","not-required","not-required","not-required","not-required","","","",""
"component.components-realm-realmnotificationbell.action.ang-xu-ly-oc-tat-ca","components/realm/RealmNotificationBell.jsx","130","component.components-realm-realmnotificationbell","action","Đang xử lý… / Đọc tất cả","RealmNotificationBell","onClick","data-action","handler-resolved","high","announceChange | load | markAllRead","","","String(notification.route || '/messages').startsWith('/') ? notification.route || '/messages' : '/messages'","GET /api/notifications | PUT /api/notifications","","","Notification | RealmChangeEvent","","authenticated-custom","","false","false","disabled-binding","toast-or-state","handled-candidate","not-required","window.dispatchEvent","","",""
"component.components-realm-realmnotificationbell.action.ong-raven-inbox","components/realm/RealmNotificationBell.jsx","131","component.components-realm-realmnotificationbell","action","Đóng Raven Inbox","RealmNotificationBell","onClick","browser-action","classified-local","high","closePanel","","","String(notification.route || '/messages').startsWith('/') ? notification.route || '/messages' : '/messages'","","","","","","","","false","false","not-required","not-required","not-required","not-required","ref.focus | window.requestAnimationFrame","","",""
"component.components-realm-realmnotificationbell.action.thu-lai","components/realm/RealmNotificationBell.jsx","136","component.components-realm-realmnotificationbell","action","Thử lại","RealmNotificationBell","onClick","data-action","handler-resolved","high","load","","","String(notification.route || '/messages').startsWith('/') ? notification.route || '/messages' : '/messages'","GET /api/notifications","","","Notification","","authenticated-custom","","false","false","not-required","not-required","handled-candidate","not-required","","","",""
"component.components-realm-realmnotificationbell.action.mo","components/realm/RealmNotificationBell.jsx","138","component.components-realm-realmnotificationbell","action","Mở","RealmNotificationBell","onClick","navigation","handler-resolved","high","announceChange | closePanel | load | markRead","","","String(notification.route || '/messages').startsWith('/') ? notification.route || '/messages' : '/messages'","GET /api/notifications | PUT /api/notifications","","","Notification | RealmChangeEvent","","authenticated-custom","","false","false","not-required","not-required","not-required","not-required","ref.focus | window.dispatchEvent | window.requestAnimationFrame","","",""
"component.components-realm-realmoffice.action.ban-o-van-phong-ao-crmegoric-realms-dung-wasd-hoac-phim-mui-ten-","components/realm/RealmOffice.jsx","621","component.components-realm-realmoffice","action","Bản đồ văn phòng ảo CRMegoric Realms. Dùng WASD hoặc phím mũi tên để di chuyển.","WorldCanvas","onPointerDown","local-state","classified-local","high","clamp | moveTo | pointerMove","","","'/leads' | `/projects/${encodeURIComponent(warRoomCampaign.id)}` | quest.links?.task || realmRecordHref('task', quest.businessRef) | realmRecordHref('client', client.id) | realmRecordHref('lead', lead.id) | realmRecordHref('project', selectedCampaign?.id) | realmRecordHref('staff', member.id) | realmRecordHref('task', task.id)","","","","","","","","false","false","not-required","not-required","not-required","not-required","","","targetRef.current",""
"component.components-realm-realmoffice.action.onemote-emote-id","components/realm/RealmOffice.jsx","635","component.components-realm-realmoffice","action","","WorldCanvas","onClick","delegated-action","delegated","high","showEmote | triggerEmote","onEmote","component:realm/RealmOffice","'/leads' | `/projects/${encodeURIComponent(warRoomCampaign.id)}` | quest.links?.task || realmRecordHref('task', quest.businessRef) | realmRecordHref('client', client.id) | realmRecordHref('lead', lead.id) | realmRecordHref('project', selectedCampaign?.id) | realmRecordHref('staff', member.id) | realmRecordHref('task', task.id)","","","","","","","","false","false","not-required","not-required","not-required","not-required","window.clearTimeout | window.setTimeout","hook:broadcastEmote | import:realmEmote","emoteTimersRef.current.delete | emoteTimersRef.current.set",""
"component.components-realm-realmoffice.action.i-len","components/realm/RealmOffice.jsx","641","component.components-realm-realmoffice","action","Đi lên","WorldCanvas","onPointerDown","local-state","classified-local","high","pressDirection","","","'/leads' | `/projects/${encodeURIComponent(warRoomCampaign.id)}` | quest.links?.task || realmRecordHref('task', quest.businessRef) | realmRecordHref('client', client.id) | realmRecordHref('lead', lead.id) | realmRecordHref('project', selectedCampaign?.id) | realmRecordHref('staff', member.id) | realmRecordHref('task', task.id)","","","","","","","","false","false","not-required","not-required","not-required","not-required","","","keysRef.current.add | keysRef.current.delete | targetRef.current",""
"component.components-realm-realmoffice.action.i-sang-trai","components/realm/RealmOffice.jsx","642","component.components-realm-realmoffice","action","Đi sang trái","WorldCanvas","onPointerDown","local-state","classified-local","high","pressDirection","","","'/leads' | `/projects/${encodeURIComponent(warRoomCampaign.id)}` | quest.links?.task || realmRecordHref('task', quest.businessRef) | realmRecordHref('client', client.id) | realmRecordHref('lead', lead.id) | realmRecordHref('project', selectedCampaign?.id) | realmRecordHref('staff', member.id) | realmRecordHref('task', task.id)","","","","","","","","false","false","not-required","not-required","not-required","not-required","","","keysRef.current.add | keysRef.current.delete | targetRef.current",""
"component.components-realm-realmoffice.action.i-xuong","components/realm/RealmOffice.jsx","643","component.components-realm-realmoffice","action","Đi xuống","WorldCanvas","onPointerDown","local-state","classified-local","high","pressDirection","","","'/leads' | `/projects/${encodeURIComponent(warRoomCampaign.id)}` | quest.links?.task || realmRecordHref('task', quest.businessRef) | realmRecordHref('client', client.id) | realmRecordHref('lead', lead.id) | realmRecordHref('project', selectedCampaign?.id) | realmRecordHref('staff', member.id) | realmRecordHref('task', task.id)","","","","","","","","false","false","not-required","not-required","not-required","not-required","","","keysRef.current.add | keysRef.current.delete | targetRef.current",""
"component.components-realm-realmoffice.action.i-sang-phai","components/realm/RealmOffice.jsx","644","component.components-realm-realmoffice","action","Đi sang phải","WorldCanvas","onPointerDown","local-state","classified-local","high","pressDirection","","","'/leads' | `/projects/${encodeURIComponent(warRoomCampaign.id)}` | quest.links?.task || realmRecordHref('task', quest.businessRef) | realmRecordHref('client', client.id) | realmRecordHref('lead', lead.id) | realmRecordHref('project', selectedCampaign?.id) | realmRecordHref('staff', member.id) | realmRecordHref('task', task.id)","","","","","","","","false","false","not-required","not-required","not-required","not-required","","","keysRef.current.add | keysRef.current.delete | targetRef.current",""
"component.components-realm-realmoffice.action.onselect-person","components/realm/RealmOffice.jsx","662","component.components-realm-realmoffice","action","","RemoteVideoTile","onClick","delegated-action","delegated","high","","onPerson | onSelect","component:realm/RealmOffice","'/leads' | `/projects/${encodeURIComponent(warRoomCampaign.id)}` | quest.links?.task || realmRecordHref('task', quest.businessRef) | realmRecordHref('client', client.id) | realmRecordHref('lead', lead.id) | realmRecordHref('project', selectedCampaign?.id) | realmRecordHref('staff', member.id) | realmRecordHref('task', task.id)","","","","","","","","false","false","not-required","not-required","not-required","not-required","","","",""
"component.components-realm-realmoffice.action.tat-mic-bat-mic","components/realm/RealmOffice.jsx","734","component.components-realm-realmoffice","action","Tắt mic / Bật mic","MediaDock","onClick","delegated-action","delegated","high","getTrack | toggleMic","onMic","component:realm/RealmOffice","'/leads' | `/projects/${encodeURIComponent(warRoomCampaign.id)}` | quest.links?.task || realmRecordHref('task', quest.businessRef) | realmRecordHref('client', client.id) | realmRecordHref('lead', lead.id) | realmRecordHref('project', selectedCampaign?.id) | realmRecordHref('staff', member.id) | realmRecordHref('task', task.id)","","","","","","","","false","false","not-required","not-required","not-required","not-required","navigator.mediaDevices.getUserMedia","","mediaRef.current | stream | track | track.enabled | videoRef.current.srcObject",""
"component.components-realm-realmoffice.action.tat-camera-camera","components/realm/RealmOffice.jsx","735","component.components-realm-realmoffice","action","Tắt camera / Camera","MediaDock","onClick","delegated-action","delegated","high","getTrack | toggleCamera","onCamera","component:realm/RealmOffice","'/leads' | `/projects/${encodeURIComponent(warRoomCampaign.id)}` | quest.links?.task || realmRecordHref('task', quest.businessRef) | realmRecordHref('client', client.id) | realmRecordHref('lead', lead.id) | realmRecordHref('project', selectedCampaign?.id) | realmRecordHref('staff', member.id) | realmRecordHref('task', task.id)","","","","","","","","false","false","not-required","not-required","not-required","not-required","navigator.mediaDevices.getUserMedia","","mediaRef.current | stream | track | track.enabled | videoRef.current.srcObject",""
"component.components-realm-realmoffice.action.dung-chia-se-chia-se","components/realm/RealmOffice.jsx","736","component.components-realm-realmoffice","action","Dừng chia sẻ / Chia sẻ","MediaDock","onClick","delegated-action","delegated","high","toggleShare","onShare","component:realm/RealmOffice","'/leads' | `/projects/${encodeURIComponent(warRoomCampaign.id)}` | quest.links?.task || realmRecordHref('task', quest.businessRef) | realmRecordHref('client', client.id) | realmRecordHref('lead', lead.id) | realmRecordHref('project', selectedCampaign?.id) | realmRecordHref('staff', member.id) | realmRecordHref('task', task.id)","","","","","","","","false","false","not-required","not-required","not-required","not-required","navigator.mediaDevices.getDisplayMedia","","screenRef.current | stream.getVideoTracks()[0].onended",""
"component.components-realm-realmoffice.action.loai","components/realm/RealmOffice.jsx","1654","component.components-realm-realmoffice","action","Loại","RealmOfficeInner","onClick","local-state","classified-local","high","","","","'/leads' | `/projects/${encodeURIComponent(warRoomCampaign.id)}` | quest.links?.task || realmRecordHref('task', quest.businessRef) | realmRecordHref('client', client.id) | realmRecordHref('lead', lead.id) | realmRecordHref('project', selectedCampaign?.id) | realmRecordHref('staff', member.id) | realmRecordHref('task', task.id)","","","","","","","","false","false","not-required","not-required","not-required","not-required","","","",""
"component.components-realm-realmoffice.action.thu-hoi","components/realm/RealmOffice.jsx","1669","component.components-realm-realmoffice","action","Thu hồi","RealmOfficeInner","onClick","helper-action","classified-local","high","","","","'/leads' | `/projects/${encodeURIComponent(warRoomCampaign.id)}` | quest.links?.task || realmRecordHref('task', quest.businessRef) | realmRecordHref('client', client.id) | realmRecordHref('lead', lead.id) | realmRecordHref('project', selectedCampaign?.id) | realmRecordHref('staff', member.id) | realmRecordHref('task', task.id)","","","","","","","","false","false","not-required","not-required","not-required","not-required","","hook:cancelInvite","",""
"component.components-realm-realmoffice.action.invitetoparty-person","components/realm/RealmOffice.jsx","1679","component.components-realm-realmoffice","action","","RealmOfficeInner","onClick","helper-action","classified-local","high","","","","'/leads' | `/projects/${encodeURIComponent(warRoomCampaign.id)}` | quest.links?.task || realmRecordHref('task', quest.businessRef) | realmRecordHref('client', client.id) | realmRecordHref('lead', lead.id) | realmRecordHref('project', selectedCampaign?.id) | realmRecordHref('staff', member.id) | realmRecordHref('task', task.id)","","","","","","","","false","false","not-required","not-required","not-required","not-required","","hook:inviteToParty","",""
"component.components-realm-realmoffice.action.huy","components/realm/RealmOffice.jsx","1702","component.components-realm-realmoffice","action","Hủy","RealmOfficeInner","onClick","local-state","classified-local","high","","","","'/leads' | `/projects/${encodeURIComponent(warRoomCampaign.id)}` | quest.links?.task || realmRecordHref('task', quest.businessRef) | realmRecordHref('client', client.id) | realmRecordHref('lead', lead.id) | realmRecordHref('project', selectedCampaign?.id) | realmRecordHref('staff', member.id) | realmRecordHref('task', task.id)","","","","","","","","false","false","not-required","not-required","not-required","not-required","","","",""
"component.components-realm-realmoffice.action.xac-nhan","components/realm/RealmOffice.jsx","1703","component.components-realm-realmoffice","action","Xác nhận","RealmOfficeInner","onClick","local-state","classified-local","high","confirmPartyAction","","","'/leads' | `/projects/${encodeURIComponent(warRoomCampaign.id)}` | quest.links?.task || realmRecordHref('task', quest.businessRef) | realmRecordHref('client', client.id) | realmRecordHref('lead', lead.id) | realmRecordHref('project', selectedCampaign?.id) | realmRecordHref('staff', member.id) | realmRecordHref('task', task.id)","","","","","","","","false","false","not-required","not-required","not-required","not-required","","hook:kickMember | hook:leaveParty","",""
"component.components-realm-realmoffice.action.ket-thuc-party-roi-party","components/realm/RealmOffice.jsx","1707","component.components-realm-realmoffice","action","Kết thúc Party / Rời Party","RealmOfficeInner","onClick","local-state","classified-local","high","","","","'/leads' | `/projects/${encodeURIComponent(warRoomCampaign.id)}` | quest.links?.task || realmRecordHref('task', quest.businessRef) | realmRecordHref('client', client.id) | realmRecordHref('lead', lead.id) | realmRecordHref('project', selectedCampaign?.id) | realmRecordHref('staff', member.id) | realmRecordHref('task', task.id)","","","","","","","","false","false","not-required","not-required","not-required","not-required","","","",""
"component.components-realm-realmoffice.action.thu-hoi-loi-moi","components/realm/RealmOffice.jsx","1714","component.components-realm-realmoffice","action","Thu hồi lời mời","RealmOfficeInner","onClick","helper-action","classified-local","high","","","","'/leads' | `/projects/${encodeURIComponent(warRoomCampaign.id)}` | quest.links?.task || realmRecordHref('task', quest.businessRef) | realmRecordHref('client', client.id) | realmRecordHref('lead', lead.id) | realmRecordHref('project', selectedCampaign?.id) | realmRecordHref('staff', member.id) | realmRecordHref('task', task.id)","","","","","","","","false","false","not-required","not-required","not-required","not-required","","hook:cancelInvite","",""
"component.components-realm-realmoffice.action.invitetoparty-person.2","components/realm/RealmOffice.jsx","1724","component.components-realm-realmoffice","action","","RealmOfficeInner","onClick","helper-action","classified-local","high","","","","'/leads' | `/projects/${encodeURIComponent(warRoomCampaign.id)}` | quest.links?.task || realmRecordHref('task', quest.businessRef) | realmRecordHref('client', client.id) | realmRecordHref('lead', lead.id) | realmRecordHref('project', selectedCampaign?.id) | realmRecordHref('staff', member.id) | realmRecordHref('task', task.id)","","","","","","","","false","false","not-required","not-required","not-required","not-required","","hook:inviteToParty","",""
"component.components-realm-realmoffice.action.i-toi","components/realm/RealmOffice.jsx","1779","component.components-realm-realmoffice","action","Đi tới","RealmOfficeInner","onClick","browser-action","classified-local","high","moveToSelectedPerson","","","'/leads' | `/projects/${encodeURIComponent(warRoomCampaign.id)}` | quest.links?.task || realmRecordHref('task', quest.businessRef) | realmRecordHref('client', client.id) | realmRecordHref('lead', lead.id) | realmRecordHref('project', selectedCampaign?.id) | realmRecordHref('staff', member.id) | realmRecordHref('task', task.id)","","","","","","","","false","false","not-required","not-required","not-required","not-required","window.dispatchEvent","","",""
"component.components-realm-realmoffice.action.hi-vay-chao","components/realm/RealmOffice.jsx","1780","component.components-realm-realmoffice","action","HI / Vẫy chào","RealmOfficeInner","onClick","browser-action","classified-local","high","showEmote | triggerEmote","","","'/leads' | `/projects/${encodeURIComponent(warRoomCampaign.id)}` | quest.links?.task || realmRecordHref('task', quest.businessRef) | realmRecordHref('client', client.id) | realmRecordHref('lead', lead.id) | realmRecordHref('project', selectedCampaign?.id) | realmRecordHref('staff', member.id) | realmRecordHref('task', task.id)","","","","","","","","false","false","not-required","not-required","not-required","not-required","window.clearTimeout | window.setTimeout","hook:broadcastEmote | import:realmEmote","emoteTimersRef.current.delete | emoteTimersRef.current.set",""
"component.components-realm-realmoffice.action.partyactionlabel","components/realm/RealmOffice.jsx","1783","component.components-realm-realmoffice","action","{partyActionLabel}","RealmOfficeInner","onClick","helper-action","classified-local","high","","","","'/leads' | `/projects/${encodeURIComponent(warRoomCampaign.id)}` | quest.links?.task || realmRecordHref('task', quest.businessRef) | realmRecordHref('client', client.id) | realmRecordHref('lead', lead.id) | realmRecordHref('project', selectedCampaign?.id) | realmRecordHref('staff', member.id) | realmRecordHref('task', task.id)","","","","","","","","false","false","not-required","not-required","not-required","not-required","","hook:inviteToParty","",""
"component.components-realm-realmoffice.form-submit.thi-tham-rieng-chi-nhan-uoc-tin-nhan-nay","components/realm/RealmOffice.jsx","1794","component.components-realm-realmoffice","form-submit","Thì thầm riêng / Chỉ / nhận được tin nhắn này.","RealmOfficeInner","onSubmit","local-state","classified-local","high","sendWhisperToSelected","","","'/leads' | `/projects/${encodeURIComponent(warRoomCampaign.id)}` | quest.links?.task || realmRecordHref('task', quest.businessRef) | realmRecordHref('client', client.id) | realmRecordHref('lead', lead.id) | realmRecordHref('project', selectedCampaign?.id) | realmRecordHref('staff', member.id) | realmRecordHref('task', task.id)","","","","","","","","false","false","not-required","not-required","not-required","not-required","","hook:broadcastWhisper | import:normalizeRealmText","event.preventDefault",""
"component.components-realm-realmoffice.form-control.viet-loi-nhan-rieng","components/realm/RealmOffice.jsx","1798","component.components-realm-realmoffice","form-control","Viết lời nhắn riêng…","RealmOfficeInner","onChange","form-control","classified-local","high","","","","'/leads' | `/projects/${encodeURIComponent(warRoomCampaign.id)}` | quest.links?.task || realmRecordHref('task', quest.businessRef) | realmRecordHref('client', client.id) | realmRecordHref('lead', lead.id) | realmRecordHref('project', selectedCampaign?.id) | realmRecordHref('staff', member.id) | realmRecordHref('task', task.id)","","","","","","","","false","false","not-required","not-required","not-required","not-required","","","",""
"component.components-realm-realmoffice.action.button","components/realm/RealmOffice.jsx","1799","component.components-realm-realmoffice","action","","RealmOfficeInner","form:onSubmit","local-state","classified-local","high","sendWhisperToSelected","","","'/leads' | `/projects/${encodeURIComponent(warRoomCampaign.id)}` | quest.links?.task || realmRecordHref('task', quest.businessRef) | realmRecordHref('client', client.id) | realmRecordHref('lead', lead.id) | realmRecordHref('project', selectedCampaign?.id) | realmRecordHref('staff', member.id) | realmRecordHref('task', task.id)","","","","","","","","false","false","not-required","not-required","not-required","not-required","","hook:broadcastWhisper | import:normalizeRealmText","event.preventDefault",""
"component.components-realm-realmoffice.form-submit.go-cua-erp-nguoi-nhan-ang-offline-loi-nhan-van-uoc-luu-trong-not","components/realm/RealmOffice.jsx","1804","component.components-realm-realmoffice","form-submit","Gõ cửa ERP / Người nhận đang offline; lời nhắn vẫn được lưu trong Notification và Lantern Mail.","RealmOfficeInner","onSubmit","data-action","handler-resolved","high","sendContactToSelected","","","'/leads' | `/projects/${encodeURIComponent(warRoomCampaign.id)}` | quest.links?.task || realmRecordHref('task', quest.businessRef) | realmRecordHref('client', client.id) | realmRecordHref('lead', lead.id) | realmRecordHref('project', selectedCampaign?.id) | realmRecordHref('staff', member.id) | realmRecordHref('task', task.id)","POST /api/collaboration/contact","","","CollaborationContactRequest | CollaborationPresenceSession | ConvMember | Conversation | Message | Notification | RealmChangeEvent | User","","authenticated-custom","","false","false","disabled-binding","toast-or-state","handled-candidate","not-required","","import:normalizeRealmText","event.preventDefault",""
"component.components-realm-realmoffice.form-control.ban-muon-trao-oi-viec-gi","components/realm/RealmOffice.jsx","1810","component.components-realm-realmoffice","form-control","Bạn muốn trao đổi việc gì?","RealmOfficeInner","onChange","form-control","classified-local","high","","","","'/leads' | `/projects/${encodeURIComponent(warRoomCampaign.id)}` | quest.links?.task || realmRecordHref('task', quest.businessRef) | realmRecordHref('client', client.id) | realmRecordHref('lead', lead.id) | realmRecordHref('project', selectedCampaign?.id) | realmRecordHref('staff', member.id) | realmRecordHref('task', task.id)","","","","","","","","false","false","not-required","not-required","not-required","not-required","","","",""
"component.components-realm-realmoffice.action.button.2","components/realm/RealmOffice.jsx","1817","component.components-realm-realmoffice","action","","RealmOfficeInner","form:onSubmit","data-action","handler-resolved","high","sendContactToSelected","","","'/leads' | `/projects/${encodeURIComponent(warRoomCampaign.id)}` | quest.links?.task || realmRecordHref('task', quest.businessRef) | realmRecordHref('client', client.id) | realmRecordHref('lead', lead.id) | realmRecordHref('project', selectedCampaign?.id) | realmRecordHref('staff', member.id) | realmRecordHref('task', task.id)","POST /api/collaboration/contact","","","CollaborationContactRequest | CollaborationPresenceSession | ConvMember | Conversation | Message | Notification | RealmChangeEvent | User","","authenticated-custom","","false","false","disabled-binding","toast-or-state","handled-candidate","not-required","","import:normalizeRealmText","event.preventDefault",""
"component.components-realm-realmoffice.navigation.mo-lantern-mail","components/realm/RealmOffice.jsx","1828","component.components-realm-realmoffice","navigation","Mở Lantern Mail","RealmOfficeInner","onClick","navigation","classified-local","high","","","","'/leads' | `/projects/${encodeURIComponent(warRoomCampaign.id)}` | quest.links?.task || realmRecordHref('task', quest.businessRef) | realmRecordHref('client', client.id) | realmRecordHref('lead', lead.id) | realmRecordHref('project', selectedCampaign?.id) | realmRecordHref('staff', member.id) | realmRecordHref('task', task.id)","","","","","","","","false","false","not-required","not-required","not-required","not-required","","","",""
"component.components-realm-realmoffice.form-submit.ten-hien-thi-class-trong-realm-mau-huy-hieu-ang-ong-bo-luu-ho-so","components/realm/RealmOffice.jsx","1848","component.components-realm-realmoffice","form-submit","Tên hiển thị / Class trong Realm / Màu huy hiệu / Đang đồng bộ… / Lưu hồ sơ","RealmOfficeInner","onSubmit","data-action","handler-resolved","high","applyRemoteOperations | postRealmErpAction | realmTraceFromResponse | saveProfile","","","'/leads' | `/projects/${encodeURIComponent(warRoomCampaign.id)}` | quest.links?.task || realmRecordHref('task', quest.businessRef) | realmRecordHref('client', client.id) | realmRecordHref('lead', lead.id) | realmRecordHref('project', selectedCampaign?.id) | realmRecordHref('staff', member.id) | realmRecordHref('task', task.id)","POST /api/realm-demo/operations","","","AuditLog | RealmChangeEvent | RealmGoldEntry | RealmProfile | Setting | Task | TaskEvent | User","","explicit-rbac","ACCOUNTANT | AM | DIRECTOR | HR | LEAD | PM | STAFF","false","false","disabled-binding","toast-or-state","handled-candidate","not-required","window.clearTimeout | window.setTimeout","import:createRealmErpBridge | import:createRealmOperations | import:normalizeProfile","event.preventDefault | operationsSyncEtagRef.current | responseError.code | writeError.code | writeError.outcome",""
"component.components-realm-realmoffice.form-control.input","components/realm/RealmOffice.jsx","1854","component.components-realm-realmoffice","form-control","","RealmOfficeInner","onChange","form-control","classified-local","high","","","","'/leads' | `/projects/${encodeURIComponent(warRoomCampaign.id)}` | quest.links?.task || realmRecordHref('task', quest.businessRef) | realmRecordHref('client', client.id) | realmRecordHref('lead', lead.id) | realmRecordHref('project', selectedCampaign?.id) | realmRecordHref('staff', member.id) | realmRecordHref('task', task.id)","","","","","","","","false","false","not-required","not-required","not-required","not-required","","","",""
"component.components-realm-realmoffice.form-control.select","components/realm/RealmOffice.jsx","1857","component.components-realm-realmoffice","form-control","","RealmOfficeInner","onChange","form-control","classified-local","high","","","","'/leads' | `/projects/${encodeURIComponent(warRoomCampaign.id)}` | quest.links?.task || realmRecordHref('task', quest.businessRef) | realmRecordHref('client', client.id) | realmRecordHref('lead', lead.id) | realmRecordHref('project', selectedCampaign?.id) | realmRecordHref('staff', member.id) | realmRecordHref('task', task.id)","","","","","","","","false","false","not-required","not-required","not-required","not-required","","","",""
"component.components-realm-realmoffice.form-control.input.2","components/realm/RealmOffice.jsx","1862","component.components-realm-realmoffice","form-control","","RealmOfficeInner","onChange","form-control","classified-local","high","","","","'/leads' | `/projects/${encodeURIComponent(warRoomCampaign.id)}` | quest.links?.task || realmRecordHref('task', quest.businessRef) | realmRecordHref('client', client.id) | realmRecordHref('lead', lead.id) | realmRecordHref('project', selectedCampaign?.id) | realmRecordHref('staff', member.id) | realmRecordHref('task', task.id)","","","","","","","","false","false","not-required","not-required","not-required","not-required","","","",""
"component.components-realm-realmoffice.action.ang-ong-bo-luu-ho-so","components/realm/RealmOffice.jsx","1865","component.components-realm-realmoffice","action","Đang đồng bộ… / Lưu hồ sơ","RealmOfficeInner","form:onSubmit","data-action","handler-resolved","high","applyRemoteOperations | postRealmErpAction | realmTraceFromResponse | saveProfile","","","'/leads' | `/projects/${encodeURIComponent(warRoomCampaign.id)}` | quest.links?.task || realmRecordHref('task', quest.businessRef) | realmRecordHref('client', client.id) | realmRecordHref('lead', lead.id) | realmRecordHref('project', selectedCampaign?.id) | realmRecordHref('staff', member.id) | realmRecordHref('task', task.id)","POST /api/realm-demo/operations","","","AuditLog | RealmChangeEvent | RealmGoldEntry | RealmProfile | Setting | Task | TaskEvent | User","","explicit-rbac","ACCOUNTANT | AM | DIRECTOR | HR | LEAD | PM | STAFF","false","false","disabled-binding","toast-or-state","handled-candidate","not-required","window.clearTimeout | window.setTimeout","import:createRealmErpBridge | import:createRealmOperations | import:normalizeProfile","event.preventDefault | operationsSyncEtagRef.current | responseError.code | writeError.code | writeError.outcome",""
"component.components-realm-realmoffice.action.nhan-gold","components/realm/RealmOffice.jsx","1901","component.components-realm-realmoffice","action","Nhận / Gold","RealmOfficeInner","onClick","data-action","handler-resolved","high","applyRemoteOperations | claimQuest | postRealmErpAction | realmTraceFromResponse","","","'/leads' | `/projects/${encodeURIComponent(warRoomCampaign.id)}` | quest.links?.task || realmRecordHref('task', quest.businessRef) | realmRecordHref('client', client.id) | realmRecordHref('lead', lead.id) | realmRecordHref('project', selectedCampaign?.id) | realmRecordHref('staff', member.id) | realmRecordHref('task', task.id)","POST /api/realm-demo/operations","","","AuditLog | RealmChangeEvent | RealmGoldEntry | RealmProfile | Setting | Task | TaskEvent | User","","explicit-rbac","ACCOUNTANT | AM | DIRECTOR | HR | LEAD | PM | STAFF","false","false","disabled-binding","toast-or-state","handled-candidate","not-required","window.clearTimeout | window.setTimeout","import:claimRealmQuest | import:createRealmErpBridge | import:createRealmOperations | import:normalizeProfile","operationsSyncEtagRef.current | responseError.code | writeError.code | writeError.outcome",""
"component.components-realm-realmoffice.navigation.mo-task-erp","components/realm/RealmOffice.jsx","1903","component.components-realm-realmoffice","navigation","Mở Task ERP","RealmOfficeInner","","navigation","classified-local","high","","","","'/leads' | `/projects/${encodeURIComponent(warRoomCampaign.id)}` | quest.links?.task || realmRecordHref('task', quest.businessRef) | realmRecordHref('client', client.id) | realmRecordHref('lead', lead.id) | realmRecordHref('project', selectedCampaign?.id) | realmRecordHref('staff', member.id) | realmRecordHref('task', task.id)","","","","","","","","false","false","not-required","not-required","not-required","not-required","","","",""
"component.components-realm-realmoffice.action.cap-nhat-tien-o-demo","components/realm/RealmOffice.jsx","1904","component.components-realm-realmoffice","action","Cập nhật tiến độ demo","RealmOfficeInner","onClick","navigation","classified-local","high","advanceQuest","","","'/leads' | `/projects/${encodeURIComponent(warRoomCampaign.id)}` | quest.links?.task || realmRecordHref('task', quest.businessRef) | realmRecordHref('client', client.id) | realmRecordHref('lead', lead.id) | realmRecordHref('project', selectedCampaign?.id) | realmRecordHref('staff', member.id) | realmRecordHref('task', task.id)","","","","","","","","false","false","not-required","not-required","not-required","not-required","window.location.assign","import:advanceRealmQuest | import:realmRecordHref","",""
"component.components-realm-realmoffice.action.buyitem-item","components/realm/RealmOffice.jsx","1987","component.components-realm-realmoffice","action","","RealmOfficeInner","onClick","local-state","classified-local","high","buyItem","","","'/leads' | `/projects/${encodeURIComponent(warRoomCampaign.id)}` | quest.links?.task || realmRecordHref('task', quest.businessRef) | realmRecordHref('client', client.id) | realmRecordHref('lead', lead.id) | realmRecordHref('project', selectedCampaign?.id) | realmRecordHref('staff', member.id) | realmRecordHref('task', task.id)","","","","","","","","false","false","not-required","not-required","not-required","not-required","","import:spendRealmGold","",""
"component.components-realm-realmoffice.form-submit.nhan-vao-tavern","components/realm/RealmOffice.jsx","2014","component.components-realm-realmoffice","form-submit","Nhắn vào Tavern","RealmOfficeInner","onSubmit","local-state","classified-local","high","sendChat","","","'/leads' | `/projects/${encodeURIComponent(warRoomCampaign.id)}` | quest.links?.task || realmRecordHref('task', quest.businessRef) | realmRecordHref('client', client.id) | realmRecordHref('lead', lead.id) | realmRecordHref('project', selectedCampaign?.id) | realmRecordHref('staff', member.id) | realmRecordHref('task', task.id)","","","","","","","","false","false","not-required","not-required","not-required","not-required","","hook:broadcastChat","event.preventDefault",""
"component.components-realm-realmoffice.action.gui-tin-nhan","components/realm/RealmOffice.jsx","2016","component.components-realm-realmoffice","action","Gửi tin nhắn","RealmOfficeInner","form:onSubmit","local-state","classified-local","high","sendChat","","","'/leads' | `/projects/${encodeURIComponent(warRoomCampaign.id)}` | quest.links?.task || realmRecordHref('task', quest.businessRef) | realmRecordHref('client', client.id) | realmRecordHref('lead', lead.id) | realmRecordHref('project', selectedCampaign?.id) | realmRecordHref('staff', member.id) | realmRecordHref('task', task.id)","","","","","","","","false","false","not-required","not-required","not-required","not-required","","hook:broadcastChat","event.preventDefault",""
"component.components-realm-realmoffice.form-control.viet-tin-nhan","components/realm/RealmOffice.jsx","2016","component.components-realm-realmoffice","form-control","Viết tin nhắn...","RealmOfficeInner","onChange","form-control","classified-local","high","","","","'/leads' | `/projects/${encodeURIComponent(warRoomCampaign.id)}` | quest.links?.task || realmRecordHref('task', quest.businessRef) | realmRecordHref('client', client.id) | realmRecordHref('lead', lead.id) | realmRecordHref('project', selectedCampaign?.id) | realmRecordHref('staff', member.id) | realmRecordHref('task', task.id)","","","","","","","","false","false","not-required","not-required","not-required","not-required","","","",""
"component.components-realm-realmoffice.action.i-toi.2","components/realm/RealmOffice.jsx","2037","component.components-realm-realmoffice","action","Đi tới","RealmOfficeInner","onClick","browser-action","classified-local","high","moveToObject | openAuthorizedPanel","","","'/leads' | `/projects/${encodeURIComponent(warRoomCampaign.id)}` | quest.links?.task || realmRecordHref('task', quest.businessRef) | realmRecordHref('client', client.id) | realmRecordHref('lead', lead.id) | realmRecordHref('project', selectedCampaign?.id) | realmRecordHref('staff', member.id) | realmRecordHref('task', task.id)","","","","","","","","false","false","not-required","not-required","not-required","not-required","window.dispatchEvent","import:realmAccessForPanel","",""
"component.components-realm-realmoffice.action.realm","components/realm/RealmOffice.jsx","2055","component.components-realm-realmoffice","action","Realm","RealmOfficeInner","onClick","local-state","classified-local","high","","","","'/leads' | `/projects/${encodeURIComponent(warRoomCampaign.id)}` | quest.links?.task || realmRecordHref('task', quest.businessRef) | realmRecordHref('client', client.id) | realmRecordHref('lead', lead.id) | realmRecordHref('project', selectedCampaign?.id) | realmRecordHref('staff', member.id) | realmRecordHref('task', task.id)","","","","","","","","false","false","not-required","not-required","not-required","not-required","","","",""
"component.components-realm-realmoffice.navigation.chuyen-sang-giao-dien-erp-crm","components/realm/RealmOffice.jsx","2058","component.components-realm-realmoffice","navigation","Chuyển sang giao diện ERP CRM","RealmOfficeInner","onClick","navigation","classified-local","high","","","","'/leads' | `/projects/${encodeURIComponent(warRoomCampaign.id)}` | quest.links?.task || realmRecordHref('task', quest.businessRef) | realmRecordHref('client', client.id) | realmRecordHref('lead', lead.id) | realmRecordHref('project', selectedCampaign?.id) | realmRecordHref('staff', member.id) | realmRecordHref('task', task.id)","","","","","","","","false","false","not-required","not-required","not-required","not-required","","import:persistWorkspaceSurface","",""
"component.components-realm-realmoffice.action.so-realm","components/realm/RealmOffice.jsx","2059","component.components-realm-realmoffice","action","Sổ Realm","RealmOfficeInner","onClick","local-state","classified-local","high","","","","'/leads' | `/projects/${encodeURIComponent(warRoomCampaign.id)}` | quest.links?.task || realmRecordHref('task', quest.businessRef) | realmRecordHref('client', client.id) | realmRecordHref('lead', lead.id) | realmRecordHref('project', selectedCampaign?.id) | realmRecordHref('staff', member.id) | realmRecordHref('task', task.id)","","","","","","","","false","false","not-required","not-required","not-required","not-required","","","",""
"component.components-realm-realmoffice.action.erp-crm","components/realm/RealmOffice.jsx","2062","component.components-realm-realmoffice","action","ERP · CRM","RealmOfficeInner","onClick","local-state","classified-local","high","","","","'/leads' | `/projects/${encodeURIComponent(warRoomCampaign.id)}` | quest.links?.task || realmRecordHref('task', quest.businessRef) | realmRecordHref('client', client.id) | realmRecordHref('lead', lead.id) | realmRecordHref('project', selectedCampaign?.id) | realmRecordHref('staff', member.id) | realmRecordHref('task', task.id)","","","","","","","","false","false","not-required","not-required","not-required","not-required","","","",""
"component.components-realm-realmoffice.form-control.trang-thai-hien-dien","components/realm/RealmOffice.jsx","2070","component.components-realm-realmoffice","form-control","Trạng thái hiện diện","RealmOfficeInner","onChange","form-control","classified-local","high","","","","'/leads' | `/projects/${encodeURIComponent(warRoomCampaign.id)}` | quest.links?.task || realmRecordHref('task', quest.businessRef) | realmRecordHref('client', client.id) | realmRecordHref('lead', lead.id) | realmRecordHref('project', selectedCampaign?.id) | realmRecordHref('staff', member.id) | realmRecordHref('task', task.id)","","","","","","","","false","false","not-required","not-required","not-required","not-required","","import:rememberCollaborationAvailability","",""
"component.components-realm-realmoffice.action.tu-choi","components/realm/RealmOffice.jsx","2089","component.components-realm-realmoffice","action","Từ chối","RealmOfficeInner","onClick","helper-action","classified-local","high","","","","'/leads' | `/projects/${encodeURIComponent(warRoomCampaign.id)}` | quest.links?.task || realmRecordHref('task', quest.businessRef) | realmRecordHref('client', client.id) | realmRecordHref('lead', lead.id) | realmRecordHref('project', selectedCampaign?.id) | realmRecordHref('staff', member.id) | realmRecordHref('task', task.id)","","","","","","","","false","false","not-required","not-required","not-required","not-required","","hook:declineInvite","",""
"component.components-realm-realmoffice.action.tham-gia","components/realm/RealmOffice.jsx","2090","component.components-realm-realmoffice","action","Tham gia","RealmOfficeInner","onClick","local-state","classified-local","high","acceptPartyInvite","","","'/leads' | `/projects/${encodeURIComponent(warRoomCampaign.id)}` | quest.links?.task || realmRecordHref('task', quest.businessRef) | realmRecordHref('client', client.id) | realmRecordHref('lead', lead.id) | realmRecordHref('project', selectedCampaign?.id) | realmRecordHref('staff', member.id) | realmRecordHref('task', task.id)","","","","","","","","false","false","not-required","not-required","not-required","not-required","","hook:acceptInvite","",""
"component.components-realm-realmoffice.action.level","components/realm/RealmOffice.jsx","2097","component.components-realm-realmoffice","action","Level / ·","RealmOfficeInner","onClick","local-state","classified-local","high","","","","'/leads' | `/projects/${encodeURIComponent(warRoomCampaign.id)}` | quest.links?.task || realmRecordHref('task', quest.businessRef) | realmRecordHref('client', client.id) | realmRecordHref('lead', lead.id) | realmRecordHref('project', selectedCampaign?.id) | realmRecordHref('staff', member.id) | realmRecordHref('task', task.id)","","","","","","","","false","false","not-required","not-required","not-required","not-required","","","",""
"component.components-realm-realmoffice.action.movetoobject-item-id","components/realm/RealmOffice.jsx","2107","component.components-realm-realmoffice","action","","RealmOfficeInner","onClick","browser-action","classified-local","high","moveToObject | openAuthorizedPanel","","","'/leads' | `/projects/${encodeURIComponent(warRoomCampaign.id)}` | quest.links?.task || realmRecordHref('task', quest.businessRef) | realmRecordHref('client', client.id) | realmRecordHref('lead', lead.id) | realmRecordHref('project', selectedCampaign?.id) | realmRecordHref('staff', member.id) | realmRecordHref('task', task.id)","","","","","","","","false","false","not-required","not-required","not-required","not-required","window.dispatchEvent","import:realmAccessForPanel","",""
"component.components-realm-realmoffice.action.ho-so-nhan-vat","components/realm/RealmOffice.jsx","2117","component.components-realm-realmoffice","action","Hồ sơ nhân vật","RealmOfficeInner","onClick","local-state","classified-local","high","","","","'/leads' | `/projects/${encodeURIComponent(warRoomCampaign.id)}` | quest.links?.task || realmRecordHref('task', quest.businessRef) | realmRecordHref('client', client.id) | realmRecordHref('lead', lead.id) | realmRecordHref('project', selectedCampaign?.id) | realmRecordHref('staff', member.id) | realmRecordHref('task', task.id)","","","","","","","","false","false","not-required","not-required","not-required","not-required","","","",""
"component.components-realm-realmoffice.navigation.mo-erp-crm","components/realm/RealmOffice.jsx","2118","component.components-realm-realmoffice","navigation","Mở ERP · CRM","RealmOfficeInner","onClick","navigation","classified-local","high","","","","'/leads' | `/projects/${encodeURIComponent(warRoomCampaign.id)}` | quest.links?.task || realmRecordHref('task', quest.businessRef) | realmRecordHref('client', client.id) | realmRecordHref('lead', lead.id) | realmRecordHref('project', selectedCampaign?.id) | realmRecordHref('staff', member.id) | realmRecordHref('task', task.id)","","","","","","","","false","false","not-required","not-required","not-required","not-required","","import:persistWorkspaceSurface","",""
"component.components-realm-realmoffice.action.ieu-hanh-erp-crm","components/realm/RealmOffice.jsx","2119","component.components-realm-realmoffice","action","Điều hành ERP · CRM","RealmOfficeInner","onClick","local-state","classified-local","high","","","","'/leads' | `/projects/${encodeURIComponent(warRoomCampaign.id)}` | quest.links?.task || realmRecordHref('task', quest.businessRef) | realmRecordHref('client', client.id) | realmRecordHref('lead', lead.id) | realmRecordHref('project', selectedCampaign?.id) | realmRecordHref('staff', member.id) | realmRecordHref('task', task.id)","","","","","","","","false","false","not-required","not-required","not-required","not-required","","","",""
"component.components-realm-realmoffice.action.e","components/realm/RealmOffice.jsx","2144","component.components-realm-realmoffice","action","E","RealmOfficeInner","onClick","local-state","classified-local","high","openAuthorizedPanel | openObject","","","'/leads' | `/projects/${encodeURIComponent(warRoomCampaign.id)}` | quest.links?.task || realmRecordHref('task', quest.businessRef) | realmRecordHref('client', client.id) | realmRecordHref('lead', lead.id) | realmRecordHref('project', selectedCampaign?.id) | realmRecordHref('staff', member.id) | realmRecordHref('task', task.id)","","","","","","","","false","false","not-required","not-required","not-required","not-required","","import:realmAccessForPanel","",""
"component.components-realm-realmoffice.action.ang-kiem-tra-thu-ong-bo","components/realm/RealmOffice.jsx","2268","component.components-realm-realmoffice","action","Đang kiểm tra / Thử đồng bộ","SyncIntegrityCard","onClick","delegated-action","delegated","high","","onOperationsRefresh | onRefresh","component:realm/RealmOffice","'/leads' | `/projects/${encodeURIComponent(warRoomCampaign.id)}` | quest.links?.task || realmRecordHref('task', quest.businessRef) | realmRecordHref('client', client.id) | realmRecordHref('lead', lead.id) | realmRecordHref('project', selectedCampaign?.id) | realmRecordHref('staff', member.id) | realmRecordHref('task', task.id)","","","","","","","","false","false","not-required","not-required","not-required","not-required","","","",""
"component.components-realm-realmoffice.action.copy-ma","components/realm/RealmOffice.jsx","2269","component.components-realm-realmoffice","action","Copy mã","SyncIntegrityCard","onClick","delegated-action","delegated","high","","onCopySupportId","component:realm/RealmOffice","'/leads' | `/projects/${encodeURIComponent(warRoomCampaign.id)}` | quest.links?.task || realmRecordHref('task', quest.businessRef) | realmRecordHref('client', client.id) | realmRecordHref('lead', lead.id) | realmRecordHref('project', selectedCampaign?.id) | realmRecordHref('staff', member.id) | realmRecordHref('task', task.id)","","","","","","","","false","false","not-required","not-required","not-required","not-required","","","",""
"component.components-realm-realmoffice.action.setledgerview-tab-key-if-tab-key-guild-setwarroomcampaign-null-s","components/realm/RealmOffice.jsx","2344","component.components-realm-realmoffice","action","","LedgerMode","onClick","local-state","classified-local","high","","","","'/leads' | `/projects/${encodeURIComponent(warRoomCampaign.id)}` | quest.links?.task || realmRecordHref('task', quest.businessRef) | realmRecordHref('client', client.id) | realmRecordHref('lead', lead.id) | realmRecordHref('project', selectedCampaign?.id) | realmRecordHref('staff', member.id) | realmRecordHref('task', task.id)","","","","","","","","false","false","not-required","not-required","not-required","not-required","","","",""
"component.components-realm-realmoffice.navigation.mo-ho-so-erp","components/realm/RealmOffice.jsx","2427","component.components-realm-realmoffice","navigation","Mở hồ sơ ERP","LedgerMode","","navigation","classified-local","high","","","","'/leads' | `/projects/${encodeURIComponent(warRoomCampaign.id)}` | quest.links?.task || realmRecordHref('task', quest.businessRef) | realmRecordHref('client', client.id) | realmRecordHref('lead', lead.id) | realmRecordHref('project', selectedCampaign?.id) | realmRecordHref('staff', member.id) | realmRecordHref('task', task.id)","","","","","","","","false","false","not-required","not-required","not-required","not-required","","","",""
"component.components-realm-realmoffice.navigation.link","components/realm/RealmOffice.jsx","2440","component.components-realm-realmoffice","navigation","·","LedgerMode","","navigation","classified-local","high","","","","'/leads' | `/projects/${encodeURIComponent(warRoomCampaign.id)}` | quest.links?.task || realmRecordHref('task', quest.businessRef) | realmRecordHref('client', client.id) | realmRecordHref('lead', lead.id) | realmRecordHref('project', selectedCampaign?.id) | realmRecordHref('staff', member.id) | realmRecordHref('task', task.id)","","","","","","","","false","false","not-required","not-required","not-required","not-required","","","",""
"component.components-realm-realmoffice.navigation.mo-task-erp.2","components/realm/RealmOffice.jsx","2470","component.components-realm-realmoffice","navigation","Mở Task ERP","LedgerMode","","navigation","classified-local","high","","","","'/leads' | `/projects/${encodeURIComponent(warRoomCampaign.id)}` | quest.links?.task || realmRecordHref('task', quest.businessRef) | realmRecordHref('client', client.id) | realmRecordHref('lead', lead.id) | realmRecordHref('project', selectedCampaign?.id) | realmRecordHref('staff', member.id) | realmRecordHref('task', task.id)","","","","","","","","false","false","not-required","not-required","not-required","not-required","","","",""
"component.components-realm-realmoffice.action.cap-nhat-1","components/realm/RealmOffice.jsx","2471","component.components-realm-realmoffice","action","Cập nhật +1","LedgerMode","onClick","navigation","classified-local","high","advanceQuest","onAdvanceQuest","component:realm/RealmOffice","'/leads' | `/projects/${encodeURIComponent(warRoomCampaign.id)}` | quest.links?.task || realmRecordHref('task', quest.businessRef) | realmRecordHref('client', client.id) | realmRecordHref('lead', lead.id) | realmRecordHref('project', selectedCampaign?.id) | realmRecordHref('staff', member.id) | realmRecordHref('task', task.id)","","","","","","","","false","false","not-required","not-required","not-required","not-required","window.location.assign","import:advanceRealmQuest | import:realmRecordHref","",""
"component.components-realm-realmoffice.action.ang-ghi-ghi-nhan-gold","components/realm/RealmOffice.jsx","2472","component.components-realm-realmoffice","action","Đang ghi… / Ghi nhận Gold","LedgerMode","onClick","data-action","delegated-resolved","medium","applyRemoteOperations | claimQuest | postRealmErpAction | realmTraceFromResponse","onClaimQuest","component:realm/RealmOffice","'/leads' | `/projects/${encodeURIComponent(warRoomCampaign.id)}` | quest.links?.task || realmRecordHref('task', quest.businessRef) | realmRecordHref('client', client.id) | realmRecordHref('lead', lead.id) | realmRecordHref('project', selectedCampaign?.id) | realmRecordHref('staff', member.id) | realmRecordHref('task', task.id)","POST /api/realm-demo/operations","","","AuditLog | RealmChangeEvent | RealmGoldEntry | RealmProfile | Setting | Task | TaskEvent | User","","explicit-rbac","ACCOUNTANT | AM | DIRECTOR | HR | LEAD | PM | STAFF","false","false","disabled-binding","toast-or-state","handled-candidate","not-required","window.clearTimeout | window.setTimeout","import:claimRealmQuest | import:createRealmErpBridge | import:createRealmOperations | import:normalizeProfile","operationsSyncEtagRef.current | responseError.code | writeError.code | writeError.outcome",""
"component.components-realm-realmoffice.navigation.mo-ho-so-nhan-su-goc","components/realm/RealmOffice.jsx","2530","component.components-realm-realmoffice","navigation","Mở hồ sơ nhân sự gốc","CharacterDossier","","navigation","classified-local","high","","","","'/leads' | `/projects/${encodeURIComponent(warRoomCampaign.id)}` | quest.links?.task || realmRecordHref('task', quest.businessRef) | realmRecordHref('client', client.id) | realmRecordHref('lead', lead.id) | realmRecordHref('project', selectedCampaign?.id) | realmRecordHref('staff', member.id) | realmRecordHref('task', task.id)","","","","","","","","false","false","not-required","not-required","not-required","not-required","","","",""
"component.components-realm-realmoffice.action.mo-goc-nhin-realm","components/realm/RealmOffice.jsx","2531","component.components-realm-realmoffice","action","Mở góc nhìn Realm","CharacterDossier","onClick","delegated-action","delegated","high","","onOpenRealm","component:realm/RealmOffice","'/leads' | `/projects/${encodeURIComponent(warRoomCampaign.id)}` | quest.links?.task || realmRecordHref('task', quest.businessRef) | realmRecordHref('client', client.id) | realmRecordHref('lead', lead.id) | realmRecordHref('project', selectedCampaign?.id) | realmRecordHref('staff', member.id) | realmRecordHref('task', task.id)","","","","","","","","false","false","not-required","not-required","not-required","not-required","","","",""
"component.components-realm-realmpilotcontrol.action.thu-lai","components/realm/RealmPilotControl.jsx","128","component.components-realm-realmpilotcontrol","action","Thử lại","RealmPilotControl","onClick","data-action","handler-resolved","high","load","","","","GET /api/realm-demo/pilot | GET /api/realm-demo/readiness","","","CollaborationPresenceSession | Setting | Ticket | User","","explicit-rbac","ACCOUNTANT | AM | PM | STAFF","false","false","not-required","not-required","handled-candidate","not-required","","","",""
"component.components-realm-realmpilotcontrol.form-control.realm-pilot-mode","components/realm/RealmPilotControl.jsx","137","component.components-realm-realmpilotcontrol","form-control","realm-pilot-mode","RealmPilotControl","onChange","form-control","classified-local","high","","","","","","","","","","","","false","false","not-required","not-required","not-required","not-required","","","",""
"component.components-realm-realmpilotcontrol.form-control.input","components/realm/RealmPilotControl.jsx","156","component.components-realm-realmpilotcontrol","form-control","","RealmPilotControl","onChange","form-control","classified-local","high","toggleRole","","","","","","","","","","","false","false","not-required","not-required","not-required","not-required","","","",""
"component.components-realm-realmpilotcontrol.form-control.realm-default-surface","components/realm/RealmPilotControl.jsx","168","component.components-realm-realmpilotcontrol","form-control","realm-default-surface","RealmPilotControl","onChange","form-control","classified-local","high","","","","","","","","","","","","false","false","not-required","not-required","not-required","not-required","","","",""
"component.components-realm-realmpilotcontrol.form-control.realm-default-surface.2","components/realm/RealmPilotControl.jsx","172","component.components-realm-realmpilotcontrol","form-control","realm-default-surface","RealmPilotControl","onChange","form-control","classified-local","high","","","","","","","","","","","","false","false","not-required","not-required","not-required","not-required","","","",""
"component.components-realm-realmpilotcontrol.form-control.input.2","components/realm/RealmPilotControl.jsx","184","component.components-realm-realmpilotcontrol","form-control","","RealmPilotControl","onChange","form-control","classified-local","high","toggleFeature","","","","","","","","","","","false","false","not-required","not-required","not-required","not-required","","","",""
"component.components-realm-realmpilotcontrol.action.tao-tour-v","components/realm/RealmPilotControl.jsx","196","component.components-realm-realmpilotcontrol","action","Tạo tour v","RealmPilotControl","onClick","local-state","classified-local","high","","","","","","","","","","","","false","false","not-required","not-required","not-required","not-required","","","",""
"component.components-realm-realmpilotcontrol.action.mo-tour-cua-toi","components/realm/RealmPilotControl.jsx","197","component.components-realm-realmpilotcontrol","action","Mở tour của tôi","RealmPilotControl","onClick","browser-action","classified-local","high","","","","","","","","","","","","false","false","not-required","not-required","not-required","not-required","window.dispatchEvent","","",""
"component.components-realm-realmpilotcontrol.action.luu-chinh-sach-pilot","components/realm/RealmPilotControl.jsx","233","component.components-realm-realmpilotcontrol","action","Lưu chính sách pilot","RealmPilotControl","onClick","data-action","handler-resolved","high","load | save","","","","GET /api/realm-demo/pilot | GET /api/realm-demo/readiness | PATCH /api/realm-demo/pilot","","","AuditLog | CollaborationPresenceSession | Setting | Ticket | User","","explicit-rbac","ACCOUNTANT | AM | PM | STAFF","false","false","async-button-guard","toast-or-state","handled-candidate","not-required","","","",""
"component.components-realm-realmpilotonboarding.action.mo-huong-dan-realm-pilot","components/realm/RealmPilotOnboarding.jsx","90","component.components-realm-realmpilotonboarding","action","Mở hướng dẫn Realm pilot","RealmPilotOnboarding","onClick","local-state","classified-local","high","","","","","","","","","","","","false","false","not-required","not-required","not-required","not-required","","","",""
"component.components-realm-realmpilotonboarding.action.bo-qua-luc-nay","components/realm/RealmPilotOnboarding.jsx","107","component.components-realm-realmpilotonboarding","action","Bỏ qua lúc này","RealmPilotOnboarding","onClick","browser-action","classified-local","high","persist","","","","","","","","","","","false","false","not-required","not-required","not-required","not-required","window.localStorage.setItem","","",""
"component.components-realm-realmpilotonboarding.action.quay-lai","components/realm/RealmPilotOnboarding.jsx","109","component.components-realm-realmpilotonboarding","action","Quay lại","RealmPilotOnboarding","onClick","local-state","classified-local","high","","","","","","","","","","","","false","false","not-required","not-required","not-required","not-required","","","",""
"component.components-realm-realmpilotonboarding.action.hoan-tat-huong-dan-tiep-tuc","components/realm/RealmPilotOnboarding.jsx","110","component.components-realm-realmpilotonboarding","action","Hoàn tất hướng dẫn / Tiếp tục","RealmPilotOnboarding","onClick","browser-action","classified-local","high","persist","","","","","","","","","","","false","false","not-required","not-required","not-required","not-required","window.localStorage.setItem","","",""
"component.components-realm-rewardcontrolcenter.action.ieu-chinh-budget","components/realm/RewardControlCenter.jsx","252","component.components-realm-rewardcontrolcenter","action","Điều chỉnh budget","RewardControlCenter","onClick","local-state","classified-local","high","emptyBudgetEditor","","","","","","","","","","","false","false","not-required","not-required","not-required","not-required","","","",""
"component.components-realm-rewardcontrolcenter.action.ang-gui-gui-duyet","components/realm/RewardControlCenter.jsx","253","component.components-realm-rewardcontrolcenter","action","Đang gửi… / Gửi duyệt","RewardControlCenter","onClick","data-action","handler-resolved","high","commitDashboard | runAction","onLocalDashboardChange | onRewardChanged | onRewardDashboardChange","component:realm/RealmOffice","","POST /api/realm-demo/rewards","","","AuditLog | RealmChangeEvent | RealmGoldEntry | RealmQuestConfig | RealmRewardBudget | Setting | Task | TaskEvent","","explicit-rbac","ACCOUNTANT | AM | DIRECTOR | HR | LEAD | PM | STAFF","false","false","disabled-binding","toast-or-state","handled-candidate","not-required","","import:applyRealmRewardDemoAction","nextDashboard",""
"component.components-realm-rewardcontrolcenter.action.ang-duyet-phe-duyet-budget","components/realm/RewardControlCenter.jsx","254","component.components-realm-rewardcontrolcenter","action","Đang duyệt… / Phê duyệt budget","RewardControlCenter","onClick","data-action","handler-resolved","high","commitDashboard | runAction","onLocalDashboardChange | onRewardChanged | onRewardDashboardChange","component:realm/RealmOffice","","POST /api/realm-demo/rewards","","","AuditLog | RealmChangeEvent | RealmGoldEntry | RealmQuestConfig | RealmRewardBudget | Setting | Task | TaskEvent","","explicit-rbac","ACCOUNTANT | AM | DIRECTOR | HR | LEAD | PM | STAFF","false","false","disabled-binding","toast-or-state","handled-candidate","not-required","","import:applyRealmRewardDemoAction","nextDashboard",""
"component.components-realm-rewardcontrolcenter.action.yeu-cau-sua","components/realm/RewardControlCenter.jsx","255","component.components-realm-rewardcontrolcenter","action","Yêu cầu sửa","RewardControlCenter","onClick","local-state","classified-local","high","emptyBudgetEditor","","","","","","","","","","","false","false","not-required","not-required","not-required","not-required","","","",""
"component.components-realm-rewardcontrolcenter.action.tao-budget-draft","components/realm/RewardControlCenter.jsx","265","component.components-realm-rewardcontrolcenter","action","Tạo budget draft","RewardControlCenter","onClick","local-state","classified-local","high","emptyBudgetEditor","","","","","","","","","","","false","false","not-required","not-required","not-required","not-required","","","",""
"component.components-realm-rewardcontrolcenter.form-submit.checker-review-cau-hinh-han-muc-truoc-khi-reward-uoc-phe-duyet-t","components/realm/RewardControlCenter.jsx","271","component.components-realm-rewardcontrolcenter","form-submit","Checker review / Cấu hình hạn mức trước khi reward được phê duyệt / Trần Gold toàn công ty / Trần Gold mỗi nhân sự / Lý do và phạm vi budget / Trần mỗi nhân sự không được lớn hơn t","RewardControlCenter","onSubmit","data-action","handler-resolved","high","commitDashboard | runAction | submitEditor","onLocalDashboardChange | onRewardChanged | onRewardDashboardChange","component:realm/RealmOffice","","POST /api/realm-demo/rewards","","","AuditLog | RealmChangeEvent | RealmGoldEntry | RealmQuestConfig | RealmRewardBudget | Setting | Task | TaskEvent","","explicit-rbac","ACCOUNTANT | AM | DIRECTOR | HR | LEAD | PM | STAFF","false","false","local-state","toast-or-state","handled-candidate","not-required","","import:applyRealmRewardDemoAction","event.preventDefault | nextDashboard",""
"component.components-realm-rewardcontrolcenter.action.ong-form-cau-hinh","components/realm/RewardControlCenter.jsx","278","component.components-realm-rewardcontrolcenter","action","Đóng form cấu hình","RewardControlCenter","onClick","local-state","classified-local","high","","","","","","","","","","","","false","false","not-required","not-required","not-required","not-required","","","",""
"component.components-realm-rewardcontrolcenter.form-control.input","components/realm/RewardControlCenter.jsx","283","component.components-realm-rewardcontrolcenter","form-control","","RewardControlCenter","onChange","form-control","classified-local","high","","","","","","","","","","","","false","false","not-required","not-required","not-required","not-required","","","",""
"component.components-realm-rewardcontrolcenter.form-control.input.2","components/realm/RewardControlCenter.jsx","284","component.components-realm-rewardcontrolcenter","form-control","","RewardControlCenter","onChange","form-control","classified-local","high","","","","","","","","","","","","false","false","not-required","not-required","not-required","not-required","","","",""
"component.components-realm-rewardcontrolcenter.form-control.textarea","components/realm/RewardControlCenter.jsx","286","component.components-realm-rewardcontrolcenter","form-control","","RewardControlCenter","onChange","form-control","classified-local","high","","","","","","","","","","","","false","false","not-required","not-required","not-required","not-required","","","",""
"component.components-realm-rewardcontrolcenter.action.ang-luu-luu-budget-draft","components/realm/RewardControlCenter.jsx","288","component.components-realm-rewardcontrolcenter","action","Đang lưu… / Lưu budget draft","RewardControlCenter","form:onSubmit","data-action","handler-resolved","high","commitDashboard | runAction | submitEditor","onLocalDashboardChange | onRewardChanged | onRewardDashboardChange","component:realm/RealmOffice","","POST /api/realm-demo/rewards","","","AuditLog | RealmChangeEvent | RealmGoldEntry | RealmQuestConfig | RealmRewardBudget | Setting | Task | TaskEvent","","explicit-rbac","ACCOUNTANT | AM | DIRECTOR | HR | LEAD | PM | STAFF","false","false","disabled-binding","toast-or-state","handled-candidate","not-required","","import:applyRealmRewardDemoAction","event.preventDefault | nextDashboard",""
"component.components-realm-rewardcontrolcenter.form-control.input.3","components/realm/RewardControlCenter.jsx","293","component.components-realm-rewardcontrolcenter","form-control","","RewardControlCenter","onChange","form-control","classified-local","high","","","","","","","","","","","","false","false","not-required","not-required","not-required","not-required","","","",""
"component.components-realm-rewardcontrolcenter.form-control.input.4","components/realm/RewardControlCenter.jsx","294","component.components-realm-rewardcontrolcenter","form-control","","RewardControlCenter","onChange","form-control","classified-local","high","","","","","","","","","","","","false","false","not-required","not-required","not-required","not-required","","","",""
"component.components-realm-rewardcontrolcenter.form-control.textarea.2","components/realm/RewardControlCenter.jsx","296","component.components-realm-rewardcontrolcenter","form-control","","RewardControlCenter","onChange","form-control","classified-local","high","","","","","","","","","","","","false","false","not-required","not-required","not-required","not-required","","","",""
"component.components-realm-rewardcontrolcenter.action.ang-luu-luu-ban-nhap","components/realm/RewardControlCenter.jsx","298","component.components-realm-rewardcontrolcenter","action","Đang lưu… / Lưu bản nháp","RewardControlCenter","form:onSubmit","data-action","handler-resolved","high","commitDashboard | runAction | submitEditor","onLocalDashboardChange | onRewardChanged | onRewardDashboardChange","component:realm/RealmOffice","","POST /api/realm-demo/rewards","","","AuditLog | RealmChangeEvent | RealmGoldEntry | RealmQuestConfig | RealmRewardBudget | Setting | Task | TaskEvent","","explicit-rbac","ACCOUNTANT | AM | DIRECTOR | HR | LEAD | PM | STAFF","false","false","disabled-binding","toast-or-state","handled-candidate","not-required","","import:applyRealmRewardDemoAction","event.preventDefault | nextDashboard",""
"component.components-realm-rewardcontrolcenter.form-control.textarea.3","components/realm/RewardControlCenter.jsx","302","component.components-realm-rewardcontrolcenter","form-control","","RewardControlCenter","onChange","form-control","classified-local","high","","","","","","","","","","","","false","false","not-required","not-required","not-required","not-required","","","",""
"component.components-realm-rewardcontrolcenter.action.ang-gui","components/realm/RewardControlCenter.jsx","303","component.components-realm-rewardcontrolcenter","action","Đang gửi…","RewardControlCenter","form:onSubmit","data-action","handler-resolved","high","commitDashboard | runAction | submitEditor","onLocalDashboardChange | onRewardChanged | onRewardDashboardChange","component:realm/RealmOffice","","POST /api/realm-demo/rewards","","","AuditLog | RealmChangeEvent | RealmGoldEntry | RealmQuestConfig | RealmRewardBudget | Setting | Task | TaskEvent","","explicit-rbac","ACCOUNTANT | AM | DIRECTOR | HR | LEAD | PM | STAFF","false","false","disabled-binding","toast-or-state","handled-candidate","not-required","","import:applyRealmRewardDemoAction","event.preventDefault | nextDashboard",""
"component.components-realm-rewardcontrolcenter.action.cau-hinh-ieu-chinh","components/realm/RewardControlCenter.jsx","336","component.components-realm-rewardcontrolcenter","action","Cấu hình / Điều chỉnh","RewardControlCenter","onClick","local-state","classified-local","high","emptyEditor","","","","","","","","","","","false","false","not-required","not-required","not-required","not-required","","","",""
"component.components-realm-rewardcontrolcenter.action.ang-gui-gui-duyet.2","components/realm/RewardControlCenter.jsx","337","component.components-realm-rewardcontrolcenter","action","Đang gửi… / Gửi duyệt","RewardControlCenter","onClick","data-action","handler-resolved","high","commitDashboard | runAction","onLocalDashboardChange | onRewardChanged | onRewardDashboardChange","component:realm/RealmOffice","","POST /api/realm-demo/rewards","","","AuditLog | RealmChangeEvent | RealmGoldEntry | RealmQuestConfig | RealmRewardBudget | Setting | Task | TaskEvent","","explicit-rbac","ACCOUNTANT | AM | DIRECTOR | HR | LEAD | PM | STAFF","false","false","disabled-binding","toast-or-state","handled-candidate","not-required","","import:applyRealmRewardDemoAction","nextDashboard",""
"component.components-realm-rewardcontrolcenter.action.ang-duyet-phe-duyet","components/realm/RewardControlCenter.jsx","338","component.components-realm-rewardcontrolcenter","action","Đang duyệt… / Phê duyệt","RewardControlCenter","onClick","data-action","handler-resolved","high","commitDashboard | runAction","onLocalDashboardChange | onRewardChanged | onRewardDashboardChange","component:realm/RealmOffice","","POST /api/realm-demo/rewards","","","AuditLog | RealmChangeEvent | RealmGoldEntry | RealmQuestConfig | RealmRewardBudget | Setting | Task | TaskEvent","","explicit-rbac","ACCOUNTANT | AM | DIRECTOR | HR | LEAD | PM | STAFF","false","false","disabled-binding","toast-or-state","handled-candidate","not-required","","import:applyRealmRewardDemoAction","nextDashboard",""
"component.components-realm-rewardcontrolcenter.action.yeu-cau-sua.2","components/realm/RewardControlCenter.jsx","339","component.components-realm-rewardcontrolcenter","action","Yêu cầu sửa","RewardControlCenter","onClick","local-state","classified-local","high","emptyEditor","","","","","","","","","","","false","false","not-required","not-required","not-required","not-required","","","",""
"component.components-realm-royalcommandcenter.action.thu-lai","components/realm/RoyalCommandCenter.jsx","38","component.components-realm-royalcommandcenter","action","Thử lại","StateCard","onClick","delegated-action","delegated","high","load | reload | retry","onRetry","component:realm/AdventurerChronicle | component:realm/GoldEconomyObservatory | component:realm/GuildHall | component:realm/RoyalCommandCenter | component:realm/RoyalEmbassy | component:realm/RoyalTreasuryExchange","","","","","","","","","false","false","not-required","not-required","not-required","not-required","","","",""
"component.components-realm-royalcommandcenter.action.huy","components/realm/RoyalCommandCenter.jsx","73","component.components-realm-royalcommandcenter","action","Hủy","AssignmentModal","onClick","delegated-action","delegated","high","","onClose","component:realm/RoyalCommandCenter","","","","","","","","","false","false","not-required","not-required","not-required","not-required","","","",""
"component.components-realm-royalcommandcenter.action.ang-ghi-erp-xac-nhan-phan-cong","components/realm/RoyalCommandCenter.jsx","74","component.components-realm-royalcommandcenter","action","Đang ghi ERP… / Xác nhận phân công","AssignmentModal","onClick","data-action","handler-resolved","high","reload | submit","onComplete","component:realm/RoyalCommandCenter","","POST /api/realm-demo/command-center","","","Approval | AuditLog | Notification | RealmChangeEvent | Setting | Task | Team | User","","explicit-rbac","ACCOUNTANT | AM | DIRECTOR | HR | LEAD | PM | STAFF","false","false","disabled-binding","toast-or-state","handled-candidate","not-required","","","",""
"component.components-realm-royalcommandcenter.form-control.chon-thanh-vien","components/realm/RoyalCommandCenter.jsx","77","component.components-realm-royalcommandcenter","form-control","— Chọn thành viên —","AssignmentModal","onChange","form-control","classified-local","high","","","","","","","","","","","","false","false","not-required","not-required","not-required","not-required","","","",""
"component.components-realm-royalcommandcenter.form-control.input","components/realm/RoyalCommandCenter.jsx","81","component.components-realm-royalcommandcenter","form-control","","AssignmentModal","onChange","form-control","classified-local","high","","","","","","","","","","","","false","false","not-required","not-required","not-required","not-required","","","",""
"component.components-realm-royalcommandcenter.form-control.select","components/realm/RoyalCommandCenter.jsx","82","component.components-realm-royalcommandcenter","form-control","","AssignmentModal","onChange","form-control","classified-local","high","","","","","","","","","","","","false","false","not-required","not-required","not-required","not-required","","","",""
"component.components-realm-royalcommandcenter.action.huy.2","components/realm/RoyalCommandCenter.jsx","113","component.components-realm-royalcommandcenter","action","Hủy","HandoffModal","onClick","delegated-action","delegated","high","","onClose","component:realm/RoyalCommandCenter","","","","","","","","","false","false","not-required","not-required","not-required","not-required","","","",""
"component.components-realm-royalcommandcenter.action.ang-gui-gui-yeu-cau-duyet","components/realm/RoyalCommandCenter.jsx","114","component.components-realm-royalcommandcenter","action","Đang gửi… / Gửi yêu cầu duyệt","HandoffModal","onClick","data-action","handler-resolved","high","reload | submit","onComplete","component:realm/RoyalCommandCenter","","POST /api/realm-demo/command-center","","","Approval | AuditLog | Notification | RealmChangeEvent | Setting | Task | Team | User","","explicit-rbac","ACCOUNTANT | AM | DIRECTOR | HR | LEAD | PM | STAFF","false","false","disabled-binding","toast-or-state","handled-candidate","not-required","","","",""
"component.components-realm-royalcommandcenter.form-control.chon-thanh-vien.2","components/realm/RoyalCommandCenter.jsx","117","component.components-realm-royalcommandcenter","form-control","— Chọn thành viên —","HandoffModal","onChange","form-control","classified-local","high","","","","","","","","","","","","false","false","not-required","not-required","not-required","not-required","","","",""
"component.components-realm-royalcommandcenter.form-control.textarea","components/realm/RoyalCommandCenter.jsx","121","component.components-realm-royalcommandcenter","form-control","","HandoffModal","onChange","form-control","classified-local","high","","","","","","","","","","","","false","false","not-required","not-required","not-required","not-required","","","",""
"component.components-realm-royalcommandcenter.action.phan-cong","components/realm/RoyalCommandCenter.jsx","153","component.components-realm-royalcommandcenter","action","Phân công","TaskRow","onClick","delegated-action","delegated","high","","onAssign","component:realm/RoyalCommandCenter","","","","","","","","","false","false","not-required","not-required","not-required","not-required","","","",""
"component.components-realm-royalcommandcenter.action.xin-ban-giao","components/realm/RoyalCommandCenter.jsx","154","component.components-realm-royalcommandcenter","action","Xin bàn giao","TaskRow","onClick","delegated-action","delegated","high","","onHandoff","component:realm/RoyalCommandCenter","","","","","","","","","false","false","not-required","not-required","not-required","not-required","","","",""
"component.components-realm-royalcommandcenter.navigation.mo-task-erp","components/realm/RoyalCommandCenter.jsx","155","component.components-realm-royalcommandcenter","navigation","Mở Task ERP","TaskRow","","navigation","classified-local","high","","","","","","","","","","","","false","false","not-required","not-required","not-required","not-required","","","",""
"component.components-realm-royalcommandcenter.action.thu-lai.2","components/realm/RoyalCommandCenter.jsx","222","component.components-realm-royalcommandcenter","action","Thử lại","RoyalCommandCenter","onClick","local-state","classified-local","high","reload","","","","","","","","","","","false","false","not-required","not-required","not-required","not-required","","","",""
"component.components-realm-royalcommandcenter.form-control.nhap-tu-khoa","components/realm/RoyalCommandCenter.jsx","240","component.components-realm-royalcommandcenter","form-control","Nhập từ khóa…","RoyalCommandCenter","onChange","form-control","classified-local","high","","","","","","","","","","","","false","false","not-required","not-required","not-required","not-required","","","",""
"component.components-realm-royalcommandcenter.form-control.input.2","components/realm/RoyalCommandCenter.jsx","241","component.components-realm-royalcommandcenter","form-control","","RoyalCommandCenter","onChange","form-control","classified-local","high","","","","","","","","","","","","false","false","not-required","not-required","not-required","not-required","","","",""
"component.components-realm-royalembassy.action.ve-guild-hall","components/realm/RoyalEmbassy.jsx","34","component.components-realm-royalembassy","action","Về Guild Hall","StateCard","onClick","delegated-action","delegated","high","","onBack","component:realm/RoyalEmbassy","","","","","","","","","false","false","not-required","not-required","not-required","not-required","","","",""
"component.components-realm-royalembassy.action.thu-lai","components/realm/RoyalEmbassy.jsx","35","component.components-realm-royalembassy","action","Thử lại","StateCard","onClick","delegated-action","delegated","high","load | reload | retry","onRetry","component:realm/AdventurerChronicle | component:realm/GoldEconomyObservatory | component:realm/GuildHall | component:realm/RoyalCommandCenter | component:realm/RoyalEmbassy | component:realm/RoyalTreasuryExchange","","","","","","","","","false","false","not-required","not-required","not-required","not-required","","","",""
"component.components-realm-royalembassy.action.ontransition-lead-nextstate","components/realm/RoyalEmbassy.jsx","75","component.components-realm-royalembassy","action","","LeadCard","onClick","delegated-action","delegated","high","","onTransition","component:realm/RoyalEmbassy","","","","","","","","","false","false","not-required","not-required","not-required","not-required","","","",""
"component.components-realm-royalembassy.action.len-lich-follow-up","components/realm/RoyalEmbassy.jsx","77","component.components-realm-royalembassy","action","Lên lịch follow-up","LeadCard","onClick","delegated-action","delegated","high","","onFollowUp","component:realm/RoyalEmbassy","","","","","","","","","false","false","not-required","not-required","not-required","not-required","","","",""
"component.components-realm-royalembassy.action.mo-lead-erp","components/realm/RoyalEmbassy.jsx","78","component.components-realm-royalembassy","action","Mở Lead ERP","LeadCard","onClick","delegated-action","delegated","high","","onOpen","component:realm/RoyalEmbassy","","","","","","","","","false","false","not-required","not-required","not-required","not-required","","","",""
"component.components-realm-royalembassy.action.mo-client-erp","components/realm/RoyalEmbassy.jsx","91","component.components-realm-royalembassy","action","Mở Client ERP","ClientCard","onClick","delegated-action","delegated","high","","onOpen","component:realm/RoyalEmbassy","","","","","","","","","false","false","not-required","not-required","not-required","not-required","","","",""
"component.components-realm-royalembassy.action.ve-guild-hall.2","components/realm/RoyalEmbassy.jsx","162","component.components-realm-royalembassy","action","Về Guild Hall","RoyalEmbassy","onClick","delegated-action","delegated","high","","onBack","component:realm/RealmOffice","","","","","","","","","false","false","not-required","not-required","not-required","not-required","","","",""
"component.components-realm-royalembassy.action.mo-crm-pipeline","components/realm/RoyalEmbassy.jsx","169","component.components-realm-royalembassy","action","Mở CRM pipeline","RoyalEmbassy","onClick","navigation","classified-local","high","","onOpenLeads","component:realm/RealmOffice","/leads","","","","","","","","false","false","not-required","not-required","not-required","not-required","window.location.assign","","",""
"component.components-realm-royaltreasuryexchange.action.thu-lai","components/realm/RoyalTreasuryExchange.jsx","25","component.components-realm-royaltreasuryexchange","action","Thử lại","StateCard","onClick","delegated-action","delegated","high","load | reload | retry","onRetry","component:realm/AdventurerChronicle | component:realm/GoldEconomyObservatory | component:realm/GuildHall | component:realm/RoyalCommandCenter | component:realm/RoyalEmbassy | component:realm/RoyalTreasuryExchange","","","","","","","","","false","false","not-required","not-required","not-required","not-required","","","",""
"component.components-realm-royaltreasuryexchange.action.ong-xac-nhan-oi-gold","components/realm/RoyalTreasuryExchange.jsx","39","component.components-realm-royaltreasuryexchange","action","Đóng xác nhận đổi Gold","ConfirmRedemption","onClick","delegated-action","delegated","high","","onClose","component:realm/RoyalTreasuryExchange","","","","","","","","","false","false","not-required","not-required","not-required","not-required","","","",""
"component.components-realm-royaltreasuryexchange.action.quay-lai","components/realm/RoyalTreasuryExchange.jsx","46","component.components-realm-royaltreasuryexchange","action","Quay lại","ConfirmRedemption","onClick","delegated-action","delegated","high","","onClose","component:realm/RoyalTreasuryExchange","","","","","","","","","false","false","not-required","not-required","not-required","not-required","","","",""
"component.components-realm-royaltreasuryexchange.action.ang-xu-ly","components/realm/RoyalTreasuryExchange.jsx","47","component.components-realm-royaltreasuryexchange","action","Đang xử lý…","ConfirmRedemption","onClick","data-action","delegated-resolved","medium","commitLocal | redeem","onConfirm | onLocalDashboardChange | onOperationsRefresh","component:realm/RoyalTreasuryExchange","","POST /api/realm-demo/treasury","","","Approval | AuditLog | Notification | RealmChangeEvent | RealmGoldEntry | Setting | User","","explicit-rbac","ACCOUNTANT | AM | DIRECTOR | HR | PM | STAFF","false","false","disabled-binding","toast-or-state","handled-candidate","not-required","","import:applyRealmTreasuryDemoAction","nextDashboard",""
"component.components-realm-royaltreasuryexchange.action.tai-lai","components/realm/RoyalTreasuryExchange.jsx","229","component.components-realm-royaltreasuryexchange","action","Tải lại","RoyalTreasuryExchange","onClick","local-state","classified-local","high","","","","","","","","","","","","false","false","not-required","not-required","not-required","not-required","","","",""
"component.components-realm-royaltreasuryexchange.action.buttonlabel-g","components/realm/RoyalTreasuryExchange.jsx","254","component.components-realm-royaltreasuryexchange","action","{buttonLabel} / G","RoyalTreasuryExchange","onClick","local-state","classified-local","high","","","","","","","","","","","","false","false","not-required","not-required","not-required","not-required","","","",""
"component.components-realm-royaltreasuryexchange.action.ang-ong-bo","components/realm/RoyalTreasuryExchange.jsx","278","component.components-realm-royaltreasuryexchange","action","Đang đồng bộ…","RoyalTreasuryExchange","onClick","data-action","delegated-resolved","medium","applyRemoteOperations | commitLocal | equip | fetchRealmSnapshot | handleLocalTreasuryChange | realmTraceFromResponse | refreshRealmOperations","onLocalDashboardChange | onOperationsRefresh | onTreasuryDashboardChange","component:realm/RealmOffice","","GET /api/realm-demo/operations | POST /api/realm-demo/treasury","","","Approval | AuditLog | Notification | RealmChangeEvent | RealmGoldEntry | RealmProfile | Setting | Task | User","","explicit-rbac","ACCOUNTANT | AM | DIRECTOR | HR | LEAD | PM | STAFF","false","false","disabled-binding","toast-or-state","handled-candidate","not-required","window.clearTimeout | window.setTimeout","import:applyRealmTreasuryDemoAction | import:createRealmErpBridge | import:createRealmOperations | import:normalizeProfile","nextDashboard | offlineError.code | operationsSyncAbortRef.current | operationsSyncEtagRef.current | operationsSyncRequestRef.current | responseError.code | syncError.code | syncError.latencyMs | syncError.outcome | syncError.requestId | timedOut",""
"component.components-realm-royaltreasuryexchange.action.duyet-sandbox","components/realm/RoyalTreasuryExchange.jsx","294","component.components-realm-royaltreasuryexchange","action","Duyệt sandbox","RoyalTreasuryExchange","onClick","delegated-action","delegated","high","commitLocal | demoReview | handleLocalTreasuryChange","onLocalDashboardChange | onTreasuryDashboardChange","component:realm/RealmOffice","","","","","","","","","false","false","not-required","not-required","not-required","not-required","","import:applyRealmTreasuryDemoAction | import:normalizeProfile","",""
"component.components-realm-royaltreasuryexchange.action.tu-choi","components/realm/RoyalTreasuryExchange.jsx","294","component.components-realm-royaltreasuryexchange","action","Từ chối","RoyalTreasuryExchange","onClick","delegated-action","delegated","high","commitLocal | demoReview | handleLocalTreasuryChange","onLocalDashboardChange | onTreasuryDashboardChange","component:realm/RealmOffice","","","","","","","","","false","false","not-required","not-required","not-required","not-required","","import:applyRealmTreasuryDemoAction | import:normalizeProfile","",""
"component.components-realm-royaltreasuryexchange.action.xac-nhan-a-trao","components/realm/RoyalTreasuryExchange.jsx","295","component.components-realm-royaltreasuryexchange","action","Xác nhận đã trao","RoyalTreasuryExchange","onClick","data-action","delegated-resolved","medium","applyRemoteOperations | commitLocal | fetchRealmSnapshot | fulfill | handleLocalTreasuryChange | realmTraceFromResponse | refreshRealmOperations","onLocalDashboardChange | onOperationsRefresh | onTreasuryDashboardChange","component:realm/RealmOffice","","GET /api/realm-demo/operations | POST /api/realm-demo/treasury","","","Approval | AuditLog | Notification | RealmChangeEvent | RealmGoldEntry | RealmProfile | Setting | Task | User","","explicit-rbac","ACCOUNTANT | AM | DIRECTOR | HR | LEAD | PM | STAFF","false","false","disabled-binding","toast-or-state","handled-candidate","not-required","window.clearTimeout | window.setTimeout","import:applyRealmTreasuryDemoAction | import:createRealmErpBridge | import:createRealmOperations | import:normalizeProfile","offlineError.code | operationsSyncAbortRef.current | operationsSyncEtagRef.current | operationsSyncRequestRef.current | responseError.code | syncError.code | syncError.latencyMs | syncError.outcome | syncError.requestId | timedOut",""
"component.components-realm-royaltreasuryexchange.action.a-trao-thuong","components/realm/RoyalTreasuryExchange.jsx","309","component.components-realm-royaltreasuryexchange","action","Đã trao thưởng","RoyalTreasuryExchange","onClick","data-action","delegated-resolved","medium","applyRemoteOperations | commitLocal | fetchRealmSnapshot | fulfill | handleLocalTreasuryChange | realmTraceFromResponse | refreshRealmOperations","onLocalDashboardChange | onOperationsRefresh | onTreasuryDashboardChange","component:realm/RealmOffice","","GET /api/realm-demo/operations | POST /api/realm-demo/treasury","","","Approval | AuditLog | Notification | RealmChangeEvent | RealmGoldEntry | RealmProfile | Setting | Task | User","","explicit-rbac","ACCOUNTANT | AM | DIRECTOR | HR | LEAD | PM | STAFF","false","false","disabled-binding","toast-or-state","handled-candidate","not-required","window.clearTimeout | window.setTimeout","import:applyRealmTreasuryDemoAction | import:createRealmErpBridge | import:createRealmOperations | import:normalizeProfile","offlineError.code | operationsSyncAbortRef.current | operationsSyncEtagRef.current | operationsSyncRequestRef.current | responseError.code | syncError.code | syncError.latencyMs | syncError.outcome | syncError.requestId | timedOut",""
"component.components-realm-warroom.action.ve-guild-hall","components/realm/WarRoom.jsx","54","component.components-realm-warroom","action","Về Guild Hall","EmptyState","onClick","delegated-action","delegated","high","","onBack","component:realm/WarRoom","","","","","","","","","false","false","not-required","not-required","not-required","not-required","","","",""
"component.components-realm-warroom.action.thu-lai","components/realm/WarRoom.jsx","55","component.components-realm-warroom","action","Thử lại","EmptyState","onClick","delegated-action","delegated","high","retry","onRetry","component:realm/WarRoom","","","","","","","","","false","false","not-required","not-required","not-required","not-required","","","",""
"component.components-realm-warroom.action.ontransition-task-nextstate","components/realm/WarRoom.jsx","96","component.components-realm-warroom","action","","TaskCard","onClick","delegated-action","delegated","high","","onTransition","component:realm/WarRoom","","","","","","","","","false","false","not-required","not-required","not-required","not-required","","","",""
"component.components-realm-warroom.action.ghi-chu-war-council","components/realm/WarRoom.jsx","98","component.components-realm-warroom","action","Ghi chú War Council","TaskCard","onClick","delegated-action","delegated","high","","onComment","component:realm/WarRoom","","","","","","","","","false","false","not-required","not-required","not-required","not-required","","","",""
"component.components-realm-warroom.action.mo-task-erp","components/realm/WarRoom.jsx","99","component.components-realm-warroom","action","Mở Task ERP","TaskCard","onClick","delegated-action","delegated","high","","onOpen","component:realm/WarRoom","","","","","","","","","false","false","not-required","not-required","not-required","not-required","","","",""
"component.components-realm-warroom.action.ve-guild-hall.2","components/realm/WarRoom.jsx","182","component.components-realm-warroom","action","Về Guild Hall","WarRoom","onClick","delegated-action","delegated","high","","onBack","component:realm/RealmOffice","","","","","","","","","false","false","not-required","not-required","not-required","not-required","","","",""
"component.components-realm-warroom.action.mo-project-trong-erp","components/realm/WarRoom.jsx","235","component.components-realm-warroom","action","Mở Project trong ERP","WarRoom","onClick","navigation","classified-local","high","","onOpenProject","component:realm/RealmOffice","/projects/* | realmRecordHref('project', selectedCampaign?.id)","","","","","","","","false","false","not-required","not-required","not-required","not-required","window.location.assign","import:realmRecordHref","",""
"component.components-sendemail.action.huy","components/SendEmail.jsx","29","component.components-sendemail","action","Hủy","SendEmailModal","onClick","delegated-action","delegated","high","","onClose","route:/invoices | route:/quotes","","","","","","","","","false","false","not-required","not-required","not-required","not-required","","","",""
"component.components-sendemail.action.ang-gui-gui-email","components/SendEmail.jsx","30","component.components-sendemail","action","Đang gửi… / Gửi email","SendEmailModal","onClick","data-action","handler-resolved","high","send","onClose","route:/invoices | route:/quotes","","POST /api/email/send","","","AuditLog | Invoice | Quote | Setting","","explicit-rbac","ACCOUNTANT | AM","false","false","disabled-binding","toast-or-state","handled-candidate","not-required","","","",""
"component.components-sendemail.form-control.khach-congty-vn","components/SendEmail.jsx","34","component.components-sendemail","form-control","khach@congty.vn","SendEmailModal","onChange","form-control","classified-local","high","","","","","","","","","","","","false","false","not-required","not-required","not-required","not-required","","","",""
"component.components-sendemail.form-control.textarea","components/SendEmail.jsx","36","component.components-sendemail","form-control","","SendEmailModal","onChange","form-control","classified-local","high","","","","","","","","","","","","false","false","not-required","not-required","not-required","not-required","","","",""
"component.components-shell.form-control.go-ten-khach-deal-du-an-viec-hoa-on-ticket-2-ky-tu","components/Shell.jsx","96","component.components-shell","form-control","Gõ tên khách, deal, dự án, việc, hóa đơn, ticket… (≥2 ký tự)","GlobalSearch","onChange","form-control","classified-local","high","","","","'/dashboard' | '/freelancer' | '/login' | g.href(r) | n.route","","","","","","","","false","false","not-required","not-required","not-required","not-required","","","",""
"component.components-shell.action.go-g-r","components/Shell.jsx","105","component.components-shell","action","","GlobalSearch","onClick","navigation","classified-local","high","go","onClose","component:Shell","'/dashboard' | '/freelancer' | '/login' | g.href(r) | n.route","","","","","","","","false","false","not-required","not-required","not-required","not-required","","","",""
"component.components-shell.action.oc-tat-ca","components/Shell.jsx","152","component.components-shell","action","Đọc tất cả","NotificationsModal","onClick","data-action","delegated-resolved","medium","load | loadShellCounters | readAll","onChanged","component:Shell","'/dashboard' | '/freelancer' | '/login' | g.href(r) | n.route","GET /api/approvals | GET /api/chat | GET /api/notifications | PUT /api/notifications","","","Approval | ConvMember | Conversation | Message | Notification | RealmChangeEvent | User","","authenticated-custom | explicit-rbac","ACCOUNTANT | AM | PM | STAFF","false","false","async-button-guard","toast-or-state","handled-candidate","not-required","window.dispatchEvent","","",""
"component.components-shell.action.ong","components/Shell.jsx","153","component.components-shell","action","Đóng","NotificationsModal","onClick","delegated-action","delegated","high","","onClose","component:Shell","'/dashboard' | '/freelancer' | '/login' | g.href(r) | n.route","","","","","","","","false","false","not-required","not-required","not-required","not-required","","","",""
"component.components-shell.action.truoc-mo","components/Shell.jsx","156","component.components-shell","action","trước / Mở","NotificationsModal","onClick","navigation","delegated-resolved","medium","loadShellCounters | open","onChanged | onClose","component:Shell","'/dashboard' | '/freelancer' | '/login' | g.href(r) | n.route","GET /api/approvals | GET /api/chat | GET /api/notifications | PUT /api/notifications","","","Approval | ConvMember | Conversation | Message | Notification | RealmChangeEvent | User","","authenticated-custom | explicit-rbac","ACCOUNTANT | AM | PM | STAFF","false","false","not-required","not-required","not-required","not-required","window.dispatchEvent","","",""
"component.components-shell.action.ong.2","components/Shell.jsx","194","component.components-shell","action","Đóng","TwoFAModal","onClick","delegated-action","delegated","high","","onClose","component:Shell","'/dashboard' | '/freelancer' | '/login' | g.href(r) | n.route","","","","","","","","false","false","not-required","not-required","not-required","not-required","","","",""
"component.components-shell.action.tat-2fa","components/Shell.jsx","196","component.components-shell","action","Tắt 2FA","TwoFAModal","onClick","data-action","handler-resolved","high","call","onClose","component:Shell","'/dashboard' | '/freelancer' | '/login' | g.href(r) | n.route","DYNAMIC /api/users/2fa","","","AuditLog | User","","authenticated-custom","","false","false","async-button-guard","toast-or-state","handled-candidate","not-required","","","",""
"component.components-shell.action.bat-2fa","components/Shell.jsx","197","component.components-shell","action","Bật 2FA","TwoFAModal","onClick","data-action","handler-resolved","high","call","onClose","component:Shell","'/dashboard' | '/freelancer' | '/login' | g.href(r) | n.route","DYNAMIC /api/users/2fa","","","AuditLog | User","","authenticated-custom","","false","false","async-button-guard","toast-or-state","handled-candidate","not-required","","","",""
"component.components-shell.form-control.ma-6-so","components/Shell.jsx","202","component.components-shell","form-control","Mã 6 số","TwoFAModal","onChange","form-control","classified-local","high","","","","'/dashboard' | '/freelancer' | '/login' | g.href(r) | n.route","","","","","","","","false","false","not-required","not-required","not-required","not-required","","","",""
"component.components-shell.form-control.ma-6-so.2","components/Shell.jsx","212","component.components-shell","form-control","Mã 6 số","TwoFAModal","onChange","form-control","classified-local","high","","","","'/dashboard' | '/freelancer' | '/login' | g.href(r) | n.route","","","","","","","","false","false","not-required","not-required","not-required","not-required","","","",""
"component.components-shell.navigation.item-key","components/Shell.jsx","339","component.components-shell","navigation","'/' + item.key","Shell","onClick","navigation","classified-local","high","","","","'/dashboard' | '/freelancer' | '/login' | g.href(r) | n.route","","","","","","","","false","false","not-required","not-required","not-required","not-required","","","",""
"component.components-shell.action.bao-mat-2-lop","components/Shell.jsx","353","component.components-shell","action","Bảo mật 2 lớp","Shell","onClick","local-state","classified-local","high","","","","'/dashboard' | '/freelancer' | '/login' | g.href(r) | n.route","","","","","","","","false","false","not-required","not-required","not-required","not-required","","","",""
"component.components-shell.action.ang-xuat","components/Shell.jsx","356","component.components-shell","action","Đăng xuất","Shell","onClick","navigation","classified-local","high","","","","'/dashboard' | '/freelancer' | '/login' | /login | g.href(r) | n.route","","","","","","","","false","false","not-required","not-required","not-required","not-required","","import:signOut","",""
"component.components-shell.action.setopen-false","components/Shell.jsx","365","component.components-shell","action","","Shell","onClick","local-state","classified-local","high","","","","'/dashboard' | '/freelancer' | '/login' | g.href(r) | n.route","","","","","","","","false","false","not-required","not-required","not-required","not-required","","","",""
"component.components-shell.action.mo-menu","components/Shell.jsx","368","component.components-shell","action","Mở menu","Shell","onClick","local-state","classified-local","high","","","","'/dashboard' | '/freelancer' | '/login' | g.href(r) | n.route","","","","","","","","false","false","not-required","not-required","not-required","not-required","","","",""
"component.components-shell.action.ctrl-k","components/Shell.jsx","372","component.components-shell","action","Ctrl+K","Shell","onClick","local-state","classified-local","high","","","","'/dashboard' | '/freelancer' | '/login' | g.href(r) | n.route","","","","","","","","false","false","not-required","not-required","not-required","not-required","","","",""
"component.components-shell.action.thong-bao","components/Shell.jsx","375","component.components-shell","action","Thông báo","Shell","onClick","local-state","classified-local","high","","","","'/dashboard' | '/freelancer' | '/login' | g.href(r) | n.route","","","","","","","","false","false","not-required","not-required","not-required","not-required","","","",""
"component.components-ui.action.run","components/ui.jsx","128","component.components-ui","action","","AsyncButton","onClick","data-action","delegated-resolved","medium","add | addWebhook | calcAmount | call | clockIn | clockOut | convertToClient | create | createKey | delKey | generate | load | loadKeys | markDone | markPaid | nextPeriod | nowHM | openEditor | openRound | payNow | postAction | quickLog | readAll | regenerate | run | save | saveCommission | sendCmt | submit | submitLog | toast | toggleKey","onChanged | onClick | onClose | onComplete | onCreated | onSave","component:Activities | component:DocEditor | component:DocLinks | component:Shell | component:realm/RealmCreateActionDialog | component:realm/RealmFeedbackOperations | component:realm/RealmPilotControl | route:/attendance | route:/automation | route:/commissions | route:/freelancer | route:/freelancers | route:/invoices | route:/leads | route:/messages | route:/myday | route:/payroll | route:/resources | route:/reviews | route:/settings | route:/staff | route:/tasks | route:/templates | route:/tickets | route:/vendors","","DELETE /api/apikeys | DYNAMIC /api/users/2fa | GET /api/apikeys | GET /api/data/payouts | GET /api/freelancer/home | GET /api/notifications | GET /api/payroll | GET /api/realm-demo/feedback | GET /api/realm-demo/pilot | GET /api/realm-demo/readiness | PATCH /api/realm-demo/feedback | PATCH /api/realm-demo/pilot | POST /api/apikeys | POST /api/chat | POST /api/data/activities | POST /api/data/attendance | POST /api/data/clients | POST /api/data/commissions | POST /api/data/doclinks | POST /api/data/holidays | POST /api/data/invoices | POST /api/data/reviews | POST /api/data/taskcomments | POST /api/data/timelogs | POST /api/data/webhooks | POST /api/email/send | POST /api/freelancer/timelog | POST /api/payouts/*/pay | POST /api/payroll | POST /api/realm-demo/actions | PUT /api/apikeys | PUT /api/data/activities/[id] | PUT /api/data/attendance/[id] | PUT /api/data/commissions/[id] | PUT /api/data/rules/[id] | PUT /api/data/tasks/[id] | PUT /api/data/tickets/[id] | PUT /api/data/webhooks/[id] | PUT /api/notifications | PUT /api/payroll | PUT /api/settings","create:activities | create:attendance | create:clients | create:commissions | create:doclinks | create:holidays | create:invoices | create:reviews | create:taskcomments | create:timelogs | create:webhooks | read:payouts | update:activities | update:attendance | update:commissions | update:rules | update:tasks | update:tickets | update:webhooks","","Activity | ApiKey | Approval | Attendance | AuditLog | Client | CollaborationPresenceSession | Commission | ConvMember | Conversation | DocLink | Holiday | Invoice | Lead | Leave | Message | Notification | Onboarding | Payout | Payroll | Project | ProjectMember | Quote | RealmActionReceipt | RealmChangeEvent | RealmGoldEntry | Review | Rule | Setting | Task | TaskComment | TaskEvent | Team | Ticket | TimeLog | Transaction | User | VendorBill | Webhook","","authenticated-custom | explicit-rbac | registry-rbac","ACCOUNTANT | AM | DIRECTOR | HR | LEAD | PM | STAFF","true","false","disabled-binding","hook-refresh","hook-error-toast","confirmed","window.dispatchEvent","import:docGrand | import:nextCode | import:thisMonth | import:todayISO","event.stopPropagation | out.dueDate | out.note | out.projectId | out.recGroup | out.recurring | pendingRef.current",""
"component.components-ui.action.title-children","components/ui.jsx","142","component.components-ui","action","{title} / {children}","Modal","onMouseDown","delegated-action","delegated","high","close | persist","onClose","component:Activities | component:DocEditor | component:DocLinks | component:SendEmail | component:Shell | component:realm/RealmCreateActionDialog | component:realm/RealmFeedbackLauncher | component:realm/RealmFeedbackOperations | component:realm/RealmPilotOnboarding | component:realm/RoyalCommandCenter | component:ui | route:/attendance | route:/automation | route:/calendar | route:/commissions | route:/freelancers | route:/inventory | route:/invoices | route:/messages | route:/resources | route:/reviews | route:/settings | route:/staff | route:/tasks | route:/templates | route:/tickets | route:/vendors","","","","","","","","","false","false","not-required","not-required","not-required","not-required","window.confirm | window.localStorage.setItem","","requestKeyRef.current",""
"component.components-ui.action.ong","components/ui.jsx","146","component.components-ui","action","Đóng","Modal","onClick","delegated-action","delegated","high","close | persist","onClose","component:Activities | component:DocEditor | component:DocLinks | component:SendEmail | component:Shell | component:realm/RealmCreateActionDialog | component:realm/RealmFeedbackLauncher | component:realm/RealmFeedbackOperations | component:realm/RealmPilotOnboarding | component:realm/RoyalCommandCenter | component:ui | route:/attendance | route:/automation | route:/calendar | route:/commissions | route:/freelancers | route:/inventory | route:/invoices | route:/messages | route:/resources | route:/reviews | route:/settings | route:/staff | route:/tasks | route:/templates | route:/tickets | route:/vendors","","","","","","","","","false","false","not-required","not-required","not-required","not-required","window.confirm | window.localStorage.setItem","","requestKeyRef.current",""
"component.components-ui.action.huy","components/ui.jsx","177","component.components-ui","action","Hủy","ConfirmDialog","onClick","delegated-action","delegated","high","close","onClose","component:Activities | component:DocLinks | route:/analytics | route:/assets | route:/attendance | route:/automation | route:/clients | route:/clients/[id] | route:/commissions | route:/contracts | route:/finance | route:/finplan | route:/freelancers | route:/gantt | route:/growing | route:/inventory | route:/invoices | route:/leads | route:/live | route:/okr | route:/payroll | route:/projects | route:/projects/[id] | route:/quotes | route:/recruitment | route:/reviews | route:/services | route:/settings | route:/shipments | route:/staff | route:/tasks | route:/templates | route:/tickets | route:/timesheet | route:/vendors | route:/violations","","","","","","","","","false","false","not-required","not-required","not-required","not-required","","","",""
"component.components-ui.action.ang-xu-ly","components/ui.jsx","178","component.components-ui","action","Đang xử lý…","ConfirmDialog","onClick","data-action","delegated-resolved","medium","callUsers | confirm | convert | docsOf | finalize | load | payBill | payShipment | projName | settleSession | syncAccess | toInvoice | toProject | toast | unassign","onClose | onYes","component:Activities | component:DocLinks | route:/analytics | route:/assets | route:/attendance | route:/automation | route:/clients | route:/clients/[id] | route:/commissions | route:/contracts | route:/finance | route:/finplan | route:/freelancers | route:/gantt | route:/growing | route:/inventory | route:/invoices | route:/leads | route:/live | route:/okr | route:/payroll | route:/projects | route:/projects/[id] | route:/quotes | route:/recruitment | route:/reviews | route:/services | route:/settings | route:/shipments | route:/staff | route:/tasks | route:/templates | route:/tickets | route:/timesheet | route:/vendors | route:/violations","","DELETE /api/data/activities/[id] | DELETE /api/data/areacodes/[id] | DELETE /api/data/assets/[id] | DELETE /api/data/attendance/[id] | DELETE /api/data/budgets/[id] | DELETE /api/data/candidates/[id] | DELETE /api/data/clients/[id] | DELETE /api/data/commissions/[id] | DELETE /api/data/contacts/[id] | DELETE /api/data/contracts/[id] | DELETE /api/data/doclinks/[id] | DELETE /api/data/growingareas/[id] | DELETE /api/data/holidays/[id] | DELETE /api/data/invoices/[id] | DELETE /api/data/leads/[id] | DELETE /api/data/leaves/[id] | DELETE /api/data/livesessions/[id] | DELETE /api/data/milestones/[id] | DELETE /api/data/nps/[id] | DELETE /api/data/okrs/[id] | DELETE /api/data/onboardings/[id] | DELETE /api/data/phases/[id] | DELETE /api/data/projectmembers/[id] | DELETE /api/data/projects/[id] | DELETE /api/data/projecttemplates/[id] | DELETE /api/data/quotes/[id] | DELETE /api/data/recurringexpenses/[id] | DELETE /api/data/reviews/[id] | DELETE /api/data/rfqs/[id] | DELETE /api/data/rules/[id] | DELETE /api/data/services/[id] | DELETE /api/data/shipmentdocs/[id] | DELETE /api/data/shipments/[id] | DELETE /api/data/stocklots/[id] | DELETE /api/data/taskcomments/[id] | DELETE /api/data/tasks/[id] | DELETE /api/data/tickets/[id] | DELETE /api/data/timelogs/[id] | DELETE /api/data/transactions/[id] | DELETE /api/data/vendorbills/[id] | DELETE /api/data/vendors/[id] | DELETE /api/data/violations/[id] | DELETE /api/data/webhooks/[id] | DYNAMIC /api/users | GET /api/data/invoices | GET /api/data/livesessions | GET /api/data/projectmembers | GET /api/data/projects | GET /api/data/quotes | GET /api/data/shipments | GET /api/data/users | GET /api/data/vendorbills | GET /api/payroll | POST /api/livesessions/*/settle | POST /api/payroll/*/finalize | POST /api/quotes/*/convert | POST /api/shipments/*/pay | POST /api/vendorbills/*/pay | PUT /api/data/tasks/[id]","delete:activities | delete:areacodes | delete:assets | delete:attendance | delete:budgets | delete:candidates | delete:clients | delete:commissions | delete:contacts | delete:contracts | delete:doclinks | delete:growingareas | delete:holidays | delete:invoices | delete:leads | delete:leaves | delete:livesessions | delete:milestones | delete:nps | delete:okrs | delete:onboardings | delete:phases | delete:projectmembers | delete:projects | delete:projecttemplates | delete:quotes | delete:recurringexpenses | delete:reviews | delete:rfqs | delete:rules | delete:services | delete:shipmentdocs | delete:shipments | delete:stocklots | delete:taskcomments | delete:tasks | delete:tickets | delete:timelogs | delete:transactions | delete:vendorbills | delete:vendors | delete:violations | delete:webhooks | read:invoices | read:livesessions | read:projectmembers | read:projects | read:quotes | read:shipments | read:users | read:vendorbills | update:tasks","","Activity | Approval | AreaCode | Asset | Attendance | AuditLog | Budget | Candidate | Client | Commission | Contact | Contract | Conversation | DocLink | GrowingArea | Holiday | Invoice | Lead | Leave | LiveSession | Message | Milestone | Notification | NpsResponse | Okr | Onboarding | Payroll | Phase | Project | ProjectMember | ProjectTemplate | Quote | RealmChangeEvent | RealmGoldEntry | RecurringExpense | Review | Rfq | Rule | Service | Setting | Shipment | ShipmentDoc | StockLot | Task | TaskComment | TaskEvent | Team | Ticket | TimeLog | Transaction | User | Vendor | VendorBill | Violation | Webhook","","explicit-rbac | registry-rbac","ACCOUNTANT | AM | DIRECTOR | FREELANCER | HR | LEAD | PM | STAFF","true","false","disabled-binding","hook-refresh","hook-error-toast","confirmed","","import:money | import:todayISO","submittingRef.current",""
"component.components-ui.action.huy.2","components/ui.jsx","224","component.components-ui","action","Hủy","FormModal","onClick","delegated-action","delegated","high","close","onClose","route:/analytics | route:/assets | route:/clients | route:/clients/[id] | route:/contracts | route:/finance | route:/finplan | route:/gantt | route:/growing | route:/inventory | route:/leads | route:/live | route:/okr | route:/projects | route:/projects/[id] | route:/recruitment | route:/services | route:/shipments | route:/staff | route:/tasks | route:/tickets | route:/timesheet | route:/vendors | route:/violations","","","","","","","","","false","false","not-required","not-required","not-required","not-required","","","",""
"component.components-ui.action.ang-luu-luu","components/ui.jsx","225","component.components-ui","action","Đang lưu… / Lưu","FormModal","onClick","data-action","delegated-resolved","medium","addPhase | applyTemplate | codeSuspendedFor | issue | leaveDays | loadStats | nextCode | norm | off | payShipment | payload | save | saveArea | saveCode | saveContact | saveLot | saveMs | saveRecon | saveSession | saveShip | submit | toPayload | toast | uName | usedLeave","map | onClose | onSave","route:/analytics | route:/assets | route:/clients | route:/clients/[id] | route:/contracts | route:/finance | route:/finplan | route:/gantt | route:/growing | route:/inventory | route:/leads | route:/live | route:/okr | route:/projects | route:/projects/[id] | route:/recruitment | route:/services | route:/shipments | route:/staff | route:/tasks | route:/tickets | route:/timesheet | route:/vendors | route:/violations","","GET /api/data/livesessions | GET /api/data/shipmentdocs | GET /api/data/shipments | GET /api/data/stocklots | GET /api/data/stockmoves | GET /api/projects/stats | POST /api/data/areacodes | POST /api/data/assets | POST /api/data/budgets | POST /api/data/candidates | POST /api/data/clients | POST /api/data/contacts | POST /api/data/contracts | POST /api/data/growingareas | POST /api/data/leads | POST /api/data/leaves | POST /api/data/livesessions | POST /api/data/milestones | POST /api/data/nps | POST /api/data/okrs | POST /api/data/phases | POST /api/data/projects | POST /api/data/recurringexpenses | POST /api/data/services | POST /api/data/shipmentdocs | POST /api/data/shipments | POST /api/data/stocklots | POST /api/data/tasks | POST /api/data/teams | POST /api/data/tickets | POST /api/data/timelogs | POST /api/data/transactions | POST /api/data/vendorbills | POST /api/data/vendors | POST /api/data/violations | POST /api/livesessions/*/reconcile | POST /api/shipments/*/pay | POST /api/stocklots/*/issue | PUT /api/data/assets/[id] | PUT /api/data/candidates/[id] | PUT /api/data/clients/[id] | PUT /api/data/contacts/[id] | PUT /api/data/contracts/[id] | PUT /api/data/growingareas/[id] | PUT /api/data/leads/[id] | PUT /api/data/livesessions/[id] | PUT /api/data/milestones/[id] | PUT /api/data/okrs/[id] | PUT /api/data/projects/[id] | PUT /api/data/services/[id] | PUT /api/data/shipments/[id] | PUT /api/data/stocklots/[id] | PUT /api/data/teams/[id] | PUT /api/data/tickets/[id] | PUT /api/data/timelogs/[id] | PUT /api/data/transactions/[id] | PUT /api/data/vendorbills/[id] | PUT /api/data/vendors/[id] | PUT /api/data/violations/[id]","create:areacodes | create:assets | create:budgets | create:candidates | create:clients | create:contacts | create:contracts | create:growingareas | create:leads | create:leaves | create:livesessions | create:milestones | create:nps | create:okrs | create:phases | create:projects | create:recurringexpenses | create:services | create:shipmentdocs | create:shipments | create:stocklots | create:tasks | create:teams | create:tickets | create:timelogs | create:transactions | create:vendorbills | create:vendors | create:violations | read:livesessions | read:shipmentdocs | read:shipments | read:stocklots | read:stockmoves | update:assets | update:candidates | update:clients | update:contacts | update:contracts | update:growingareas | update:leads | update:livesessions | update:milestones | update:okrs | update:projects | update:services | update:shipments | update:stocklots | update:teams | update:tickets | update:timelogs | update:transactions | update:vendorbills | update:vendors | update:violations","","Approval | AreaCode | Asset | AuditLog | Budget | Candidate | Client | Contact | Contract | Conversation | GrowingArea | Lead | Leave | LiveSession | Message | Milestone | Notification | NpsResponse | Okr | Onboarding | Payout | Phase | Project | Quote | RealmChangeEvent | RealmGoldEntry | RecurringExpense | Rule | Service | Setting | Shipment | ShipmentDoc | StockLot | StockMove | Task | TaskEvent | Team | Ticket | TimeLog | Transaction | User | Vendor | VendorBill | Violation | Webhook","","explicit-rbac | registry-rbac","ACCOUNTANT | AM | DIRECTOR | HR | LEAD | PM | STAFF","true","false","disabled-binding","hook-refresh","hook-error-toast","not-required","","import:incotermValid | import:marketBlocked | import:plus180 | import:presentationDeadline | import:requiredDocs | import:todayISO","ms | order | out.code | out.dueAt | out.resolvedAt | out[f.key] | phases | submittingRef.current | v",""
"component.components-ui.form-submit.e-e-preventdefault-submit","components/ui.jsx","229","component.components-ui","form-submit","","FormModal","onSubmit","data-action","delegated-resolved","medium","addPhase | applyTemplate | codeSuspendedFor | issue | leaveDays | loadStats | nextCode | norm | off | payShipment | payload | save | saveArea | saveCode | saveContact | saveLot | saveMs | saveRecon | saveSession | saveShip | submit | toPayload | toast | uName | usedLeave","map | onClose | onSave","route:/analytics | route:/assets | route:/clients | route:/clients/[id] | route:/contracts | route:/finance | route:/finplan | route:/gantt | route:/growing | route:/inventory | route:/leads | route:/live | route:/okr | route:/projects | route:/projects/[id] | route:/recruitment | route:/services | route:/shipments | route:/staff | route:/tasks | route:/tickets | route:/timesheet | route:/vendors | route:/violations","","GET /api/data/livesessions | GET /api/data/shipmentdocs | GET /api/data/shipments | GET /api/data/stocklots | GET /api/data/stockmoves | GET /api/projects/stats | POST /api/data/areacodes | POST /api/data/assets | POST /api/data/budgets | POST /api/data/candidates | POST /api/data/clients | POST /api/data/contacts | POST /api/data/contracts | POST /api/data/growingareas | POST /api/data/leads | POST /api/data/leaves | POST /api/data/livesessions | POST /api/data/milestones | POST /api/data/nps | POST /api/data/okrs | POST /api/data/phases | POST /api/data/projects | POST /api/data/recurringexpenses | POST /api/data/services | POST /api/data/shipmentdocs | POST /api/data/shipments | POST /api/data/stocklots | POST /api/data/tasks | POST /api/data/teams | POST /api/data/tickets | POST /api/data/timelogs | POST /api/data/transactions | POST /api/data/vendorbills | POST /api/data/vendors | POST /api/data/violations | POST /api/livesessions/*/reconcile | POST /api/shipments/*/pay | POST /api/stocklots/*/issue | PUT /api/data/assets/[id] | PUT /api/data/candidates/[id] | PUT /api/data/clients/[id] | PUT /api/data/contacts/[id] | PUT /api/data/contracts/[id] | PUT /api/data/growingareas/[id] | PUT /api/data/leads/[id] | PUT /api/data/livesessions/[id] | PUT /api/data/milestones/[id] | PUT /api/data/okrs/[id] | PUT /api/data/projects/[id] | PUT /api/data/services/[id] | PUT /api/data/shipments/[id] | PUT /api/data/stocklots/[id] | PUT /api/data/teams/[id] | PUT /api/data/tickets/[id] | PUT /api/data/timelogs/[id] | PUT /api/data/transactions/[id] | PUT /api/data/vendorbills/[id] | PUT /api/data/vendors/[id] | PUT /api/data/violations/[id]","create:areacodes | create:assets | create:budgets | create:candidates | create:clients | create:contacts | create:contracts | create:growingareas | create:leads | create:leaves | create:livesessions | create:milestones | create:nps | create:okrs | create:phases | create:projects | create:recurringexpenses | create:services | create:shipmentdocs | create:shipments | create:stocklots | create:tasks | create:teams | create:tickets | create:timelogs | create:transactions | create:vendorbills | create:vendors | create:violations | read:livesessions | read:shipmentdocs | read:shipments | read:stocklots | read:stockmoves | update:assets | update:candidates | update:clients | update:contacts | update:contracts | update:growingareas | update:leads | update:livesessions | update:milestones | update:okrs | update:projects | update:services | update:shipments | update:stocklots | update:teams | update:tickets | update:timelogs | update:transactions | update:vendorbills | update:vendors | update:violations","","Approval | AreaCode | Asset | AuditLog | Budget | Candidate | Client | Contact | Contract | Conversation | GrowingArea | Lead | Leave | LiveSession | Message | Milestone | Notification | NpsResponse | Okr | Onboarding | Payout | Phase | Project | Quote | RealmChangeEvent | RealmGoldEntry | RecurringExpense | Rule | Service | Setting | Shipment | ShipmentDoc | StockLot | StockMove | Task | TaskEvent | Team | Ticket | TimeLog | Transaction | User | Vendor | VendorBill | Violation | Webhook","","explicit-rbac | registry-rbac","ACCOUNTANT | AM | DIRECTOR | HR | LEAD | PM | STAFF","true","false","disabled-binding","hook-refresh","hook-error-toast","not-required","","import:incotermValid | import:marketBlocked | import:plus180 | import:presentationDeadline | import:requiredDocs | import:todayISO","event.preventDefault | ms | order | out.code | out.dueAt | out.resolvedAt | out[f.key] | phases | submittingRef.current | v",""
"component.components-ui.form-control.select","components/ui.jsx","236","component.components-ui","form-control","","FormModal","form:onSubmit","form-control","delegated-resolved","medium","addPhase | applyTemplate | codeSuspendedFor | issue | leaveDays | loadStats | nextCode | norm | off | payShipment | payload | save | saveArea | saveCode | saveContact | saveLot | saveMs | saveRecon | saveSession | saveShip | submit | toPayload | toast | uName | usedLeave","map | onClose | onSave","route:/analytics | route:/assets | route:/clients | route:/clients/[id] | route:/contracts | route:/finance | route:/finplan | route:/gantt | route:/growing | route:/inventory | route:/leads | route:/live | route:/okr | route:/projects | route:/projects/[id] | route:/recruitment | route:/services | route:/shipments | route:/staff | route:/tasks | route:/tickets | route:/timesheet | route:/vendors | route:/violations","","GET /api/data/livesessions | GET /api/data/shipmentdocs | GET /api/data/shipments | GET /api/data/stocklots | GET /api/data/stockmoves | GET /api/projects/stats | POST /api/data/areacodes | POST /api/data/assets | POST /api/data/budgets | POST /api/data/candidates | POST /api/data/clients | POST /api/data/contacts | POST /api/data/contracts | POST /api/data/growingareas | POST /api/data/leads | POST /api/data/leaves | POST /api/data/livesessions | POST /api/data/milestones | POST /api/data/nps | POST /api/data/okrs | POST /api/data/phases | POST /api/data/projects | POST /api/data/recurringexpenses | POST /api/data/services | POST /api/data/shipmentdocs | POST /api/data/shipments | POST /api/data/stocklots | POST /api/data/tasks | POST /api/data/teams | POST /api/data/tickets | POST /api/data/timelogs | POST /api/data/transactions | POST /api/data/vendorbills | POST /api/data/vendors | POST /api/data/violations | POST /api/livesessions/*/reconcile | POST /api/shipments/*/pay | POST /api/stocklots/*/issue | PUT /api/data/assets/[id] | PUT /api/data/candidates/[id] | PUT /api/data/clients/[id] | PUT /api/data/contacts/[id] | PUT /api/data/contracts/[id] | PUT /api/data/growingareas/[id] | PUT /api/data/leads/[id] | PUT /api/data/livesessions/[id] | PUT /api/data/milestones/[id] | PUT /api/data/okrs/[id] | PUT /api/data/projects/[id] | PUT /api/data/services/[id] | PUT /api/data/shipments/[id] | PUT /api/data/stocklots/[id] | PUT /api/data/teams/[id] | PUT /api/data/tickets/[id] | PUT /api/data/timelogs/[id] | PUT /api/data/transactions/[id] | PUT /api/data/vendorbills/[id] | PUT /api/data/vendors/[id] | PUT /api/data/violations/[id]","create:areacodes | create:assets | create:budgets | create:candidates | create:clients | create:contacts | create:contracts | create:growingareas | create:leads | create:leaves | create:livesessions | create:milestones | create:nps | create:okrs | create:phases | create:projects | create:recurringexpenses | create:services | create:shipmentdocs | create:shipments | create:stocklots | create:tasks | create:teams | create:tickets | create:timelogs | create:transactions | create:vendorbills | create:vendors | create:violations | read:livesessions | read:shipmentdocs | read:shipments | read:stocklots | read:stockmoves | update:assets | update:candidates | update:clients | update:contacts | update:contracts | update:growingareas | update:leads | update:livesessions | update:milestones | update:okrs | update:projects | update:services | update:shipments | update:stocklots | update:teams | update:tickets | update:timelogs | update:transactions | update:vendorbills | update:vendors | update:violations","","Approval | AreaCode | Asset | AuditLog | Budget | Candidate | Client | Contact | Contract | Conversation | GrowingArea | Lead | Leave | LiveSession | Message | Milestone | Notification | NpsResponse | Okr | Onboarding | Payout | Phase | Project | Quote | RealmChangeEvent | RealmGoldEntry | RecurringExpense | Rule | Service | Setting | Shipment | ShipmentDoc | StockLot | StockMove | Task | TaskEvent | Team | Ticket | TimeLog | Transaction | User | Vendor | VendorBill | Violation | Webhook","","explicit-rbac | registry-rbac","ACCOUNTANT | AM | DIRECTOR | HR | LEAD | PM | STAFF","true","false","not-required","not-required","not-required","not-required","","import:incotermValid | import:marketBlocked | import:plus180 | import:presentationDeadline | import:requiredDocs | import:todayISO","event.preventDefault | ms | order | out.code | out.dueAt | out.resolvedAt | out[f.key] | phases | submittingRef.current | v",""
"component.components-ui.form-control.select.2","components/ui.jsx","240","component.components-ui","form-control","","FormModal","form:onSubmit","form-control","delegated-resolved","medium","addPhase | applyTemplate | codeSuspendedFor | issue | leaveDays | loadStats | nextCode | norm | off | payShipment | payload | save | saveArea | saveCode | saveContact | saveLot | saveMs | saveRecon | saveSession | saveShip | submit | toPayload | toast | uName | usedLeave","map | onClose | onSave","route:/analytics | route:/assets | route:/clients | route:/clients/[id] | route:/contracts | route:/finance | route:/finplan | route:/gantt | route:/growing | route:/inventory | route:/leads | route:/live | route:/okr | route:/projects | route:/projects/[id] | route:/recruitment | route:/services | route:/shipments | route:/staff | route:/tasks | route:/tickets | route:/timesheet | route:/vendors | route:/violations","","GET /api/data/livesessions | GET /api/data/shipmentdocs | GET /api/data/shipments | GET /api/data/stocklots | GET /api/data/stockmoves | GET /api/projects/stats | POST /api/data/areacodes | POST /api/data/assets | POST /api/data/budgets | POST /api/data/candidates | POST /api/data/clients | POST /api/data/contacts | POST /api/data/contracts | POST /api/data/growingareas | POST /api/data/leads | POST /api/data/leaves | POST /api/data/livesessions | POST /api/data/milestones | POST /api/data/nps | POST /api/data/okrs | POST /api/data/phases | POST /api/data/projects | POST /api/data/recurringexpenses | POST /api/data/services | POST /api/data/shipmentdocs | POST /api/data/shipments | POST /api/data/stocklots | POST /api/data/tasks | POST /api/data/teams | POST /api/data/tickets | POST /api/data/timelogs | POST /api/data/transactions | POST /api/data/vendorbills | POST /api/data/vendors | POST /api/data/violations | POST /api/livesessions/*/reconcile | POST /api/shipments/*/pay | POST /api/stocklots/*/issue | PUT /api/data/assets/[id] | PUT /api/data/candidates/[id] | PUT /api/data/clients/[id] | PUT /api/data/contacts/[id] | PUT /api/data/contracts/[id] | PUT /api/data/growingareas/[id] | PUT /api/data/leads/[id] | PUT /api/data/livesessions/[id] | PUT /api/data/milestones/[id] | PUT /api/data/okrs/[id] | PUT /api/data/projects/[id] | PUT /api/data/services/[id] | PUT /api/data/shipments/[id] | PUT /api/data/stocklots/[id] | PUT /api/data/teams/[id] | PUT /api/data/tickets/[id] | PUT /api/data/timelogs/[id] | PUT /api/data/transactions/[id] | PUT /api/data/vendorbills/[id] | PUT /api/data/vendors/[id] | PUT /api/data/violations/[id]","create:areacodes | create:assets | create:budgets | create:candidates | create:clients | create:contacts | create:contracts | create:growingareas | create:leads | create:leaves | create:livesessions | create:milestones | create:nps | create:okrs | create:phases | create:projects | create:recurringexpenses | create:services | create:shipmentdocs | create:shipments | create:stocklots | create:tasks | create:teams | create:tickets | create:timelogs | create:transactions | create:vendorbills | create:vendors | create:violations | read:livesessions | read:shipmentdocs | read:shipments | read:stocklots | read:stockmoves | update:assets | update:candidates | update:clients | update:contacts | update:contracts | update:growingareas | update:leads | update:livesessions | update:milestones | update:okrs | update:projects | update:services | update:shipments | update:stocklots | update:teams | update:tickets | update:timelogs | update:transactions | update:vendorbills | update:vendors | update:violations","","Approval | AreaCode | Asset | AuditLog | Budget | Candidate | Client | Contact | Contract | Conversation | GrowingArea | Lead | Leave | LiveSession | Message | Milestone | Notification | NpsResponse | Okr | Onboarding | Payout | Phase | Project | Quote | RealmChangeEvent | RealmGoldEntry | RecurringExpense | Rule | Service | Setting | Shipment | ShipmentDoc | StockLot | StockMove | Task | TaskEvent | Team | Ticket | TimeLog | Transaction | User | Vendor | VendorBill | Violation | Webhook","","explicit-rbac | registry-rbac","ACCOUNTANT | AM | DIRECTOR | HR | LEAD | PM | STAFF","true","false","not-required","not-required","not-required","not-required","","import:incotermValid | import:marketBlocked | import:plus180 | import:presentationDeadline | import:requiredDocs | import:todayISO","event.preventDefault | ms | order | out.code | out.dueAt | out.resolvedAt | out[f.key] | phases | submittingRef.current | v",""
"component.components-ui.form-control.textarea","components/ui.jsx","245","component.components-ui","form-control","","FormModal","form:onSubmit","form-control","delegated-resolved","medium","addPhase | applyTemplate | codeSuspendedFor | issue | leaveDays | loadStats | nextCode | norm | off | payShipment | payload | save | saveArea | saveCode | saveContact | saveLot | saveMs | saveRecon | saveSession | saveShip | submit | toPayload | toast | uName | usedLeave","map | onClose | onSave","route:/analytics | route:/assets | route:/clients | route:/clients/[id] | route:/contracts | route:/finance | route:/finplan | route:/gantt | route:/growing | route:/inventory | route:/leads | route:/live | route:/okr | route:/projects | route:/projects/[id] | route:/recruitment | route:/services | route:/shipments | route:/staff | route:/tasks | route:/tickets | route:/timesheet | route:/vendors | route:/violations","","GET /api/data/livesessions | GET /api/data/shipmentdocs | GET /api/data/shipments | GET /api/data/stocklots | GET /api/data/stockmoves | GET /api/projects/stats | POST /api/data/areacodes | POST /api/data/assets | POST /api/data/budgets | POST /api/data/candidates | POST /api/data/clients | POST /api/data/contacts | POST /api/data/contracts | POST /api/data/growingareas | POST /api/data/leads | POST /api/data/leaves | POST /api/data/livesessions | POST /api/data/milestones | POST /api/data/nps | POST /api/data/okrs | POST /api/data/phases | POST /api/data/projects | POST /api/data/recurringexpenses | POST /api/data/services | POST /api/data/shipmentdocs | POST /api/data/shipments | POST /api/data/stocklots | POST /api/data/tasks | POST /api/data/teams | POST /api/data/tickets | POST /api/data/timelogs | POST /api/data/transactions | POST /api/data/vendorbills | POST /api/data/vendors | POST /api/data/violations | POST /api/livesessions/*/reconcile | POST /api/shipments/*/pay | POST /api/stocklots/*/issue | PUT /api/data/assets/[id] | PUT /api/data/candidates/[id] | PUT /api/data/clients/[id] | PUT /api/data/contacts/[id] | PUT /api/data/contracts/[id] | PUT /api/data/growingareas/[id] | PUT /api/data/leads/[id] | PUT /api/data/livesessions/[id] | PUT /api/data/milestones/[id] | PUT /api/data/okrs/[id] | PUT /api/data/projects/[id] | PUT /api/data/services/[id] | PUT /api/data/shipments/[id] | PUT /api/data/stocklots/[id] | PUT /api/data/teams/[id] | PUT /api/data/tickets/[id] | PUT /api/data/timelogs/[id] | PUT /api/data/transactions/[id] | PUT /api/data/vendorbills/[id] | PUT /api/data/vendors/[id] | PUT /api/data/violations/[id]","create:areacodes | create:assets | create:budgets | create:candidates | create:clients | create:contacts | create:contracts | create:growingareas | create:leads | create:leaves | create:livesessions | create:milestones | create:nps | create:okrs | create:phases | create:projects | create:recurringexpenses | create:services | create:shipmentdocs | create:shipments | create:stocklots | create:tasks | create:teams | create:tickets | create:timelogs | create:transactions | create:vendorbills | create:vendors | create:violations | read:livesessions | read:shipmentdocs | read:shipments | read:stocklots | read:stockmoves | update:assets | update:candidates | update:clients | update:contacts | update:contracts | update:growingareas | update:leads | update:livesessions | update:milestones | update:okrs | update:projects | update:services | update:shipments | update:stocklots | update:teams | update:tickets | update:timelogs | update:transactions | update:vendorbills | update:vendors | update:violations","","Approval | AreaCode | Asset | AuditLog | Budget | Candidate | Client | Contact | Contract | Conversation | GrowingArea | Lead | Leave | LiveSession | Message | Milestone | Notification | NpsResponse | Okr | Onboarding | Payout | Phase | Project | Quote | RealmChangeEvent | RealmGoldEntry | RecurringExpense | Rule | Service | Setting | Shipment | ShipmentDoc | StockLot | StockMove | Task | TaskEvent | Team | Ticket | TimeLog | Transaction | User | Vendor | VendorBill | Violation | Webhook","","explicit-rbac | registry-rbac","ACCOUNTANT | AM | DIRECTOR | HR | LEAD | PM | STAFF","true","false","not-required","not-required","not-required","not-required","","import:incotermValid | import:marketBlocked | import:plus180 | import:presentationDeadline | import:requiredDocs | import:todayISO","event.preventDefault | ms | order | out.code | out.dueAt | out.resolvedAt | out[f.key] | phases | submittingRef.current | v",""
"component.components-ui.form-control.input","components/ui.jsx","247","component.components-ui","form-control","","FormModal","form:onSubmit","form-control","delegated-resolved","medium","addPhase | applyTemplate | codeSuspendedFor | issue | leaveDays | loadStats | nextCode | norm | off | payShipment | payload | save | saveArea | saveCode | saveContact | saveLot | saveMs | saveRecon | saveSession | saveShip | submit | toPayload | toast | uName | usedLeave","map | onClose | onSave","route:/analytics | route:/assets | route:/clients | route:/clients/[id] | route:/contracts | route:/finance | route:/finplan | route:/gantt | route:/growing | route:/inventory | route:/leads | route:/live | route:/okr | route:/projects | route:/projects/[id] | route:/recruitment | route:/services | route:/shipments | route:/staff | route:/tasks | route:/tickets | route:/timesheet | route:/vendors | route:/violations","","GET /api/data/livesessions | GET /api/data/shipmentdocs | GET /api/data/shipments | GET /api/data/stocklots | GET /api/data/stockmoves | GET /api/projects/stats | POST /api/data/areacodes | POST /api/data/assets | POST /api/data/budgets | POST /api/data/candidates | POST /api/data/clients | POST /api/data/contacts | POST /api/data/contracts | POST /api/data/growingareas | POST /api/data/leads | POST /api/data/leaves | POST /api/data/livesessions | POST /api/data/milestones | POST /api/data/nps | POST /api/data/okrs | POST /api/data/phases | POST /api/data/projects | POST /api/data/recurringexpenses | POST /api/data/services | POST /api/data/shipmentdocs | POST /api/data/shipments | POST /api/data/stocklots | POST /api/data/tasks | POST /api/data/teams | POST /api/data/tickets | POST /api/data/timelogs | POST /api/data/transactions | POST /api/data/vendorbills | POST /api/data/vendors | POST /api/data/violations | POST /api/livesessions/*/reconcile | POST /api/shipments/*/pay | POST /api/stocklots/*/issue | PUT /api/data/assets/[id] | PUT /api/data/candidates/[id] | PUT /api/data/clients/[id] | PUT /api/data/contacts/[id] | PUT /api/data/contracts/[id] | PUT /api/data/growingareas/[id] | PUT /api/data/leads/[id] | PUT /api/data/livesessions/[id] | PUT /api/data/milestones/[id] | PUT /api/data/okrs/[id] | PUT /api/data/projects/[id] | PUT /api/data/services/[id] | PUT /api/data/shipments/[id] | PUT /api/data/stocklots/[id] | PUT /api/data/teams/[id] | PUT /api/data/tickets/[id] | PUT /api/data/timelogs/[id] | PUT /api/data/transactions/[id] | PUT /api/data/vendorbills/[id] | PUT /api/data/vendors/[id] | PUT /api/data/violations/[id]","create:areacodes | create:assets | create:budgets | create:candidates | create:clients | create:contacts | create:contracts | create:growingareas | create:leads | create:leaves | create:livesessions | create:milestones | create:nps | create:okrs | create:phases | create:projects | create:recurringexpenses | create:services | create:shipmentdocs | create:shipments | create:stocklots | create:tasks | create:teams | create:tickets | create:timelogs | create:transactions | create:vendorbills | create:vendors | create:violations | read:livesessions | read:shipmentdocs | read:shipments | read:stocklots | read:stockmoves | update:assets | update:candidates | update:clients | update:contacts | update:contracts | update:growingareas | update:leads | update:livesessions | update:milestones | update:okrs | update:projects | update:services | update:shipments | update:stocklots | update:teams | update:tickets | update:timelogs | update:transactions | update:vendorbills | update:vendors | update:violations","","Approval | AreaCode | Asset | AuditLog | Budget | Candidate | Client | Contact | Contract | Conversation | GrowingArea | Lead | Leave | LiveSession | Message | Milestone | Notification | NpsResponse | Okr | Onboarding | Payout | Phase | Project | Quote | RealmChangeEvent | RealmGoldEntry | RecurringExpense | Rule | Service | Setting | Shipment | ShipmentDoc | StockLot | StockMove | Task | TaskEvent | Team | Ticket | TimeLog | Transaction | User | Vendor | VendorBill | Violation | Webhook","","explicit-rbac | registry-rbac","ACCOUNTANT | AM | DIRECTOR | HR | LEAD | PM | STAFF","true","false","not-required","not-required","not-required","not-required","","import:incotermValid | import:marketBlocked | import:plus180 | import:presentationDeadline | import:requiredDocs | import:todayISO","event.preventDefault | ms | order | out.code | out.dueAt | out.resolvedAt | out[f.key] | phases | submittingRef.current | v",""
"component.components-ui.action.csv","components/ui.jsx","358","component.components-ui","action","CSV","ExportCsv","onClick","browser-action","classified-local","high","dl","","","","","","","","","","","false","false","not-required","not-required","not-required","not-required","URL.createObjectURL | URL.revokeObjectURL | document.createElement","","a.download | a.href",""
