"elementId","ownerComponent","callback","source","line","surface","apiCalls","resourceOperations","routeTargets","helperCalls","localState"
"route.approvals.action.ang-xu-ly-duyet","ApCard","onDecide","app/(app)/approvals/page.jsx","101","route:/approvals","GET /api/approvals | POST /api/approvals/*/decide","","","","setDecidingId"
"route.approvals.action.ang-xu-ly-duyet","ApCard","onDecide","app/(app)/approvals/page.jsx","107","route:/approvals","GET /api/approvals | POST /api/approvals/*/decide","","","","setDecidingId"
"route.approvals.action.tu-choi","ApCard","onDecide","app/(app)/approvals/page.jsx","101","route:/approvals","GET /api/approvals | POST /api/approvals/*/decide","","","","setDecidingId"
"route.approvals.action.tu-choi","ApCard","onDecide","app/(app)/approvals/page.jsx","107","route:/approvals","GET /api/approvals | POST /api/approvals/*/decide","","","","setDecidingId"
"route.attendance.action.ong","HolidayModal","onClose","app/(app)/attendance/page.jsx","124","route:/attendance","","","","","setModal"
"route.attendance.action.huy","OtModal","onClose","app/(app)/attendance/page.jsx","125","route:/attendance","","","","","setModal"
"route.attendance.action.luu-ot","OtModal","onClose","app/(app)/attendance/page.jsx","125","route:/attendance","","","","","setModal"
"route.attendance.action.luu-ot","OtModal","onSave","app/(app)/attendance/page.jsx","125","route:/attendance","POST /api/data/attendance | PUT /api/data/attendance/[id]","create:attendance | update:attendance","","",""
"route.automation.action.huy","RuleModal","onClose","app/(app)/automation/page.jsx","132","route:/automation","","","","","setModal"
"route.automation.action.luu","RuleModal","onClose","app/(app)/automation/page.jsx","132","route:/automation","","","","","setModal"
"route.automation.action.luu","RuleModal","onSave","app/(app)/automation/page.jsx","132","route:/automation","POST /api/data/rules | PUT /api/data/rules/[id]","create:rules | update:rules","","",""
"route.freelancers.action.huy","SettleModal","onClose","app/(app)/freelancers/page.jsx","162","route:/freelancers","","","","","setModal"
"route.freelancers.action.tao-khoan-phai-tra","SettleModal","onClose","app/(app)/freelancers/page.jsx","162","route:/freelancers","","","","","setModal"
"route.freelancers.action.tao-khoan-phai-tra","SettleModal","onSave","app/(app)/freelancers/page.jsx","162","route:/freelancers","POST /api/data/payouts","create:payouts","","",""
"route.freelancers.action.huy.2","FreelancerModal","onClose","app/(app)/freelancers/page.jsx","161","route:/freelancers","","","","","setModal"
"route.freelancers.action.tao-tai-khoan","FreelancerModal","onSave","app/(app)/freelancers/page.jsx","161","route:/freelancers","DYNAMIC /api/users | GET /api/data/users","read:users","","","setModal"
"route.inventory.action.ong","LotDetail","onClose","app/(app)/inventory/page.jsx","141","route:/inventory","","","","","setDetail"
"route.invoices.action.huy","PayModal","onClose","app/(app)/invoices/page.jsx","213","route:/invoices","","","","","setModal"
"route.invoices.action.ghi-nhan","PayModal","onClose","app/(app)/invoices/page.jsx","213","route:/invoices","","","","","setModal"
"route.invoices.action.ghi-nhan","PayModal","onDone","app/(app)/invoices/page.jsx","213","route:/invoices","","","","",""
"route.invoices.action.huy.2","FromHoursModal","onClose","app/(app)/invoices/page.jsx","214","route:/invoices","","","","","setModal"
"route.invoices.action.ang-tao-tao-hoa-on-nhap","FromHoursModal","onClose","app/(app)/invoices/page.jsx","214","route:/invoices","","","","","setModal"
"route.invoices.action.ang-tao-tao-hoa-on-nhap","FromHoursModal","onDone","app/(app)/invoices/page.jsx","214","route:/invoices","","","","",""
"route.messages.action.huy","NewChatModal","onClose","app/(app)/messages/page.jsx","237","route:/messages","","","","","setShowNew"
"route.messages.action.bat-au","NewChatModal","onClose","app/(app)/messages/page.jsx","237","route:/messages","","","","","setShowNew"
"route.messages.action.bat-au","NewChatModal","onCreated","app/(app)/messages/page.jsx","237","route:/messages","GET /api/chat","","","","setConvs | setDirectory | setSel"
"route.myday.action.ua-viec-len-mot-bac","TaskBlock","onNudge","app/(app)/myday/page.jsx","327","route:/myday","GET /api/execution/my-work | POST /api/execution/actions","","","","setBusyId | setError | setLoading | setLocalOrder | setModel"
"route.myday.action.ua-viec-xuong-mot-bac","TaskBlock","onNudge","app/(app)/myday/page.jsx","327","route:/myday","GET /api/execution/my-work | POST /api/execution/actions","","","","setBusyId | setError | setLoading | setLocalOrder | setModel"
"route.myday.action.cap-nhat-estimate","TaskBlock","onEstimate","app/(app)/myday/page.jsx","327","route:/myday","","","","",""
"route.myday.action.button","TaskBlock","onTransition","app/(app)/myday/page.jsx","327","route:/myday","GET /api/execution/my-work | POST /api/execution/actions","","","","setBusyId | setError | setLoading | setLocalOrder | setModel"
"route.myday.action.ong-form-estimate","EstimatePanel","onClose","app/(app)/myday/page.jsx","322","route:/myday","","","","","setEstimateTask"
"route.myday.form-submit.so-gio-uoc-luong-nhom-cong-viec-o-phuc-tap-ghi-chu-pham-vi-khong","EstimatePanel","onSave","app/(app)/myday/page.jsx","322","route:/myday","GET /api/execution/my-work | POST /api/execution/actions","","","","setBusyId | setError | setEstimateTask | setLoading | setLocalOrder | setModel"
"route.myday.action.ang-luu-luu-estimate-co-receipt","EstimatePanel","onSave","app/(app)/myday/page.jsx","322","route:/myday","GET /api/execution/my-work | POST /api/execution/actions","","","","setBusyId | setError | setEstimateTask | setLoading | setLocalOrder | setModel"
"route.myday.action.huy","EstimatePanel","onClose","app/(app)/myday/page.jsx","322","route:/myday","","","","","setEstimateTask"
"route.reviews.action.button","Stars","onChange","app/(app)/reviews/page.jsx","55","route:/reviews","","","","","setScores"
"route.reviews.action.button","Stars","onChange","app/(app)/reviews/page.jsx","56","route:/reviews","","","","","setScores"
"route.reviews.action.ong","ReviewModal","onClose","app/(app)/reviews/page.jsx","157","route:/reviews","","","","","setModal"
"route.reviews.action.gui-tu-anh-gia","ReviewModal","onClose","app/(app)/reviews/page.jsx","157","route:/reviews","","","","","setModal"
"route.reviews.action.gui-tu-anh-gia","ReviewModal","onSave","app/(app)/reviews/page.jsx","157","route:/reviews","PUT /api/data/reviews/[id]","update:reviews","","",""
"route.reviews.action.chot-anh-gia","ReviewModal","onClose","app/(app)/reviews/page.jsx","157","route:/reviews","","","","","setModal"
"route.reviews.action.chot-anh-gia","ReviewModal","onSave","app/(app)/reviews/page.jsx","157","route:/reviews","PUT /api/data/reviews/[id]","update:reviews","","",""
"route.shipments.action.lo-i-gia-tri-thanh-toan-kg-vung-trong-co-so-ong-goi-container-se","ShipmentDetail","onClose","app/(app)/shipments/page.jsx","195","route:/shipments","","","","","setDetail"
"route.shipments.action.ong","ShipmentDetail","onClose","app/(app)/shipments/page.jsx","195","route:/shipments","","","","","setDetail"
"route.shipments.form-control.input","ShipmentDetail","onToggle","app/(app)/shipments/page.jsx","195","route:/shipments","PUT /api/data/shipmentdocs/[id]","update:shipmentdocs","","",""
"route.shipments.action.ong.2","ShipmentDetail","onClose","app/(app)/shipments/page.jsx","195","route:/shipments","","","","","setDetail"
"route.staff.action.huy","UserModal","onClose","app/(app)/staff/page.jsx","217","route:/staff","","","","","setModal"
"route.staff.action.luu","UserModal","onSave","app/(app)/staff/page.jsx","217","route:/staff","DYNAMIC /api/users | GET /api/data/users","read:users","","","body.password | body.reset2fa | r | setModal"
"route.tasks.action.xoa","TaskDetailModal","onDelete","app/(app)/tasks/page.jsx","411","route:/tasks","","","","","setModal"
"route.tasks.action.huy","TaskDetailModal","onClose","app/(app)/tasks/page.jsx","411","route:/tasks","","","","","setModal"
"route.tasks.action.ang-luu-luu","TaskDetailModal","onClose","app/(app)/tasks/page.jsx","411","route:/tasks","","","","","setModal"
"route.tasks.action.ang-luu-luu","TaskDetailModal","onSave","app/(app)/tasks/page.jsx","411","route:/tasks","PUT /api/data/tasks/[id]","update:tasks","","",""
"route.teamwork.action.len","TaskRow","onMove","app/(app)/teamwork/page.jsx","266","route:/teamwork","GET /api/execution/team-work | POST /api/execution/actions","","","","setBusyId | setError | setLoading | setModel | setSelected"
"route.teamwork.action.xuong","TaskRow","onMove","app/(app)/teamwork/page.jsx","266","route:/teamwork","GET /api/execution/team-work | POST /api/execution/actions","","","","setBusyId | setError | setLoading | setModel | setSelected"
"route.teamwork.action.go-chan","TaskRow","onUnblock","app/(app)/teamwork/page.jsx","266","route:/teamwork","GET /api/execution/team-work | POST /api/execution/actions","","","","setBusyId | setError | setLoading | setModel | setSelected"
"route.teamwork.action.ieu-phoi","TaskRow","onSelect","app/(app)/teamwork/page.jsx","266","route:/teamwork","","","","",""
"route.teamwork.action.ong-bang-ieu-phoi","ActionPanel","onClose","app/(app)/teamwork/page.jsx","256","route:/teamwork","","","","","setSelected"
"route.teamwork.action.giao-viec","ActionPanel","onAction","app/(app)/teamwork/page.jsx","256","route:/teamwork","GET /api/execution/team-work | POST /api/execution/actions","","","","setBusyId | setError | setLoading | setModel | setSelected"
"route.teamwork.action.anh-dau-bi-chan","ActionPanel","onAction","app/(app)/teamwork/page.jsx","256","route:/teamwork","GET /api/execution/team-work | POST /api/execution/actions","","","","setBusyId | setError | setLoading | setModel | setSelected"
"route.teamwork.action.escalate","ActionPanel","onAction","app/(app)/teamwork/page.jsx","256","route:/teamwork","GET /api/execution/team-work | POST /api/execution/actions","","","","setBusyId | setError | setLoading | setModel | setSelected"
"route.teamwork.action.tach-task","ActionPanel","onAction","app/(app)/teamwork/page.jsx","256","route:/teamwork","GET /api/execution/team-work | POST /api/execution/actions","","","","setBusyId | setError | setLoading | setModel | setSelected"
"route.teamwork.action.hop-nhat-task","ActionPanel","onAction","app/(app)/teamwork/page.jsx","256","route:/teamwork","GET /api/execution/team-work | POST /api/execution/actions","","","","setBusyId | setError | setLoading | setModel | setSelected"
"route.teamwork.action.luu-hieu-chinh-co-receipt","ActionPanel","onAction","app/(app)/teamwork/page.jsx","256","route:/teamwork","GET /api/execution/team-work | POST /api/execution/actions","","","","setBusyId | setError | setLoading | setModel | setSelected"
"route.templates.action.huy","TemplateModal","onClose","app/(app)/templates/page.jsx","108","route:/templates","","","","","setModal"
"route.templates.action.luu-mau","TemplateModal","onClose","app/(app)/templates/page.jsx","108","route:/templates","","","","","setModal"
"route.templates.action.luu-mau","TemplateModal","onSave","app/(app)/templates/page.jsx","108","route:/templates","POST /api/data/projecttemplates | PUT /api/data/projecttemplates/[id]","create:projecttemplates | update:projecttemplates","","",""
"route.tickets.action.huy","CsatModal","onClose","app/(app)/tickets/page.jsx","156","route:/tickets","","","","","setModal"
"route.tickets.action.luu-anh-gia","CsatModal","onClose","app/(app)/tickets/page.jsx","156","route:/tickets","","","","","setModal"
"route.tickets.action.luu-anh-gia","CsatModal","onSave","app/(app)/tickets/page.jsx","156","route:/tickets","POST /api/data/csat","create:csat","","import:todayISO",""
"route.vendors.action.huy","RfqModal","onClose","app/(app)/vendors/page.jsx","210","route:/vendors","","","","","setModal"
"route.vendors.action.luu","RfqModal","onClose","app/(app)/vendors/page.jsx","210","route:/vendors","","","","","setModal"
"route.vendors.action.luu","RfqModal","onSave","app/(app)/vendors/page.jsx","210","route:/vendors","POST /api/data/rfqs | PUT /api/data/rfqs/[id]","create:rfqs | update:rfqs","","",""
"component.components-activities.action.ong","ActivitiesModal","onClose","app/(app)/clients/page.jsx","82","route:/clients","","","","","setModal"
"component.components-activities.action.ong","ActivitiesModal","onClose","app/(app)/leads/page.jsx","260","route:/leads","GET /api/leads/workload","","","","setModal | setWorkloadError | setWorkloadLoading | setWorkloadPayload"
"component.components-doceditor.action.huy","DocEditor","onClose","app/(app)/invoices/page.jsx","209","route:/invoices","","","","","setModal"
"component.components-doceditor.action.huy","DocEditor","onClose","app/(app)/invoices/page.jsx","211","route:/invoices","","","","","setModal"
"component.components-doceditor.action.huy","DocEditor","onClose","app/(app)/quotes/page.jsx","96","route:/quotes","","","","","setModal"
"component.components-doceditor.action.huy","DocEditor","onClose","app/(app)/quotes/page.jsx","98","route:/quotes","","","","","setModal"
"component.components-doceditor.action.luu-hoa-on-bao-gia","DocEditor","onClose","app/(app)/invoices/page.jsx","209","route:/invoices","","","","","setModal"
"component.components-doceditor.action.luu-hoa-on-bao-gia","DocEditor","onSave","app/(app)/invoices/page.jsx","209","route:/invoices","POST /api/data/invoices","create:invoices","","",""
"component.components-doceditor.action.luu-hoa-on-bao-gia","DocEditor","onClose","app/(app)/invoices/page.jsx","211","route:/invoices","","","","","setModal"
"component.components-doceditor.action.luu-hoa-on-bao-gia","DocEditor","onSave","app/(app)/invoices/page.jsx","211","route:/invoices","PUT /api/data/invoices/[id]","update:invoices","","",""
"component.components-doceditor.action.luu-hoa-on-bao-gia","DocEditor","onClose","app/(app)/quotes/page.jsx","96","route:/quotes","","","","","setModal"
"component.components-doceditor.action.luu-hoa-on-bao-gia","DocEditor","onSave","app/(app)/quotes/page.jsx","96","route:/quotes","POST /api/data/quotes","create:quotes","","",""
"component.components-doceditor.action.luu-hoa-on-bao-gia","DocEditor","onClose","app/(app)/quotes/page.jsx","98","route:/quotes","","","","","setModal"
"component.components-doceditor.action.luu-hoa-on-bao-gia","DocEditor","onSave","app/(app)/quotes/page.jsx","98","route:/quotes","PUT /api/data/quotes/[id]","update:quotes","","",""
"component.components-doclinks.action.ong","DocLinksModal","onClose","app/(app)/contracts/page.jsx","117","route:/contracts","","","","","setModal"
"component.components-doclinks.action.ong","DocLinksModal","onClose","app/(app)/projects/page.jsx","136","route:/projects","","","","","setModal"
"component.components-finance-financialintelligencepanel.action.thu-lai","State","onRetry","components/finance/FinancialIntelligencePanel.jsx","46","component:finance/FinancialIntelligencePanel","","","","",""
"component.components-finance-financialintelligencepanel.action.thu-lai","State","onRetry","components/hr/HrEvidenceIntelligence.jsx","61","component:hr/HrEvidenceIntelligence","","","","",""
"component.components-finance-financialintelligencepanel.action.tai-lai","FinancialIntelligencePanel","onRetry","app/(app)/finance/page.jsx","81","route:/finance","","","","","setIntelligenceRefresh"
"component.components-hr-hrevidenceintelligence.action.thu-lai","State","onRetry","components/finance/FinancialIntelligencePanel.jsx","46","component:finance/FinancialIntelligencePanel","","","","",""
"component.components-hr-hrevidenceintelligence.action.thu-lai","State","onRetry","components/hr/HrEvidenceIntelligence.jsx","61","component:hr/HrEvidenceIntelligence","","","","",""
"component.components-hr-hrevidenceintelligence.action.tai-lai","HrEvidenceIntelligencePanel","onRetry","components/hr/HrEvidenceIntelligence.jsx","175","component:hr/HrEvidenceIntelligence","","","","","setRevision"
"component.components-realm-adventurerchronicle.action.thu-lai","StateCard","onRetry","components/realm/AdventurerChronicle.jsx","113","component:realm/AdventurerChronicle","","","","","setRevision"
"component.components-realm-adventurerchronicle.action.thu-lai","StateCard","onRetry","components/realm/AdventurerChronicle.jsx","114","component:realm/AdventurerChronicle","","","","","setRevision"
"component.components-realm-adventurerchronicle.action.thu-lai","StateCard","onRetry","components/realm/GoldEconomyObservatory.jsx","245","component:realm/GoldEconomyObservatory","","","","","setRefreshKey"
"component.components-realm-adventurerchronicle.action.thu-lai","StateCard","onRetry","components/realm/GuildHall.jsx","139","component:realm/GuildHall","","","","","setRevision"
"component.components-realm-adventurerchronicle.action.thu-lai","StateCard","onRetry","components/realm/RoyalCommandCenter.jsx","212","component:realm/RoyalCommandCenter","","","","","setRevision"
"component.components-realm-adventurerchronicle.action.thu-lai","StateCard","onRetry","components/realm/RoyalCommandCenter.jsx","213","component:realm/RoyalCommandCenter","","","","","setRevision"
"component.components-realm-adventurerchronicle.action.thu-lai","StateCard","onRetry","components/realm/RoyalEmbassy.jsx","160","component:realm/RoyalEmbassy","","","","","setRevision"
"component.components-realm-adventurerchronicle.action.thu-lai","StateCard","onRetry","components/realm/RoyalTreasuryExchange.jsx","258","component:realm/RoyalTreasuryExchange","","","","","setRefreshKey"
"component.components-realm-goldeconomyobservatory.action.thu-lai","StateCard","onRetry","components/realm/AdventurerChronicle.jsx","113","component:realm/AdventurerChronicle","","","","","setRevision"
"component.components-realm-goldeconomyobservatory.action.thu-lai","StateCard","onRetry","components/realm/AdventurerChronicle.jsx","114","component:realm/AdventurerChronicle","","","","","setRevision"
"component.components-realm-goldeconomyobservatory.action.thu-lai","StateCard","onRetry","components/realm/GoldEconomyObservatory.jsx","245","component:realm/GoldEconomyObservatory","","","","","setRefreshKey"
"component.components-realm-goldeconomyobservatory.action.thu-lai","StateCard","onRetry","components/realm/GuildHall.jsx","139","component:realm/GuildHall","","","","","setRevision"
"component.components-realm-goldeconomyobservatory.action.thu-lai","StateCard","onRetry","components/realm/RoyalCommandCenter.jsx","212","component:realm/RoyalCommandCenter","","","","","setRevision"
"component.components-realm-goldeconomyobservatory.action.thu-lai","StateCard","onRetry","components/realm/RoyalCommandCenter.jsx","213","component:realm/RoyalCommandCenter","","","","","setRevision"
"component.components-realm-goldeconomyobservatory.action.thu-lai","StateCard","onRetry","components/realm/RoyalEmbassy.jsx","160","component:realm/RoyalEmbassy","","","","","setRevision"
"component.components-realm-goldeconomyobservatory.action.thu-lai","StateCard","onRetry","components/realm/RoyalTreasuryExchange.jsx","258","component:realm/RoyalTreasuryExchange","","","","","setRefreshKey"
"component.components-realm-guildhall.action.thu-lai","StateCard","onRetry","components/realm/AdventurerChronicle.jsx","113","component:realm/AdventurerChronicle","","","","","setRevision"
"component.components-realm-guildhall.action.thu-lai","StateCard","onRetry","components/realm/AdventurerChronicle.jsx","114","component:realm/AdventurerChronicle","","","","","setRevision"
"component.components-realm-guildhall.action.thu-lai","StateCard","onRetry","components/realm/GoldEconomyObservatory.jsx","245","component:realm/GoldEconomyObservatory","","","","","setRefreshKey"
"component.components-realm-guildhall.action.thu-lai","StateCard","onRetry","components/realm/GuildHall.jsx","139","component:realm/GuildHall","","","","","setRevision"
"component.components-realm-guildhall.action.thu-lai","StateCard","onRetry","components/realm/RoyalCommandCenter.jsx","212","component:realm/RoyalCommandCenter","","","","","setRevision"
"component.components-realm-guildhall.action.thu-lai","StateCard","onRetry","components/realm/RoyalCommandCenter.jsx","213","component:realm/RoyalCommandCenter","","","","","setRevision"
"component.components-realm-guildhall.action.thu-lai","StateCard","onRetry","components/realm/RoyalEmbassy.jsx","160","component:realm/RoyalEmbassy","","","","","setRevision"
"component.components-realm-guildhall.action.thu-lai","StateCard","onRetry","components/realm/RoyalTreasuryExchange.jsx","258","component:realm/RoyalTreasuryExchange","","","","","setRefreshKey"
"component.components-realm-guildhall.action.content","MemberRow","onSelect","components/realm/GuildHall.jsx","173","component:realm/GuildHall","","","","",""
"component.components-realm-guildhall.action.mo-war-room","CampaignCard","onOpen","components/realm/GuildHall.jsx","180","component:realm/GuildHall","","","","",""
"component.components-realm-guildhall.action.crm-relationship-bridge-mo-royal-embassy-xem-tan-thu-pipeline-co","GuildHall","onOpenEmbassy","components/realm/RealmOffice.jsx","2433","component:realm/RealmOffice","","","","import:realmAccessForPanel","setActivePanel | setMode | setSelectedCampaign"
"component.components-realm-guildhall.action.crm-relationship-bridge-mo-royal-embassy-xem-tan-thu-pipeline-co","GuildHall","onOpenEmbassy","components/realm/RealmOffice.jsx","2934","component:realm/RealmOffice","","","","import:realmAccessForSurface","setEmbassyOpen"
"component.components-realm-realmcreateactiondialog.action.huy","TaskCommentDialog","onClose","components/realm/RealmCreateActionDialog.jsx","109","component:realm/RealmCreateActionDialog","","","","",""
"component.components-realm-realmcreateactiondialog.action.gui-war-council-note","TaskCommentDialog","onComplete","components/realm/RealmCreateActionDialog.jsx","109","component:realm/RealmCreateActionDialog","","","","",""
"component.components-realm-realmcreateactiondialog.action.huy.2","LeadFollowupDialog","onClose","components/realm/RealmCreateActionDialog.jsx","110","component:realm/RealmCreateActionDialog","","","","",""
"component.components-realm-realmcreateactiondialog.action.lap-diplomatic-follow-up","LeadFollowupDialog","onComplete","components/realm/RealmCreateActionDialog.jsx","110","component:realm/RealmCreateActionDialog","","","","",""
"component.components-realm-realmoffice.action.onemote-emote-id","WorldCanvas","onEmote","components/realm/RealmOffice.jsx","2674","component:realm/RealmOffice","","","","hook:broadcastEmote | import:realmEmote","emoteTimersRef.current.delete | emoteTimersRef.current.set | setActiveEmotes"
"component.components-realm-realmoffice.action.onselect-person","RemoteVideoTile","onSelect","components/realm/RealmOffice.jsx","1097","component:realm/RealmOffice","","","","",""
"component.components-realm-realmoffice.action.tat-mic-bat-mic","MediaDock","onMic","components/realm/RealmOffice.jsx","2694","component:realm/RealmOffice","","","","","mediaRef.current | setMediaRevision | setMicOn | stream | track | track.enabled | videoRef.current.srcObject"
"component.components-realm-realmoffice.action.tat-camera-camera","MediaDock","onCamera","components/realm/RealmOffice.jsx","2694","component:realm/RealmOffice","","","","","mediaRef.current | setCameraOn | setMediaRevision | stream | track | track.enabled | videoRef.current.srcObject"
"component.components-realm-realmoffice.action.dung-chia-se-chia-se","MediaDock","onShare","components/realm/RealmOffice.jsx","2694","component:realm/RealmOffice","","","","","screenRef.current | setMediaRevision | setSharing | stream.getVideoTracks()[0].onended"
"component.components-realm-realmoffice.action.ang-kiem-tra-thu-ong-bo","SyncIntegrityCard","onRefresh","components/realm/RealmOffice.jsx","2901","component:realm/RealmOffice","","","","",""
"component.components-realm-realmoffice.action.ang-kiem-tra-thu-ong-bo","SyncIntegrityCard","onRefresh","components/realm/RealmOffice.jsx","3078","component:realm/RealmOffice","","","","",""
"component.components-realm-realmoffice.action.copy-ma","SyncIntegrityCard","onCopySupportId","components/realm/RealmOffice.jsx","2901","component:realm/RealmOffice","","","","",""
"component.components-realm-realmoffice.action.copy-ma","SyncIntegrityCard","onCopySupportId","components/realm/RealmOffice.jsx","3078","component:realm/RealmOffice","","","","",""
"component.components-realm-realmoffice.action.onledgerviewchange-tab-key-if-tab-key-guild-setwarroomcampaign-n","LedgerMode","onLedgerViewChange","components/realm/RealmOffice.jsx","2715","component:realm/RealmOffice","","","","",""
"component.components-realm-realmoffice.action.cap-nhat-1","LedgerMode","onAdvanceQuest","components/realm/RealmOffice.jsx","2715","component:realm/RealmOffice","","","quest.links?.task || realmRecordHref('task', quest.businessRef)","import:advanceRealmQuest | import:realmRecordHref","setOperations"
"component.components-realm-realmoffice.action.ang-ghi-ghi-nhan-gold","LedgerMode","onClaimQuest","components/realm/RealmOffice.jsx","2715","component:realm/RealmOffice","POST /api/realm-demo/operations","","","import:claimRealmQuest | import:createRealmErpBridge | import:createRealmOperations | import:normalizeProfile","operationsSyncEtagRef.current | responseError.code | setBusinessBridge | setOperations | setOperationsReady | setOperationsSource | setOperationsSyncMeta | setOperationsSyncState | setProfile | setProfileDraft | writeError.code | writeError.outcome"
"component.components-realm-realmoffice.action.mo-goc-nhin-realm","CharacterDossier","onOpenRealm","components/realm/RealmOffice.jsx","2750","component:realm/RealmOffice","","","","","setActivePanel | setMode"
"component.components-realm-realmpilotcontrol.action.a-khoa-do-timeout-duyet-ap-dung","LaunchApprovalCard","onDecide","components/realm/RealmPilotControl.jsx","503","component:realm/RealmPilotControl","POST /api/approvals/*/decide","","","import:fetchRealmWithTimeout","setApprovalBusyId | setDraft | setLaunch | setState"
"component.components-realm-realmpilotcontrol.action.tu-choi","LaunchApprovalCard","onDecide","components/realm/RealmPilotControl.jsx","503","component:realm/RealmPilotControl","POST /api/approvals/*/decide","","","import:fetchRealmWithTimeout","setApprovalBusyId | setDraft | setLaunch | setState"
"component.components-realm-realmpilotoperations.action.xac-nhan-qua-canary-gate","ActivationGuard","onClear","components/realm/RealmPilotOperations.jsx","359","component:realm/RealmPilotOperations","","","","import:fetchRealmWithTimeout","setState"
"component.components-realm-realmpilotoperations.action.rollback-ve-erp","ActivationGuard","onRollback","components/realm/RealmPilotOperations.jsx","359","component:realm/RealmPilotOperations","","","","","setConfirm"
"component.components-realm-realmpilotoperations.action.ghi-nhan-su-co","IncidentCommand","onReport","components/realm/RealmPilotOperations.jsx","388","component:realm/RealmPilotOperations","","","","import:fetchRealmWithTimeout","setConfirm | setState"
"component.components-realm-realmpilotoperations.action.bat-au-theo-doi","IncidentCommand","onMonitor","components/realm/RealmPilotOperations.jsx","388","component:realm/RealmPilotOperations","","","","import:fetchRealmWithTimeout","setState"
"component.components-realm-realmpilotoperations.action.xac-nhan-a-khong-che","IncidentCommand","onResolve","components/realm/RealmPilotOperations.jsx","388","component:realm/RealmPilotOperations","","","","import:fetchRealmWithTimeout","setState"
"component.components-realm-rewardcontrolcenter.action.ang-gui-gui-duyet","RewardControlCenter","onLocalDashboardChange","components/realm/RealmOffice.jsx","2955","component:realm/RealmOffice","","","","",""
"component.components-realm-rewardcontrolcenter.action.ang-gui-gui-duyet","RewardControlCenter","onRewardChanged","components/realm/RealmOffice.jsx","2955","component:realm/RealmOffice","","","","",""
"component.components-realm-rewardcontrolcenter.action.ang-duyet-phe-duyet-budget","RewardControlCenter","onLocalDashboardChange","components/realm/RealmOffice.jsx","2955","component:realm/RealmOffice","","","","",""
"component.components-realm-rewardcontrolcenter.action.ang-duyet-phe-duyet-budget","RewardControlCenter","onRewardChanged","components/realm/RealmOffice.jsx","2955","component:realm/RealmOffice","","","","",""
"component.components-realm-rewardcontrolcenter.form-submit.checker-review-cau-hinh-han-muc-truoc-khi-reward-uoc-phe-duyet-t","RewardControlCenter","onLocalDashboardChange","components/realm/RealmOffice.jsx","2955","component:realm/RealmOffice","","","","",""
"component.components-realm-rewardcontrolcenter.form-submit.checker-review-cau-hinh-han-muc-truoc-khi-reward-uoc-phe-duyet-t","RewardControlCenter","onRewardChanged","components/realm/RealmOffice.jsx","2955","component:realm/RealmOffice","","","","",""
"component.components-realm-rewardcontrolcenter.action.ang-luu-luu-budget-draft","RewardControlCenter","onLocalDashboardChange","components/realm/RealmOffice.jsx","2955","component:realm/RealmOffice","","","","",""
"component.components-realm-rewardcontrolcenter.action.ang-luu-luu-budget-draft","RewardControlCenter","onRewardChanged","components/realm/RealmOffice.jsx","2955","component:realm/RealmOffice","","","","",""
"component.components-realm-rewardcontrolcenter.action.ang-luu-luu-ban-nhap","RewardControlCenter","onLocalDashboardChange","components/realm/RealmOffice.jsx","2955","component:realm/RealmOffice","","","","",""
"component.components-realm-rewardcontrolcenter.action.ang-luu-luu-ban-nhap","RewardControlCenter","onRewardChanged","components/realm/RealmOffice.jsx","2955","component:realm/RealmOffice","","","","",""
"component.components-realm-rewardcontrolcenter.action.ang-gui","RewardControlCenter","onLocalDashboardChange","components/realm/RealmOffice.jsx","2955","component:realm/RealmOffice","","","","",""
"component.components-realm-rewardcontrolcenter.action.ang-gui","RewardControlCenter","onRewardChanged","components/realm/RealmOffice.jsx","2955","component:realm/RealmOffice","","","","",""
"component.components-realm-rewardcontrolcenter.action.ang-gui-gui-duyet.2","RewardControlCenter","onLocalDashboardChange","components/realm/RealmOffice.jsx","2955","component:realm/RealmOffice","","","","",""
"component.components-realm-rewardcontrolcenter.action.ang-gui-gui-duyet.2","RewardControlCenter","onRewardChanged","components/realm/RealmOffice.jsx","2955","component:realm/RealmOffice","","","","",""
"component.components-realm-rewardcontrolcenter.action.ang-duyet-phe-duyet","RewardControlCenter","onLocalDashboardChange","components/realm/RealmOffice.jsx","2955","component:realm/RealmOffice","","","","",""
"component.components-realm-rewardcontrolcenter.action.ang-duyet-phe-duyet","RewardControlCenter","onRewardChanged","components/realm/RealmOffice.jsx","2955","component:realm/RealmOffice","","","","",""
"component.components-realm-royalcommandcenter.action.thu-lai","StateCard","onRetry","components/realm/AdventurerChronicle.jsx","113","component:realm/AdventurerChronicle","","","","","setRevision"
"component.components-realm-royalcommandcenter.action.thu-lai","StateCard","onRetry","components/realm/AdventurerChronicle.jsx","114","component:realm/AdventurerChronicle","","","","","setRevision"
"component.components-realm-royalcommandcenter.action.thu-lai","StateCard","onRetry","components/realm/GoldEconomyObservatory.jsx","245","component:realm/GoldEconomyObservatory","","","","","setRefreshKey"
"component.components-realm-royalcommandcenter.action.thu-lai","StateCard","onRetry","components/realm/GuildHall.jsx","139","component:realm/GuildHall","","","","","setRevision"
"component.components-realm-royalcommandcenter.action.thu-lai","StateCard","onRetry","components/realm/RoyalCommandCenter.jsx","212","component:realm/RoyalCommandCenter","","","","","setRevision"
"component.components-realm-royalcommandcenter.action.thu-lai","StateCard","onRetry","components/realm/RoyalCommandCenter.jsx","213","component:realm/RoyalCommandCenter","","","","","setRevision"
"component.components-realm-royalcommandcenter.action.thu-lai","StateCard","onRetry","components/realm/RoyalEmbassy.jsx","160","component:realm/RoyalEmbassy","","","","","setRevision"
"component.components-realm-royalcommandcenter.action.thu-lai","StateCard","onRetry","components/realm/RoyalTreasuryExchange.jsx","258","component:realm/RoyalTreasuryExchange","","","","","setRefreshKey"
"component.components-realm-royalcommandcenter.action.huy","AssignmentModal","onClose","components/realm/RoyalCommandCenter.jsx","247","component:realm/RoyalCommandCenter","","","","","setAssignmentTask"
"component.components-realm-royalcommandcenter.action.ang-ghi-erp-xac-nhan-phan-cong","AssignmentModal","onComplete","components/realm/RoyalCommandCenter.jsx","247","component:realm/RoyalCommandCenter","","","","","setAssignmentTask | setRevision"
"component.components-realm-royalcommandcenter.action.huy.2","HandoffModal","onClose","components/realm/RoyalCommandCenter.jsx","248","component:realm/RoyalCommandCenter","","","","","setHandoffTask"
"component.components-realm-royalcommandcenter.action.ang-gui-gui-yeu-cau-duyet","HandoffModal","onComplete","components/realm/RoyalCommandCenter.jsx","248","component:realm/RoyalCommandCenter","","","","","setHandoffTask | setRevision"
"component.components-realm-royalcommandcenter.action.phan-cong","TaskRow","onAssign","components/realm/RoyalCommandCenter.jsx","243","component:realm/RoyalCommandCenter","","","","",""
"component.components-realm-royalcommandcenter.action.xin-ban-giao","TaskRow","onHandoff","components/realm/RoyalCommandCenter.jsx","243","component:realm/RoyalCommandCenter","","","","",""
"component.components-realm-royalembassy.action.ve-guild-hall","StateCard","onBack","components/realm/RoyalEmbassy.jsx","159","component:realm/RoyalEmbassy","","","","",""
"component.components-realm-royalembassy.action.ve-guild-hall","StateCard","onBack","components/realm/RoyalEmbassy.jsx","160","component:realm/RoyalEmbassy","","","","",""
"component.components-realm-royalembassy.action.thu-lai","StateCard","onRetry","components/realm/AdventurerChronicle.jsx","113","component:realm/AdventurerChronicle","","","","","setRevision"
"component.components-realm-royalembassy.action.thu-lai","StateCard","onRetry","components/realm/AdventurerChronicle.jsx","114","component:realm/AdventurerChronicle","","","","","setRevision"
"component.components-realm-royalembassy.action.thu-lai","StateCard","onRetry","components/realm/GoldEconomyObservatory.jsx","245","component:realm/GoldEconomyObservatory","","","","","setRefreshKey"
"component.components-realm-royalembassy.action.thu-lai","StateCard","onRetry","components/realm/GuildHall.jsx","139","component:realm/GuildHall","","","","","setRevision"
"component.components-realm-royalembassy.action.thu-lai","StateCard","onRetry","components/realm/RoyalCommandCenter.jsx","212","component:realm/RoyalCommandCenter","","","","","setRevision"
"component.components-realm-royalembassy.action.thu-lai","StateCard","onRetry","components/realm/RoyalCommandCenter.jsx","213","component:realm/RoyalCommandCenter","","","","","setRevision"
"component.components-realm-royalembassy.action.thu-lai","StateCard","onRetry","components/realm/RoyalEmbassy.jsx","160","component:realm/RoyalEmbassy","","","","","setRevision"
"component.components-realm-royalembassy.action.thu-lai","StateCard","onRetry","components/realm/RoyalTreasuryExchange.jsx","258","component:realm/RoyalTreasuryExchange","","","","","setRefreshKey"
"component.components-realm-royalembassy.action.ontransition-lead-nextstate","LeadCard","onTransition","components/realm/RoyalEmbassy.jsx","207","component:realm/RoyalEmbassy","","","","",""
"component.components-realm-royalembassy.action.len-lich-follow-up","LeadCard","onFollowUp","components/realm/RoyalEmbassy.jsx","207","component:realm/RoyalEmbassy","","","","",""
"component.components-realm-royalembassy.action.mo-lead-erp","LeadCard","onOpen","components/realm/RoyalEmbassy.jsx","207","component:realm/RoyalEmbassy","","","","",""
"component.components-realm-royalembassy.action.mo-client-erp","ClientCard","onOpen","components/realm/RoyalEmbassy.jsx","214","component:realm/RoyalEmbassy","","","","",""
"component.components-realm-royalembassy.action.ve-guild-hall.2","RoyalEmbassy","onBack","components/realm/RealmOffice.jsx","2455","component:realm/RealmOffice","","","","","setActivePanel"
"component.components-realm-royalembassy.action.ve-guild-hall.2","RoyalEmbassy","onBack","components/realm/RealmOffice.jsx","2924","component:realm/RealmOffice","","","","","setEmbassyOpen"
"component.components-realm-royalembassy.action.mo-crm-pipeline","RoyalEmbassy","onOpenLeads","components/realm/RealmOffice.jsx","2455","component:realm/RealmOffice","","","/leads","",""
"component.components-realm-royalembassy.action.mo-crm-pipeline","RoyalEmbassy","onOpenLeads","components/realm/RealmOffice.jsx","2924","component:realm/RealmOffice","","","/leads","",""
"component.components-realm-royalembassy.action.mo-lead-erp.2","RoyalEmbassy","onOpenLead","components/realm/RealmOffice.jsx","2455","component:realm/RealmOffice","","","realmRecordHref('lead', lead.id)","import:realmRecordHref",""
"component.components-realm-royalembassy.action.mo-lead-erp.2","RoyalEmbassy","onOpenLead","components/realm/RealmOffice.jsx","2924","component:realm/RealmOffice","","","realmRecordHref('lead', lead.id)","import:realmRecordHref",""
"component.components-realm-royaltreasuryexchange.action.thu-lai","StateCard","onRetry","components/realm/AdventurerChronicle.jsx","113","component:realm/AdventurerChronicle","","","","","setRevision"
"component.components-realm-royaltreasuryexchange.action.thu-lai","StateCard","onRetry","components/realm/AdventurerChronicle.jsx","114","component:realm/AdventurerChronicle","","","","","setRevision"
"component.components-realm-royaltreasuryexchange.action.thu-lai","StateCard","onRetry","components/realm/GoldEconomyObservatory.jsx","245","component:realm/GoldEconomyObservatory","","","","","setRefreshKey"
"component.components-realm-royaltreasuryexchange.action.thu-lai","StateCard","onRetry","components/realm/GuildHall.jsx","139","component:realm/GuildHall","","","","","setRevision"
"component.components-realm-royaltreasuryexchange.action.thu-lai","StateCard","onRetry","components/realm/RoyalCommandCenter.jsx","212","component:realm/RoyalCommandCenter","","","","","setRevision"
"component.components-realm-royaltreasuryexchange.action.thu-lai","StateCard","onRetry","components/realm/RoyalCommandCenter.jsx","213","component:realm/RoyalCommandCenter","","","","","setRevision"
"component.components-realm-royaltreasuryexchange.action.thu-lai","StateCard","onRetry","components/realm/RoyalEmbassy.jsx","160","component:realm/RoyalEmbassy","","","","","setRevision"
"component.components-realm-royaltreasuryexchange.action.thu-lai","StateCard","onRetry","components/realm/RoyalTreasuryExchange.jsx","258","component:realm/RoyalTreasuryExchange","","","","","setRefreshKey"
"component.components-realm-royaltreasuryexchange.action.ong-xac-nhan-oi-gold","ConfirmRedemption","onClose","components/realm/RoyalTreasuryExchange.jsx","356","component:realm/RoyalTreasuryExchange","","","","","setConfirmItem"
"component.components-realm-royaltreasuryexchange.action.quay-lai","ConfirmRedemption","onClose","components/realm/RoyalTreasuryExchange.jsx","356","component:realm/RoyalTreasuryExchange","","","","","setConfirmItem"
"component.components-realm-royaltreasuryexchange.action.ang-xu-ly","ConfirmRedemption","onConfirm","components/realm/RoyalTreasuryExchange.jsx","356","component:realm/RoyalTreasuryExchange","POST /api/realm-demo/treasury","","","import:applyRealmTreasuryDemoAction","nextDashboard | setBusyKey | setConfirmItem | setDashboard | setError"
"component.components-realm-royaltreasuryexchange.action.ang-ong-bo","RoyalTreasuryExchange","onLocalDashboardChange","components/realm/RealmOffice.jsx","2476","component:realm/RealmOffice","","","","import:normalizeProfile","setOperations | setProfile | setProfileDraft | setTreasuryDashboard"
"component.components-realm-royaltreasuryexchange.action.ang-ong-bo","RoyalTreasuryExchange","onOperationsRefresh","components/realm/RealmOffice.jsx","2476","component:realm/RealmOffice","GET /api/realm-demo/operations","","","import:createRealmErpBridge | import:createRealmOperations | import:normalizeProfile","offlineError.code | operationsSyncAbortRef.current | operationsSyncEtagRef.current | operationsSyncRequestRef.current | responseError.code | setBusinessBridge | setOperations | setOperationsReady | setOperationsSource | setOperationsSyncMeta | setOperationsSyncState | setProfile | setProfileDraft | syncError.code | syncError.latencyMs | syncError.outcome | syncError.requestId | timedOut"
"component.components-realm-royaltreasuryexchange.action.ang-ong-bo","RoyalTreasuryExchange","onLocalDashboardChange","components/realm/RealmOffice.jsx","2945","component:realm/RealmOffice","","","","",""
"component.components-realm-royaltreasuryexchange.action.ang-ong-bo","RoyalTreasuryExchange","onOperationsRefresh","components/realm/RealmOffice.jsx","2945","component:realm/RealmOffice","","","","",""
"component.components-realm-royaltreasuryexchange.action.duyet-sandbox","RoyalTreasuryExchange","onLocalDashboardChange","components/realm/RealmOffice.jsx","2476","component:realm/RealmOffice","","","","import:normalizeProfile","setOperations | setProfile | setProfileDraft | setTreasuryDashboard"
"component.components-realm-royaltreasuryexchange.action.duyet-sandbox","RoyalTreasuryExchange","onLocalDashboardChange","components/realm/RealmOffice.jsx","2945","component:realm/RealmOffice","","","","",""
"component.components-realm-royaltreasuryexchange.action.tu-choi","RoyalTreasuryExchange","onLocalDashboardChange","components/realm/RealmOffice.jsx","2476","component:realm/RealmOffice","","","","import:normalizeProfile","setOperations | setProfile | setProfileDraft | setTreasuryDashboard"
"component.components-realm-royaltreasuryexchange.action.tu-choi","RoyalTreasuryExchange","onLocalDashboardChange","components/realm/RealmOffice.jsx","2945","component:realm/RealmOffice","","","","",""
"component.components-realm-royaltreasuryexchange.action.xac-nhan-a-trao","RoyalTreasuryExchange","onLocalDashboardChange","components/realm/RealmOffice.jsx","2476","component:realm/RealmOffice","","","","import:normalizeProfile","setOperations | setProfile | setProfileDraft | setTreasuryDashboard"
"component.components-realm-royaltreasuryexchange.action.xac-nhan-a-trao","RoyalTreasuryExchange","onOperationsRefresh","components/realm/RealmOffice.jsx","2476","component:realm/RealmOffice","GET /api/realm-demo/operations","","","import:createRealmErpBridge | import:createRealmOperations | import:normalizeProfile","offlineError.code | operationsSyncAbortRef.current | operationsSyncEtagRef.current | operationsSyncRequestRef.current | responseError.code | setBusinessBridge | setOperations | setOperationsReady | setOperationsSource | setOperationsSyncMeta | setOperationsSyncState | setProfile | setProfileDraft | syncError.code | syncError.latencyMs | syncError.outcome | syncError.requestId | timedOut"
"component.components-realm-royaltreasuryexchange.action.xac-nhan-a-trao","RoyalTreasuryExchange","onLocalDashboardChange","components/realm/RealmOffice.jsx","2945","component:realm/RealmOffice","","","","",""
"component.components-realm-royaltreasuryexchange.action.xac-nhan-a-trao","RoyalTreasuryExchange","onOperationsRefresh","components/realm/RealmOffice.jsx","2945","component:realm/RealmOffice","","","","",""
"component.components-realm-royaltreasuryexchange.action.a-trao-thuong","RoyalTreasuryExchange","onLocalDashboardChange","components/realm/RealmOffice.jsx","2476","component:realm/RealmOffice","","","","import:normalizeProfile","setOperations | setProfile | setProfileDraft | setTreasuryDashboard"
"component.components-realm-royaltreasuryexchange.action.a-trao-thuong","RoyalTreasuryExchange","onOperationsRefresh","components/realm/RealmOffice.jsx","2476","component:realm/RealmOffice","GET /api/realm-demo/operations","","","import:createRealmErpBridge | import:createRealmOperations | import:normalizeProfile","offlineError.code | operationsSyncAbortRef.current | operationsSyncEtagRef.current | operationsSyncRequestRef.current | responseError.code | setBusinessBridge | setOperations | setOperationsReady | setOperationsSource | setOperationsSyncMeta | setOperationsSyncState | setProfile | setProfileDraft | syncError.code | syncError.latencyMs | syncError.outcome | syncError.requestId | timedOut"
"component.components-realm-royaltreasuryexchange.action.a-trao-thuong","RoyalTreasuryExchange","onLocalDashboardChange","components/realm/RealmOffice.jsx","2945","component:realm/RealmOffice","","","","",""
"component.components-realm-royaltreasuryexchange.action.a-trao-thuong","RoyalTreasuryExchange","onOperationsRefresh","components/realm/RealmOffice.jsx","2945","component:realm/RealmOffice","","","","",""
"component.components-realm-warroom.action.ve-guild-hall","EmptyState","onBack","components/realm/WarRoom.jsx","171","component:realm/WarRoom","","","","",""
"component.components-realm-warroom.action.ve-guild-hall","EmptyState","onBack","components/realm/WarRoom.jsx","172","component:realm/WarRoom","","","","",""
"component.components-realm-warroom.action.ve-guild-hall","EmptyState","onBack","components/realm/WarRoom.jsx","173","component:realm/WarRoom","","","","",""
"component.components-realm-warroom.action.ve-guild-hall","EmptyState","onBack","components/realm/WarRoom.jsx","174","component:realm/WarRoom","","","","",""
"component.components-realm-warroom.action.thu-lai","EmptyState","onRetry","components/realm/WarRoom.jsx","173","component:realm/WarRoom","","","","","setRevision"
"component.components-realm-warroom.action.ontransition-task-nextstate","TaskCard","onTransition","components/realm/WarRoom.jsx","216","component:realm/WarRoom","","","","",""
"component.components-realm-warroom.action.ghi-chu-war-council","TaskCard","onComment","components/realm/WarRoom.jsx","216","component:realm/WarRoom","","","","",""
"component.components-realm-warroom.action.mo-task-erp","TaskCard","onOpen","components/realm/WarRoom.jsx","216","component:realm/WarRoom","","","","",""
"component.components-realm-warroom.action.ve-guild-hall.2","WarRoom","onBack","components/realm/RealmOffice.jsx","2419","component:realm/RealmOffice","","","","","setActivePanel"
"component.components-realm-warroom.action.ve-guild-hall.2","WarRoom","onBack","components/realm/RealmOffice.jsx","2914","component:realm/RealmOffice","","","","","setWarRoomCampaign"
"component.components-realm-warroom.action.mo-project-trong-erp","WarRoom","onOpenProject","components/realm/RealmOffice.jsx","2419","component:realm/RealmOffice","","","realmRecordHref('project', selectedCampaign?.id)","import:realmRecordHref",""
"component.components-realm-warroom.action.mo-project-trong-erp","WarRoom","onOpenProject","components/realm/RealmOffice.jsx","2914","component:realm/RealmOffice","","","/projects/*","",""
"component.components-sendemail.action.huy","SendEmailModal","onClose","app/(app)/invoices/page.jsx","216","route:/invoices","","","","","setModal"
"component.components-sendemail.action.huy","SendEmailModal","onClose","app/(app)/quotes/page.jsx","106","route:/quotes","","","","","setModal"
"component.components-sendemail.action.ang-gui-gui-email","SendEmailModal","onClose","app/(app)/invoices/page.jsx","216","route:/invoices","","","","","setModal"
"component.components-sendemail.action.ang-gui-gui-email","SendEmailModal","onClose","app/(app)/quotes/page.jsx","106","route:/quotes","","","","","setModal"
"component.components-shell.action.go-g-r","GlobalSearch","onClose","components/Shell.jsx","430","component:Shell","","","","","setShowSearch"
"component.components-shell.action.oc-tat-ca","NotificationsModal","onChanged","components/Shell.jsx","431","component:Shell","GET /api/approvals | GET /api/chat | GET /api/notifications","","","","setNotificationRevision | setPendingCount | setUnreadChat | setUnreadNotif"
"component.components-shell.action.ong","NotificationsModal","onClose","components/Shell.jsx","431","component:Shell","","","","","setShowNotif"
"component.components-shell.action.truoc-mo","NotificationsModal","onChanged","components/Shell.jsx","431","component:Shell","GET /api/approvals | GET /api/chat | GET /api/notifications","","","","setNotificationRevision | setPendingCount | setUnreadChat | setUnreadNotif"
"component.components-shell.action.truoc-mo","NotificationsModal","onClose","components/Shell.jsx","431","component:Shell","","","","","setShowNotif"
"component.components-shell.action.ong.2","TwoFAModal","onClose","components/Shell.jsx","429","component:Shell","","","","","setShow2fa"
"component.components-shell.action.tat-2fa","TwoFAModal","onClose","components/Shell.jsx","429","component:Shell","","","","","setShow2fa"
"component.components-shell.action.bat-2fa","TwoFAModal","onClose","components/Shell.jsx","429","component:Shell","","","","","setShow2fa"
"component.components-ui.action.run","AsyncButton","onClick","app/(app)/attendance/page.jsx","62","route:/attendance","POST /api/data/attendance | PUT /api/data/attendance/[id]","create:attendance | update:attendance","","import:todayISO",""
"component.components-ui.action.run","AsyncButton","onClick","app/(app)/attendance/page.jsx","64","route:/attendance","PUT /api/data/attendance/[id]","update:attendance","","",""
"component.components-ui.action.run","AsyncButton","onClick","app/(app)/attendance/page.jsx","148","route:/attendance","POST /api/data/holidays","create:holidays","","","setName"
"component.components-ui.action.run","AsyncButton","onClick","app/(app)/attendance/page.jsx","170","route:/attendance","","","","",""
"component.components-ui.action.run","AsyncButton","onClick","app/(app)/automation/page.jsx","34","route:/automation","","","","",""
"component.components-ui.action.run","AsyncButton","onClick","app/(app)/automation/page.jsx","126","route:/automation","PUT /api/data/rules/[id]","update:rules","","","event.stopPropagation"
"component.components-ui.action.run","AsyncButton","onClick","app/(app)/ceo-commands/page.jsx","262","route:/ceo-commands","POST /api/ceo/v1/command-gateway/*/reconcile","","","","setDeliveries"
"component.components-ui.action.run","AsyncButton","onClick","app/(app)/ceo-commands/page.jsx","262","route:/ceo-commands","POST /api/ceo/v1/sso/authorize","","body.destination","",""
"component.components-ui.action.run","AsyncButton","onClick","app/(app)/ceo-inbox/page.jsx","163","route:/ceo-inbox","POST /api/ceo/v1/messaging/directory","","","","setDirectory"
"component.components-ui.action.run","AsyncButton","onClick","app/(app)/ceo-inbox/page.jsx","188","route:/ceo-inbox","GET /api/ceo/v1/identity/session | GET /api/ceo/v1/messaging/conversations | GET /api/ceo/v1/messaging/directory | POST /api/ceo/v1/messaging/conversations/*/refresh","","","","setConversations | setDirectory | setError | setForbidden | setIdentity | setLoading | setThread"
"component.components-ui.action.run","AsyncButton","onClick","app/(app)/ceo-inbox/page.jsx","191","route:/ceo-inbox","GET /api/ceo/v1/messaging/conversations/* | POST /api/ceo/v1/messaging/messages/*/reconcile","","","","setError | setThread"
"component.components-ui.action.run","AsyncButton","onClick","app/(app)/ceo-overview/page.jsx","186","route:/ceo-overview","POST /api/ceo/v1/dashboard/refresh","","","","setDashboard | setRefreshNotice"
"component.components-ui.action.run","AsyncButton","onClick","app/(app)/ceo-overview/page.jsx","281","route:/ceo-overview","POST /api/ceo/v1/sso/authorize","","body.destination","",""
"component.components-ui.action.run","AsyncButton","onClick","app/(app)/ceo-registry/page.jsx","301","route:/ceo-registry","GET /api/ceo/v1/identity/session | POST /api/ceo/v1/identity/session","","","","setIdentity | setIdentityError | setOtp"
"component.components-ui.action.run","AsyncButton","onClick","app/(app)/ceo-registry/page.jsx","319","route:/ceo-registry","GET /api/ceo/v1/identity/session | POST /api/ceo/v1/identity/session/step-up","","","","setIdentity | setIdentityError | setOtp"
"component.components-ui.action.run","AsyncButton","onClick","app/(app)/ceo-registry/page.jsx","320","route:/ceo-registry","GET /api/ceo/v1/identity/session | POST /api/ceo/v1/identity/recovery","","","","setIdentity | setIdentityError | setRecoveryCodes"
"component.components-ui.action.run","AsyncButton","onClick","app/(app)/ceo-registry/page.jsx","327","route:/ceo-registry","GET /api/ceo/v1/identity/session | POST /api/ceo/v1/identity/sessions/*/revoke","","","","setIdentity | setIdentityError"
"component.components-ui.action.run","AsyncButton","onClick","app/(app)/ceo-registry/page.jsx","395","route:/ceo-registry","POST /api/ceo/v1/sso/authorize","","body.destination","",""
"component.components-ui.action.run","AsyncButton","onClick","app/(app)/ceo-registry/page.jsx","404","route:/ceo-registry","PATCH /api/ceo/v1/registry/*","","","","setPayload"
"component.components-ui.action.run","AsyncButton","onClick","app/(app)/ceo-registry/page.jsx","427","route:/ceo-registry","POST /api/ceo/v1/registry/*/rotate","","","","setCredentialRef | setPayload | setRotating"
"component.components-ui.action.run","AsyncButton","onClick","app/(app)/ceo-registry/page.jsx","449","route:/ceo-registry","","","","",""
"component.components-ui.action.run","AsyncButton","onClick","app/(app)/ceo-rollout/page.jsx","190","route:/ceo-rollout","GET /api/ceo/v1/rollout | POST /api/ceo/v1/rollout/evidence","","","","setData | setError | setEvidenceForm | setEvidenceTarget | setForbidden"
"component.components-ui.action.run","AsyncButton","onClick","app/(app)/ceo-rollout/page.jsx","200","route:/ceo-rollout","GET /api/ceo/v1/rollout | POST /api/ceo/v1/rollout/*/transition","","","","setData | setError | setForbidden | setTransitionTarget"
"component.components-ui.action.run","AsyncButton","onClick","app/(app)/ceo-security/page.jsx","162","route:/ceo-security","POST /api/ceo/v1/security/rehearsal","","","","setRehearsal"
"component.components-ui.action.run","AsyncButton","onClick","app/(app)/ceo-security/page.jsx","167","route:/ceo-security","GET /api/ceo/v1/security/control-plane | POST /api/ceo/v1/security/service-credential","","","","setError | setForbidden | setPosture | setRawCredential"
"component.components-ui.action.run","AsyncButton","onClick","app/(app)/ceo-security/page.jsx","178","route:/ceo-security","POST /api/ceo/v1/security/control-plane","","","","setConfirmation | setPosture | setReason | setSuspendOpen"
"component.components-ui.action.run","AsyncButton","onClick","app/(app)/ceo-workforce/page.jsx","205","route:/ceo-workforce","POST /api/ceo/v1/messaging/directory","","","","setDirectory"
"component.components-ui.action.run","AsyncButton","onClick","app/(app)/ceo-workforce/page.jsx","251","route:/ceo-workforce","POST /api/ceo/v1/sso/authorize","","body.destination","",""
"component.components-ui.action.run","AsyncButton","onClick","app/(app)/ceo-world/page.jsx","98","route:/ceo-world","GET /api/ceo/v1/federation/world?entity=*","","","","setError | setForbidden | setLoading | setWorld"
"component.components-ui.action.run","AsyncButton","onClick","app/(app)/ceo-world/page.jsx","128","route:/ceo-world","POST /api/ceo/v1/sso/authorize","","body.destination","","setOpeningId"
"component.components-ui.action.run","AsyncButton","onClick","app/(app)/ceo-world/page.jsx","130","route:/ceo-world","GET /api/ceo/v1/federation/world?entity=*","","","","setError | setForbidden | setLoading | setWorld"
"component.components-ui.action.run","AsyncButton","onClick","app/(app)/commissions/page.jsx","156","route:/commissions","PUT /api/data/commissions/[id]","update:commissions","","",""
"component.components-ui.action.run","AsyncButton","onClick","app/(app)/commissions/page.jsx","180","route:/commissions","POST /api/data/commissions","create:commissions","","import:docGrand | import:todayISO","setModal"
"component.components-ui.action.run","AsyncButton","onClick","app/(app)/freelancer/page.jsx","103","route:/freelancer","GET /api/freelancer/home | POST /api/freelancer/timelog","","","","setData | setLogFor | setLogH | setLogNote"
"component.components-ui.action.run","AsyncButton","onClick","app/(app)/freelancers/page.jsx","150","route:/freelancers","GET /api/data/payouts | POST /api/payouts/*/pay","read:payouts","","",""
"component.components-ui.action.run","AsyncButton","onClick","app/(app)/freelancers/page.jsx","190","route:/freelancers","","","","",""
"component.components-ui.action.run","AsyncButton","onClick","app/(app)/freelancers/page.jsx","229","route:/freelancers","","","","",""
"component.components-ui.action.run","AsyncButton","onClick","app/(app)/invoices/page.jsx","195","route:/invoices","POST /api/data/invoices","create:invoices","","import:nextCode",""
"component.components-ui.action.run","AsyncButton","onClick","app/(app)/leads/page.jsx","258","route:/leads","POST /api/data/clients","create:clients","","import:todayISO","setModal"
"component.components-ui.action.run","AsyncButton","onClick","app/(app)/messages/page.jsx","32","route:/messages","POST /api/chat","","","",""
"component.components-ui.action.run","AsyncButton","onClick","app/(app)/payroll/page.jsx","86","route:/payroll","GET /api/payroll | PUT /api/payroll","","","","setData | setSel"
"component.components-ui.action.run","AsyncButton","onClick","app/(app)/payroll/page.jsx","89","route:/payroll","GET /api/payroll | POST /api/payroll","","","import:thisMonth","setData | setSel"
"component.components-ui.action.run","AsyncButton","onClick","app/(app)/resources/page.jsx","174","route:/resources","PUT /api/data/tasks/[id]","update:tasks","","",""
"component.components-ui.action.run","AsyncButton","onClick","app/(app)/reviews/page.jsx","40","route:/reviews","","","","",""
"component.components-ui.action.run","AsyncButton","onClick","app/(app)/reviews/page.jsx","44","route:/reviews","","","","",""
"component.components-ui.action.run","AsyncButton","onClick","app/(app)/reviews/page.jsx","110","route:/reviews","POST /api/data/reviews","create:reviews","","",""
"component.components-ui.action.run","AsyncButton","onClick","app/(app)/settings/page.jsx","72","route:/settings","GET /api/apikeys | PUT /api/apikeys","","","",""
"component.components-ui.action.run","AsyncButton","onClick","app/(app)/settings/page.jsx","73","route:/settings","DELETE /api/apikeys | GET /api/apikeys","","","",""
"component.components-ui.action.run","AsyncButton","onClick","app/(app)/settings/page.jsx","81","route:/settings","GET /api/apikeys | POST /api/apikeys","","","","setKName | setNewKey"
"component.components-ui.action.run","AsyncButton","onClick","app/(app)/settings/page.jsx","92","route:/settings","PUT /api/data/webhooks/[id]","update:webhooks","","",""
"component.components-ui.action.run","AsyncButton","onClick","app/(app)/settings/page.jsx","101","route:/settings","POST /api/data/webhooks","create:webhooks","","","setWEvents | setWSecret | setWUrl"
"component.components-ui.action.run","AsyncButton","onClick","app/(app)/settings/page.jsx","259","route:/settings","POST /api/email/send | PUT /api/settings","","","",""
"component.components-ui.action.run","AsyncButton","onClick","app/(app)/settings/page.jsx","273","route:/settings","PUT /api/settings","","","",""
"component.components-ui.action.run","AsyncButton","onClick","app/(app)/staff/page.jsx","22","route:/staff","","","","",""
"component.components-ui.action.run","AsyncButton","onClick","app/(app)/tasks/page.jsx","137","route:/tasks","POST /api/data/timelogs","create:timelogs","","import:todayISO","setLogH"
"component.components-ui.action.run","AsyncButton","onClick","app/(app)/tasks/page.jsx","165","route:/tasks","POST /api/data/taskcomments","create:taskcomments","","","setCmt"
"component.components-ui.action.run","AsyncButton","onClick","app/(app)/templates/page.jsx","24","route:/templates","","","","",""
"component.components-ui.action.run","AsyncButton","onClick","app/(app)/tickets/page.jsx","13","route:/tickets","","","","",""
"component.components-ui.action.run","AsyncButton","onClick","app/(app)/tickets/page.jsx","134","route:/tickets","PUT /api/data/tickets/[id]","update:tickets","","",""
"component.components-ui.action.run","AsyncButton","onClick","app/(app)/vendors/page.jsx","19","route:/vendors","","","","",""
"component.components-ui.action.run","AsyncButton","onClick","components/Activities.jsx","36","component:Activities","POST /api/data/activities","create:activities","","","setTitle"
"component.components-ui.action.run","AsyncButton","onClick","components/Activities.jsx","46","component:Activities","PUT /api/data/activities/[id]","update:activities","","",""
"component.components-ui.action.run","AsyncButton","onClick","components/ceo/CeoFederationPolicy.jsx","69","component:ceo/CeoFederationPolicy","PUT /api/ceo/v1/federation/policy","","","","setError | setPolicy"
"component.components-ui.action.run","AsyncButton","onClick","components/DocEditor.jsx","60","component:DocEditor","","","","","out.dueDate | out.note | out.projectId | out.recGroup | out.recurring"
"component.components-ui.action.run","AsyncButton","onClick","components/DocLinks.jsx","36","component:DocLinks","POST /api/data/doclinks","create:doclinks","","","setTitle | setUrl"
"component.components-ui.action.run","AsyncButton","onClick","components/realm/RealmCreateActionDialog.jsx","49","component:realm/RealmCreateActionDialog","POST /api/realm-demo/actions","","","",""
"component.components-ui.action.run","AsyncButton","onClick","components/realm/RealmCreateActionDialog.jsx","91","component:realm/RealmCreateActionDialog","POST /api/realm-demo/actions","","","",""
"component.components-ui.action.run","AsyncButton","onClick","components/realm/RealmFeedbackOperations.jsx","138","component:realm/RealmFeedbackOperations","GET /api/realm-demo/feedback | PATCH /api/realm-demo/feedback","","","","setDraft | setSelected | setState"
"component.components-ui.action.run","AsyncButton","onClick","components/realm/RealmPilotControl.jsx","74","component:realm/RealmPilotControl","","","","",""
"component.components-ui.action.run","AsyncButton","onClick","components/realm/RealmPilotControl.jsx","75","component:realm/RealmPilotControl","","","","",""
"component.components-ui.action.run","AsyncButton","onClick","components/realm/RealmPilotControl.jsx","542","component:realm/RealmPilotControl","POST /api/realm-demo/launch","","","import:fetchRealmWithTimeout","setDraft | setLaunch | setState"
"component.components-ui.action.run","AsyncButton","onClick","components/realm/RealmPilotControl.jsx","545","component:realm/RealmPilotControl","POST /api/realm-demo/launch/approvals","","","import:fetchRealmWithTimeout","setDraft | setLaunch | setState"
"component.components-ui.action.run","AsyncButton","onClick","components/realm/RealmPilotControl.jsx","552","component:realm/RealmPilotControl","GET /api/realm-demo/readiness | PATCH /api/realm-demo/pilot","","","import:fetchRealmWithTimeout","setDraft | setLaunch | setState"
"component.components-ui.action.run","AsyncButton","onClick","components/realm/RealmPilotOperations.jsx","114","component:realm/RealmPilotOperations","","","","",""
"component.components-ui.action.run","AsyncButton","onClick","components/realm/RealmPilotOperations.jsx","162","component:realm/RealmPilotOperations","","","","",""
"component.components-ui.action.run","AsyncButton","onClick","components/realm/RealmPilotOperations.jsx","175","component:realm/RealmPilotOperations","","","","",""
"component.components-ui.action.run","AsyncButton","onClick","components/realm/RealmPilotOperations.jsx","176","component:realm/RealmPilotOperations","","","","",""
"component.components-ui.action.run","AsyncButton","onClick","components/realm/RealmPilotOperations.jsx","369","component:realm/RealmPilotOperations","","","","import:fetchRealmWithTimeout","setState"
"component.components-ui.action.run","AsyncButton","onClick","components/realm/RealmPilotOperations.jsx","370","component:realm/RealmPilotOperations","","","","import:fetchRealmWithTimeout","setState"
"component.components-ui.action.run","AsyncButton","onClick","components/realm/RealmPilotOperations.jsx","370","component:realm/RealmPilotOperations","","","","import:fetchRealmWithTimeout","setState"
"component.components-ui.action.run","AsyncButton","onClick","components/realm/RealmPilotOperations.jsx","382","component:realm/RealmPilotOperations","","","","import:fetchRealmWithTimeout","setState"
"component.components-ui.action.run","AsyncButton","onClick","components/realm/RealmPilotRehearsal.jsx","159","component:realm/RealmPilotRehearsal","GET /api/realm-demo/pilot/rehearsal | POST /api/realm-demo/pilot/rehearsal","","","","setDecisionNote | setDrafts | setState"
"component.components-ui.action.run","AsyncButton","onClick","components/realm/RealmPilotRehearsal.jsx","170","component:realm/RealmPilotRehearsal","GET /api/realm-demo/pilot/rehearsal | POST /api/realm-demo/pilot/rehearsal","","","","setDecisionNote | setDrafts | setState"
"component.components-ui.action.run","AsyncButton","onClick","components/realm/RealmPilotRehearsal.jsx","173","component:realm/RealmPilotRehearsal","GET /api/realm-demo/pilot/rehearsal | POST /api/realm-demo/pilot/rehearsal","","","","setDecisionNote | setDrafts | setState"
"component.components-ui.action.run","AsyncButton","onClick","components/realm/RealmPilotRehearsal.jsx","174","component:realm/RealmPilotRehearsal","GET /api/realm-demo/pilot/rehearsal | POST /api/realm-demo/pilot/rehearsal","","","","setDecisionNote | setDrafts | setState"
"component.components-ui.action.run","AsyncButton","onClick","components/realm/RealmPilotRehearsal.jsx","189","component:realm/RealmPilotRehearsal","GET /api/realm-demo/pilot/rehearsal | POST /api/realm-demo/pilot/rehearsal","","","","setDecisionNote | setDrafts | setState"
"component.components-ui.action.run","AsyncButton","onClick","components/Shell.jsx","177","component:Shell","POST /api/push/subscribe","","","",""
"component.components-ui.action.run","AsyncButton","onClick","components/Shell.jsx","188","component:Shell","GET /api/notifications | PUT /api/notifications","","","",""
"component.components-ui.action.run","AsyncButton","onClick","components/Shell.jsx","232","component:Shell","DYNAMIC /api/users/2fa","","","","setErr"
"component.components-ui.action.run","AsyncButton","onClick","components/Shell.jsx","233","component:Shell","DYNAMIC /api/users/2fa","","","","setErr"
"component.components-ui.action.title-children","Modal","onClose","app/(app)/attendance/page.jsx","144","route:/attendance","","","","",""
"component.components-ui.action.title-children","Modal","onClose","app/(app)/attendance/page.jsx","168","route:/attendance","","","","",""
"component.components-ui.action.title-children","Modal","onClose","app/(app)/automation/page.jsx","32","route:/automation","","","","",""
"component.components-ui.action.title-children","Modal","onClose","app/(app)/calendar/page.jsx","177","route:/calendar","","","","","setDayModal"
"component.components-ui.action.title-children","Modal","onClose","app/(app)/ceo-registry/page.jsx","425","route:/ceo-registry","","","","","setRotating"
"component.components-ui.action.title-children","Modal","onClose","app/(app)/ceo-registry/page.jsx","447","route:/ceo-registry","","","","","setRecoveryCodes"
"component.components-ui.action.title-children","Modal","onClose","app/(app)/ceo-rollout/page.jsx","190","route:/ceo-rollout","","","","","setEvidenceTarget"
"component.components-ui.action.title-children","Modal","onClose","app/(app)/ceo-rollout/page.jsx","200","route:/ceo-rollout","","","","","setTransitionTarget"
"component.components-ui.action.title-children","Modal","onClose","app/(app)/ceo-security/page.jsx","176","route:/ceo-security","","","","","setRawCredential"
"component.components-ui.action.title-children","Modal","onClose","app/(app)/ceo-security/page.jsx","178","route:/ceo-security","","","","","setSuspendOpen"
"component.components-ui.action.title-children","Modal","onClose","app/(app)/commissions/page.jsx","177","route:/commissions","","","","","setModal"
"component.components-ui.action.title-children","Modal","onClose","app/(app)/freelancers/page.jsx","188","route:/freelancers","","","","",""
"component.components-ui.action.title-children","Modal","onClose","app/(app)/freelancers/page.jsx","227","route:/freelancers","","","","",""
"component.components-ui.action.title-children","Modal","onClose","app/(app)/inventory/page.jsx","149","route:/inventory","","","","",""
"component.components-ui.action.title-children","Modal","onClose","app/(app)/invoices/page.jsx","25","route:/invoices","","","","",""
"component.components-ui.action.title-children","Modal","onClose","app/(app)/invoices/page.jsx","76","route:/invoices","","","","",""
"component.components-ui.action.title-children","Modal","onClose","app/(app)/messages/page.jsx","30","route:/messages","","","","",""
"component.components-ui.action.title-children","Modal","onClose","app/(app)/resources/page.jsx","165","route:/resources","","","","","setAssignTo"
"component.components-ui.action.title-children","Modal","onClose","app/(app)/reviews/page.jsx","37","route:/reviews","","","","",""
"component.components-ui.action.title-children","Modal","onClose","app/(app)/settings/page.jsx","107","route:/settings","","","","","setNewKey"
"component.components-ui.action.title-children","Modal","onClose","app/(app)/staff/page.jsx","20","route:/staff","","","","",""
"component.components-ui.action.title-children","Modal","onClose","app/(app)/tasks/page.jsx","67","route:/tasks","","","","",""
"component.components-ui.action.title-children","Modal","onClose","app/(app)/templates/page.jsx","22","route:/templates","","","","",""
"component.components-ui.action.title-children","Modal","onClose","app/(app)/tickets/page.jsx","11","route:/tickets","","","","",""
"component.components-ui.action.title-children","Modal","onClose","app/(app)/vendors/page.jsx","17","route:/vendors","","","","",""
"component.components-ui.action.title-children","Modal","onClose","components/Activities.jsx","60","component:Activities","","","","",""
"component.components-ui.action.title-children","Modal","onClose","components/DocEditor.jsx","58","component:DocEditor","","","","",""
"component.components-ui.action.title-children","Modal","onClose","components/DocLinks.jsx","46","component:DocLinks","","","","",""
"component.components-ui.action.title-children","Modal","onClose","components/realm/RealmCreateActionDialog.jsx","47","component:realm/RealmCreateActionDialog","","","","",""
"component.components-ui.action.title-children","Modal","onClose","components/realm/RealmCreateActionDialog.jsx","89","component:realm/RealmCreateActionDialog","","","","",""
"component.components-ui.action.title-children","Modal","onClose","components/realm/RealmFeedbackLauncher.jsx","136","component:realm/RealmFeedbackLauncher","","","","","requestKeyRef.current | setError | setForm | setOpen | setSubmitted"
"component.components-ui.action.title-children","Modal","onClose","components/realm/RealmFeedbackOperations.jsx","128","component:realm/RealmFeedbackOperations","","","","","setDraft | setSelected"
"component.components-ui.action.title-children","Modal","onClose","components/realm/RealmPilotOnboarding.jsx","105","component:realm/RealmPilotOnboarding","","","","","setOpen | setStep"
"component.components-ui.action.title-children","Modal","onClose","components/realm/RoyalCommandCenter.jsx","72","component:realm/RoyalCommandCenter","","","","",""
"component.components-ui.action.title-children","Modal","onClose","components/realm/RoyalCommandCenter.jsx","112","component:realm/RoyalCommandCenter","","","","",""
"component.components-ui.action.title-children","Modal","onClose","components/SendEmail.jsx","27","component:SendEmail","","","","",""
"component.components-ui.action.title-children","Modal","onClose","components/Shell.jsx","98","component:Shell","","","","",""
"component.components-ui.action.title-children","Modal","onClose","components/Shell.jsx","173","component:Shell","","","","",""
"component.components-ui.action.title-children","Modal","onClose","components/Shell.jsx","228","component:Shell","","","","",""
"component.components-ui.action.title-children","Modal","onClose","components/ui.jsx","239","component:ui","","","","",""
"component.components-ui.action.title-children","Modal","onClose","components/ui.jsx","285","component:ui","","","","",""
"component.components-ui.action.ong","Modal","onClose","app/(app)/attendance/page.jsx","144","route:/attendance","","","","",""
"component.components-ui.action.ong","Modal","onClose","app/(app)/attendance/page.jsx","168","route:/attendance","","","","",""
"component.components-ui.action.ong","Modal","onClose","app/(app)/automation/page.jsx","32","route:/automation","","","","",""
"component.components-ui.action.ong","Modal","onClose","app/(app)/calendar/page.jsx","177","route:/calendar","","","","","setDayModal"
"component.components-ui.action.ong","Modal","onClose","app/(app)/ceo-registry/page.jsx","425","route:/ceo-registry","","","","","setRotating"
"component.components-ui.action.ong","Modal","onClose","app/(app)/ceo-registry/page.jsx","447","route:/ceo-registry","","","","","setRecoveryCodes"
"component.components-ui.action.ong","Modal","onClose","app/(app)/ceo-rollout/page.jsx","190","route:/ceo-rollout","","","","","setEvidenceTarget"
"component.components-ui.action.ong","Modal","onClose","app/(app)/ceo-rollout/page.jsx","200","route:/ceo-rollout","","","","","setTransitionTarget"
"component.components-ui.action.ong","Modal","onClose","app/(app)/ceo-security/page.jsx","176","route:/ceo-security","","","","","setRawCredential"
"component.components-ui.action.ong","Modal","onClose","app/(app)/ceo-security/page.jsx","178","route:/ceo-security","","","","","setSuspendOpen"
"component.components-ui.action.ong","Modal","onClose","app/(app)/commissions/page.jsx","177","route:/commissions","","","","","setModal"
"component.components-ui.action.ong","Modal","onClose","app/(app)/freelancers/page.jsx","188","route:/freelancers","","","","",""
"component.components-ui.action.ong","Modal","onClose","app/(app)/freelancers/page.jsx","227","route:/freelancers","","","","",""
"component.components-ui.action.ong","Modal","onClose","app/(app)/inventory/page.jsx","149","route:/inventory","","","","",""
"component.components-ui.action.ong","Modal","onClose","app/(app)/invoices/page.jsx","25","route:/invoices","","","","",""
"component.components-ui.action.ong","Modal","onClose","app/(app)/invoices/page.jsx","76","route:/invoices","","","","",""
"component.components-ui.action.ong","Modal","onClose","app/(app)/messages/page.jsx","30","route:/messages","","","","",""
"component.components-ui.action.ong","Modal","onClose","app/(app)/resources/page.jsx","165","route:/resources","","","","","setAssignTo"
"component.components-ui.action.ong","Modal","onClose","app/(app)/reviews/page.jsx","37","route:/reviews","","","","",""
"component.components-ui.action.ong","Modal","onClose","app/(app)/settings/page.jsx","107","route:/settings","","","","","setNewKey"
"component.components-ui.action.ong","Modal","onClose","app/(app)/staff/page.jsx","20","route:/staff","","","","",""
"component.components-ui.action.ong","Modal","onClose","app/(app)/tasks/page.jsx","67","route:/tasks","","","","",""
"component.components-ui.action.ong","Modal","onClose","app/(app)/templates/page.jsx","22","route:/templates","","","","",""
"component.components-ui.action.ong","Modal","onClose","app/(app)/tickets/page.jsx","11","route:/tickets","","","","",""
"component.components-ui.action.ong","Modal","onClose","app/(app)/vendors/page.jsx","17","route:/vendors","","","","",""
"component.components-ui.action.ong","Modal","onClose","components/Activities.jsx","60","component:Activities","","","","",""
"component.components-ui.action.ong","Modal","onClose","components/DocEditor.jsx","58","component:DocEditor","","","","",""
"component.components-ui.action.ong","Modal","onClose","components/DocLinks.jsx","46","component:DocLinks","","","","",""
"component.components-ui.action.ong","Modal","onClose","components/realm/RealmCreateActionDialog.jsx","47","component:realm/RealmCreateActionDialog","","","","",""
"component.components-ui.action.ong","Modal","onClose","components/realm/RealmCreateActionDialog.jsx","89","component:realm/RealmCreateActionDialog","","","","",""
"component.components-ui.action.ong","Modal","onClose","components/realm/RealmFeedbackLauncher.jsx","136","component:realm/RealmFeedbackLauncher","","","","","requestKeyRef.current | setError | setForm | setOpen | setSubmitted"
"component.components-ui.action.ong","Modal","onClose","components/realm/RealmFeedbackOperations.jsx","128","component:realm/RealmFeedbackOperations","","","","","setDraft | setSelected"
"component.components-ui.action.ong","Modal","onClose","components/realm/RealmPilotOnboarding.jsx","105","component:realm/RealmPilotOnboarding","","","","","setOpen | setStep"
"component.components-ui.action.ong","Modal","onClose","components/realm/RoyalCommandCenter.jsx","72","component:realm/RoyalCommandCenter","","","","",""
"component.components-ui.action.ong","Modal","onClose","components/realm/RoyalCommandCenter.jsx","112","component:realm/RoyalCommandCenter","","","","",""
"component.components-ui.action.ong","Modal","onClose","components/SendEmail.jsx","27","component:SendEmail","","","","",""
"component.components-ui.action.ong","Modal","onClose","components/Shell.jsx","98","component:Shell","","","","",""
"component.components-ui.action.ong","Modal","onClose","components/Shell.jsx","173","component:Shell","","","","",""
"component.components-ui.action.ong","Modal","onClose","components/Shell.jsx","228","component:Shell","","","","",""
"component.components-ui.action.ong","Modal","onClose","components/ui.jsx","239","component:ui","","","","",""
"component.components-ui.action.ong","Modal","onClose","components/ui.jsx","285","component:ui","","","","",""
"component.components-ui.action.huy","ConfirmDialog","onClose","app/(app)/analytics/page.jsx","181","route:/analytics","","","","","setModal"
"component.components-ui.action.huy","ConfirmDialog","onClose","app/(app)/assets/page.jsx","80","route:/assets","","","","","setModal"
"component.components-ui.action.huy","ConfirmDialog","onClose","app/(app)/attendance/page.jsx","132","route:/attendance","","","","","setDel"
"component.components-ui.action.huy","ConfirmDialog","onClose","app/(app)/attendance/page.jsx","157","route:/attendance","","","","","setDeleting"
"component.components-ui.action.huy","ConfirmDialog","onClose","app/(app)/automation/page.jsx","133","route:/automation","","","","","setModal"
"component.components-ui.action.huy","ConfirmDialog","onClose","app/(app)/clients/[id]/page.jsx","154","route:/clients/[id]","","","","","setModal"
"component.components-ui.action.huy","ConfirmDialog","onClose","app/(app)/clients/page.jsx","80","route:/clients","","","","","setModal"
"component.components-ui.action.huy","ConfirmDialog","onClose","app/(app)/commissions/page.jsx","223","route:/commissions","","","","","setModal"
"component.components-ui.action.huy","ConfirmDialog","onClose","app/(app)/contracts/page.jsx","118","route:/contracts","","","","","setModal"
"component.components-ui.action.huy","ConfirmDialog","onClose","app/(app)/docs/page.jsx","104","route:/docs","","","","","setToDelete"
"component.components-ui.action.huy","ConfirmDialog","onClose","app/(app)/finance/page.jsx","135","route:/finance","","","","","setModal"
"component.components-ui.action.huy","ConfirmDialog","onClose","app/(app)/finplan/page.jsx","212","route:/finplan","","","","","setModal"
"component.components-ui.action.huy","ConfirmDialog","onClose","app/(app)/finplan/page.jsx","219","route:/finplan","","","","","setModal"
"component.components-ui.action.huy","ConfirmDialog","onClose","app/(app)/freelancers/page.jsx","165","route:/freelancers","","","","","setModal"
"component.components-ui.action.huy","ConfirmDialog","onClose","app/(app)/freelancers/page.jsx","167","route:/freelancers","","","","","setModal"
"component.components-ui.action.huy","ConfirmDialog","onClose","app/(app)/gantt/page.jsx","173","route:/gantt","","","","","setModal"
"component.components-ui.action.huy","ConfirmDialog","onClose","app/(app)/growing/page.jsx","115","route:/growing","","","","","setModal"
"component.components-ui.action.huy","ConfirmDialog","onClose","app/(app)/growing/page.jsx","117","route:/growing","","","","","setModal"
"component.components-ui.action.huy","ConfirmDialog","onClose","app/(app)/inventory/page.jsx","138","route:/inventory","","","","","setModal"
"component.components-ui.action.huy","ConfirmDialog","onClose","app/(app)/invoices/page.jsx","217","route:/invoices","","","","","setModal"
"component.components-ui.action.huy","ConfirmDialog","onClose","app/(app)/leads/page.jsx","261","route:/leads","","","","","setModal"
"component.components-ui.action.huy","ConfirmDialog","onClose","app/(app)/live/page.jsx","177","route:/live","","","","","setModal"
"component.components-ui.action.huy","ConfirmDialog","onClose","app/(app)/live/page.jsx","179","route:/live","","","","","setModal"
"component.components-ui.action.huy","ConfirmDialog","onClose","app/(app)/okr/page.jsx","84","route:/okr","","","","","setModal"
"component.components-ui.action.huy","ConfirmDialog","onClose","app/(app)/payroll/page.jsx","154","route:/payroll","","","","","setConfirm"
"component.components-ui.action.huy","ConfirmDialog","onClose","app/(app)/projects/[id]/page.jsx","262","route:/projects/[id]","","","","","setModal"
"component.components-ui.action.huy","ConfirmDialog","onClose","app/(app)/projects/page.jsx","137","route:/projects","","","","","setModal"
"component.components-ui.action.huy","ConfirmDialog","onClose","app/(app)/quotes/page.jsx","100","route:/quotes","","","","","setModal"
"component.components-ui.action.huy","ConfirmDialog","onClose","app/(app)/quotes/page.jsx","102","route:/quotes","","","","","setModal"
"component.components-ui.action.huy","ConfirmDialog","onClose","app/(app)/quotes/page.jsx","104","route:/quotes","","","","","setModal"
"component.components-ui.action.huy","ConfirmDialog","onClose","app/(app)/recruitment/page.jsx","119","route:/recruitment","","","","","setModal"
"component.components-ui.action.huy","ConfirmDialog","onClose","app/(app)/recruitment/page.jsx","121","route:/recruitment","","","","","setModal"
"component.components-ui.action.huy","ConfirmDialog","onClose","app/(app)/reviews/page.jsx","161","route:/reviews","","","","","setModal"
"component.components-ui.action.huy","ConfirmDialog","onClose","app/(app)/services/page.jsx","100","route:/services","","","","","setModal"
"component.components-ui.action.huy","ConfirmDialog","onClose","app/(app)/settings/page.jsx","113","route:/settings","","","","","setDeleteWebhook"
"component.components-ui.action.huy","ConfirmDialog","onClose","app/(app)/shipments/page.jsx","178","route:/shipments","","","","","setModal"
"component.components-ui.action.huy","ConfirmDialog","onClose","app/(app)/shipments/page.jsx","184","route:/shipments","","","","","setModal"
"component.components-ui.action.huy","ConfirmDialog","onClose","app/(app)/staff/page.jsx","235","route:/staff","","","","","setModal"
"component.components-ui.action.huy","ConfirmDialog","onClose","app/(app)/tasks/page.jsx","181","route:/tasks","","","","","setCommentToDelete"
"component.components-ui.action.huy","ConfirmDialog","onClose","app/(app)/tasks/page.jsx","425","route:/tasks","","","","","setModal"
"component.components-ui.action.huy","ConfirmDialog","onClose","app/(app)/templates/page.jsx","111","route:/templates","","","","","setModal"
"component.components-ui.action.huy","ConfirmDialog","onClose","app/(app)/tickets/page.jsx","154","route:/tickets","","","","","setModal"
"component.components-ui.action.huy","ConfirmDialog","onClose","app/(app)/timesheet/page.jsx","92","route:/timesheet","","","","","setModal"
"component.components-ui.action.huy","ConfirmDialog","onClose","app/(app)/vendors/page.jsx","202","route:/vendors","","","","","setModal"
"component.components-ui.action.huy","ConfirmDialog","onClose","app/(app)/vendors/page.jsx","208","route:/vendors","","","","","setModal"
"component.components-ui.action.huy","ConfirmDialog","onClose","app/(app)/vendors/page.jsx","218","route:/vendors","","","","","setModal"
"component.components-ui.action.huy","ConfirmDialog","onClose","app/(app)/vendors/page.jsx","220","route:/vendors","","","","","setModal"
"component.components-ui.action.huy","ConfirmDialog","onClose","app/(app)/violations/page.jsx","84","route:/violations","","","","","setModal"
"component.components-ui.action.huy","ConfirmDialog","onClose","components/Activities.jsx","52","component:Activities","","","","","setActivityToDelete"
"component.components-ui.action.huy","ConfirmDialog","onClose","components/DocLinks.jsx","38","component:DocLinks","","","","","setLinkToDelete"
"component.components-ui.action.huy","ConfirmDialog","onClose","components/realm/RealmPilotOperations.jsx","419","component:realm/RealmPilotOperations","","","","","setConfirm"
"component.components-ui.action.ang-xu-ly","ConfirmDialog","onClose","app/(app)/analytics/page.jsx","181","route:/analytics","","","","","setModal"
"component.components-ui.action.ang-xu-ly","ConfirmDialog","onYes","app/(app)/analytics/page.jsx","181","route:/analytics","DELETE /api/data/nps/[id]","delete:nps","","",""
"component.components-ui.action.ang-xu-ly","ConfirmDialog","onClose","app/(app)/assets/page.jsx","80","route:/assets","","","","","setModal"
"component.components-ui.action.ang-xu-ly","ConfirmDialog","onYes","app/(app)/assets/page.jsx","80","route:/assets","DELETE /api/data/assets/[id]","delete:assets","","",""
"component.components-ui.action.ang-xu-ly","ConfirmDialog","onClose","app/(app)/attendance/page.jsx","132","route:/attendance","","","","","setDel"
"component.components-ui.action.ang-xu-ly","ConfirmDialog","onYes","app/(app)/attendance/page.jsx","132","route:/attendance","DELETE /api/data/attendance/[id]","delete:attendance","","",""
"component.components-ui.action.ang-xu-ly","ConfirmDialog","onClose","app/(app)/attendance/page.jsx","157","route:/attendance","","","","","setDeleting"
"component.components-ui.action.ang-xu-ly","ConfirmDialog","onYes","app/(app)/attendance/page.jsx","157","route:/attendance","DELETE /api/data/holidays/[id]","delete:holidays","","",""
"component.components-ui.action.ang-xu-ly","ConfirmDialog","onClose","app/(app)/automation/page.jsx","133","route:/automation","","","","","setModal"
"component.components-ui.action.ang-xu-ly","ConfirmDialog","onYes","app/(app)/automation/page.jsx","133","route:/automation","DELETE /api/data/rules/[id]","delete:rules","","",""
"component.components-ui.action.ang-xu-ly","ConfirmDialog","onClose","app/(app)/clients/[id]/page.jsx","154","route:/clients/[id]","","","","","setModal"
"component.components-ui.action.ang-xu-ly","ConfirmDialog","onYes","app/(app)/clients/[id]/page.jsx","154","route:/clients/[id]","DELETE /api/data/contacts/[id]","delete:contacts","","",""
"component.components-ui.action.ang-xu-ly","ConfirmDialog","onClose","app/(app)/clients/page.jsx","80","route:/clients","","","","","setModal"
"component.components-ui.action.ang-xu-ly","ConfirmDialog","onYes","app/(app)/clients/page.jsx","80","route:/clients","DELETE /api/data/clients/[id]","delete:clients","","",""
"component.components-ui.action.ang-xu-ly","ConfirmDialog","onClose","app/(app)/commissions/page.jsx","223","route:/commissions","","","","","setModal"
"component.components-ui.action.ang-xu-ly","ConfirmDialog","onYes","app/(app)/commissions/page.jsx","223","route:/commissions","DELETE /api/data/commissions/[id]","delete:commissions","","",""
"component.components-ui.action.ang-xu-ly","ConfirmDialog","onClose","app/(app)/contracts/page.jsx","118","route:/contracts","","","","","setModal"
"component.components-ui.action.ang-xu-ly","ConfirmDialog","onYes","app/(app)/contracts/page.jsx","118","route:/contracts","DELETE /api/data/contracts/[id]","delete:contracts","","",""
"component.components-ui.action.ang-xu-ly","ConfirmDialog","onClose","app/(app)/docs/page.jsx","104","route:/docs","","","","","setToDelete"
"component.components-ui.action.ang-xu-ly","ConfirmDialog","onYes","app/(app)/docs/page.jsx","104","route:/docs","DELETE /api/docs/* | GET /api/docs","","","","setDocs"
"component.components-ui.action.ang-xu-ly","ConfirmDialog","onClose","app/(app)/finance/page.jsx","135","route:/finance","","","","","setModal"
"component.components-ui.action.ang-xu-ly","ConfirmDialog","onYes","app/(app)/finance/page.jsx","135","route:/finance","DELETE /api/data/transactions/[id]","delete:transactions","","",""
"component.components-ui.action.ang-xu-ly","ConfirmDialog","onClose","app/(app)/finplan/page.jsx","212","route:/finplan","","","","","setModal"
"component.components-ui.action.ang-xu-ly","ConfirmDialog","onYes","app/(app)/finplan/page.jsx","212","route:/finplan","DELETE /api/data/budgets/[id]","delete:budgets","","",""
"component.components-ui.action.ang-xu-ly","ConfirmDialog","onClose","app/(app)/finplan/page.jsx","219","route:/finplan","","","","","setModal"
"component.components-ui.action.ang-xu-ly","ConfirmDialog","onYes","app/(app)/finplan/page.jsx","219","route:/finplan","DELETE /api/data/recurringexpenses/[id]","delete:recurringexpenses","","",""
"component.components-ui.action.ang-xu-ly","ConfirmDialog","onClose","app/(app)/freelancers/page.jsx","165","route:/freelancers","","","","","setModal"
"component.components-ui.action.ang-xu-ly","ConfirmDialog","onYes","app/(app)/freelancers/page.jsx","165","route:/freelancers","DYNAMIC /api/users | GET /api/data/users","read:users","","",""
"component.components-ui.action.ang-xu-ly","ConfirmDialog","onClose","app/(app)/freelancers/page.jsx","167","route:/freelancers","","","","","setModal"
"component.components-ui.action.ang-xu-ly","ConfirmDialog","onYes","app/(app)/freelancers/page.jsx","167","route:/freelancers","DELETE /api/data/projectmembers/[id] | DYNAMIC /api/users | GET /api/data/projectmembers | GET /api/data/users","delete:projectmembers | read:projectmembers | read:users","","",""
"component.components-ui.action.ang-xu-ly","ConfirmDialog","onClose","app/(app)/gantt/page.jsx","173","route:/gantt","","","","","setModal"
"component.components-ui.action.ang-xu-ly","ConfirmDialog","onYes","app/(app)/gantt/page.jsx","173","route:/gantt","DELETE /api/data/milestones/[id]","delete:milestones","","",""
"component.components-ui.action.ang-xu-ly","ConfirmDialog","onClose","app/(app)/growing/page.jsx","115","route:/growing","","","","","setModal"
"component.components-ui.action.ang-xu-ly","ConfirmDialog","onYes","app/(app)/growing/page.jsx","115","route:/growing","DELETE /api/data/growingareas/[id]","delete:growingareas","","",""
"component.components-ui.action.ang-xu-ly","ConfirmDialog","onClose","app/(app)/growing/page.jsx","117","route:/growing","","","","","setModal"
"component.components-ui.action.ang-xu-ly","ConfirmDialog","onYes","app/(app)/growing/page.jsx","117","route:/growing","DELETE /api/data/areacodes/[id]","delete:areacodes","","",""
"component.components-ui.action.ang-xu-ly","ConfirmDialog","onClose","app/(app)/inventory/page.jsx","138","route:/inventory","","","","","setModal"
"component.components-ui.action.ang-xu-ly","ConfirmDialog","onYes","app/(app)/inventory/page.jsx","138","route:/inventory","DELETE /api/data/stocklots/[id]","delete:stocklots","","",""
"component.components-ui.action.ang-xu-ly","ConfirmDialog","onClose","app/(app)/invoices/page.jsx","217","route:/invoices","","","","","setModal"
"component.components-ui.action.ang-xu-ly","ConfirmDialog","onYes","app/(app)/invoices/page.jsx","217","route:/invoices","DELETE /api/data/invoices/[id]","delete:invoices","","",""
"component.components-ui.action.ang-xu-ly","ConfirmDialog","onClose","app/(app)/leads/page.jsx","261","route:/leads","","","","","setModal"
"component.components-ui.action.ang-xu-ly","ConfirmDialog","onYes","app/(app)/leads/page.jsx","261","route:/leads","DELETE /api/data/leads/[id] | GET /api/leads/workload","delete:leads","","","setWorkloadError | setWorkloadLoading | setWorkloadPayload"
"component.components-ui.action.ang-xu-ly","ConfirmDialog","onClose","app/(app)/live/page.jsx","177","route:/live","","","","","setModal"
"component.components-ui.action.ang-xu-ly","ConfirmDialog","onYes","app/(app)/live/page.jsx","177","route:/live","DELETE /api/data/livesessions/[id]","delete:livesessions","","",""
"component.components-ui.action.ang-xu-ly","ConfirmDialog","onClose","app/(app)/live/page.jsx","179","route:/live","","","","","setModal"
"component.components-ui.action.ang-xu-ly","ConfirmDialog","onYes","app/(app)/live/page.jsx","179","route:/live","GET /api/data/livesessions | POST /api/livesessions/*/settle","read:livesessions","","","setModal"
"component.components-ui.action.ang-xu-ly","ConfirmDialog","onClose","app/(app)/okr/page.jsx","84","route:/okr","","","","","setModal"
"component.components-ui.action.ang-xu-ly","ConfirmDialog","onYes","app/(app)/okr/page.jsx","84","route:/okr","DELETE /api/data/okrs/[id]","delete:okrs","","",""
"component.components-ui.action.ang-xu-ly","ConfirmDialog","onClose","app/(app)/payroll/page.jsx","154","route:/payroll","","","","","setConfirm"
"component.components-ui.action.ang-xu-ly","ConfirmDialog","onYes","app/(app)/payroll/page.jsx","154","route:/payroll","GET /api/payroll | POST /api/payroll/*/finalize","","","","setData | setSel"
"component.components-ui.action.ang-xu-ly","ConfirmDialog","onClose","app/(app)/projects/[id]/page.jsx","262","route:/projects/[id]","","","","","setModal"
"component.components-ui.action.ang-xu-ly","ConfirmDialog","onYes","app/(app)/projects/[id]/page.jsx","262","route:/projects/[id]","DELETE /api/data/phases/[id] | GET /api/projects/*/execution-health | PUT /api/data/tasks/[id]","delete:phases | update:tasks","","","setData | setHealthError | setLoadingHealth"
"component.components-ui.action.ang-xu-ly","ConfirmDialog","onClose","app/(app)/projects/page.jsx","137","route:/projects","","","","","setModal"
"component.components-ui.action.ang-xu-ly","ConfirmDialog","onYes","app/(app)/projects/page.jsx","137","route:/projects","DELETE /api/data/projects/[id]","delete:projects","","",""
"component.components-ui.action.ang-xu-ly","ConfirmDialog","onClose","app/(app)/quotes/page.jsx","100","route:/quotes","","","","","setModal"
"component.components-ui.action.ang-xu-ly","ConfirmDialog","onYes","app/(app)/quotes/page.jsx","100","route:/quotes","GET /api/data/invoices | GET /api/data/projects | GET /api/data/quotes | POST /api/quotes/*/convert","read:invoices | read:projects | read:quotes","","","setModal"
"component.components-ui.action.ang-xu-ly","ConfirmDialog","onClose","app/(app)/quotes/page.jsx","102","route:/quotes","","","","","setModal"
"component.components-ui.action.ang-xu-ly","ConfirmDialog","onYes","app/(app)/quotes/page.jsx","102","route:/quotes","GET /api/data/invoices | GET /api/data/projects | GET /api/data/quotes | POST /api/quotes/*/convert","read:invoices | read:projects | read:quotes","","","setModal"
"component.components-ui.action.ang-xu-ly","ConfirmDialog","onClose","app/(app)/quotes/page.jsx","104","route:/quotes","","","","","setModal"
"component.components-ui.action.ang-xu-ly","ConfirmDialog","onYes","app/(app)/quotes/page.jsx","104","route:/quotes","DELETE /api/data/quotes/[id]","delete:quotes","","",""
"component.components-ui.action.ang-xu-ly","ConfirmDialog","onClose","app/(app)/recruitment/page.jsx","119","route:/recruitment","","","","","setModal"
"component.components-ui.action.ang-xu-ly","ConfirmDialog","onYes","app/(app)/recruitment/page.jsx","119","route:/recruitment","DELETE /api/data/candidates/[id]","delete:candidates","","",""
"component.components-ui.action.ang-xu-ly","ConfirmDialog","onClose","app/(app)/recruitment/page.jsx","121","route:/recruitment","","","","","setModal"
"component.components-ui.action.ang-xu-ly","ConfirmDialog","onYes","app/(app)/recruitment/page.jsx","121","route:/recruitment","DELETE /api/data/onboardings/[id]","delete:onboardings","","",""
"component.components-ui.action.ang-xu-ly","ConfirmDialog","onClose","app/(app)/reviews/page.jsx","161","route:/reviews","","","","","setModal"
"component.components-ui.action.ang-xu-ly","ConfirmDialog","onYes","app/(app)/reviews/page.jsx","161","route:/reviews","DELETE /api/data/reviews/[id]","delete:reviews","","",""
"component.components-ui.action.ang-xu-ly","ConfirmDialog","onClose","app/(app)/services/page.jsx","100","route:/services","","","","","setModal"
"component.components-ui.action.ang-xu-ly","ConfirmDialog","onYes","app/(app)/services/page.jsx","100","route:/services","DELETE /api/data/services/[id]","delete:services","","",""
"component.components-ui.action.ang-xu-ly","ConfirmDialog","onClose","app/(app)/settings/page.jsx","113","route:/settings","","","","","setDeleteWebhook"
"component.components-ui.action.ang-xu-ly","ConfirmDialog","onYes","app/(app)/settings/page.jsx","113","route:/settings","DELETE /api/data/webhooks/[id]","delete:webhooks","","",""
"component.components-ui.action.ang-xu-ly","ConfirmDialog","onClose","app/(app)/shipments/page.jsx","178","route:/shipments","","","","","setModal"
"component.components-ui.action.ang-xu-ly","ConfirmDialog","onYes","app/(app)/shipments/page.jsx","178","route:/shipments","DELETE /api/data/shipmentdocs/[id] | DELETE /api/data/shipments/[id]","delete:shipmentdocs | delete:shipments","","",""
"component.components-ui.action.ang-xu-ly","ConfirmDialog","onClose","app/(app)/shipments/page.jsx","184","route:/shipments","","","","","setModal"
"component.components-ui.action.ang-xu-ly","ConfirmDialog","onYes","app/(app)/shipments/page.jsx","184","route:/shipments","GET /api/data/shipments | POST /api/shipments/*/pay","read:shipments","","",""
"component.components-ui.action.ang-xu-ly","ConfirmDialog","onClose","app/(app)/staff/page.jsx","235","route:/staff","","","","","setModal"
"component.components-ui.action.ang-xu-ly","ConfirmDialog","onYes","app/(app)/staff/page.jsx","235","route:/staff","DELETE /api/data/leaves/[id]","delete:leaves","","",""
"component.components-ui.action.ang-xu-ly","ConfirmDialog","onClose","app/(app)/tasks/page.jsx","181","route:/tasks","","","","","setCommentToDelete"
"component.components-ui.action.ang-xu-ly","ConfirmDialog","onYes","app/(app)/tasks/page.jsx","181","route:/tasks","DELETE /api/data/taskcomments/[id]","delete:taskcomments","","",""
"component.components-ui.action.ang-xu-ly","ConfirmDialog","onClose","app/(app)/tasks/page.jsx","425","route:/tasks","","","","","setModal"
"component.components-ui.action.ang-xu-ly","ConfirmDialog","onYes","app/(app)/tasks/page.jsx","425","route:/tasks","DELETE /api/data/tasks/[id]","delete:tasks","","",""
"component.components-ui.action.ang-xu-ly","ConfirmDialog","onClose","app/(app)/templates/page.jsx","111","route:/templates","","","","","setModal"
"component.components-ui.action.ang-xu-ly","ConfirmDialog","onYes","app/(app)/templates/page.jsx","111","route:/templates","DELETE /api/data/projecttemplates/[id]","delete:projecttemplates","","",""
"component.components-ui.action.ang-xu-ly","ConfirmDialog","onClose","app/(app)/tickets/page.jsx","154","route:/tickets","","","","","setModal"
"component.components-ui.action.ang-xu-ly","ConfirmDialog","onYes","app/(app)/tickets/page.jsx","154","route:/tickets","DELETE /api/data/tickets/[id]","delete:tickets","","",""
"component.components-ui.action.ang-xu-ly","ConfirmDialog","onClose","app/(app)/timesheet/page.jsx","92","route:/timesheet","","","","","setModal"
"component.components-ui.action.ang-xu-ly","ConfirmDialog","onYes","app/(app)/timesheet/page.jsx","92","route:/timesheet","DELETE /api/data/timelogs/[id]","delete:timelogs","","",""
"component.components-ui.action.ang-xu-ly","ConfirmDialog","onClose","app/(app)/vendors/page.jsx","202","route:/vendors","","","","","setModal"
"component.components-ui.action.ang-xu-ly","ConfirmDialog","onYes","app/(app)/vendors/page.jsx","202","route:/vendors","DELETE /api/data/vendors/[id]","delete:vendors","","",""
"component.components-ui.action.ang-xu-ly","ConfirmDialog","onClose","app/(app)/vendors/page.jsx","208","route:/vendors","","","","","setModal"
"component.components-ui.action.ang-xu-ly","ConfirmDialog","onYes","app/(app)/vendors/page.jsx","208","route:/vendors","GET /api/data/vendorbills | POST /api/vendorbills/*/pay","read:vendorbills","","import:money | import:todayISO",""
"component.components-ui.action.ang-xu-ly","ConfirmDialog","onClose","app/(app)/vendors/page.jsx","218","route:/vendors","","","","","setModal"
"component.components-ui.action.ang-xu-ly","ConfirmDialog","onYes","app/(app)/vendors/page.jsx","218","route:/vendors","DELETE /api/data/rfqs/[id]","delete:rfqs","","",""
"component.components-ui.action.ang-xu-ly","ConfirmDialog","onClose","app/(app)/vendors/page.jsx","220","route:/vendors","","","","","setModal"
"component.components-ui.action.ang-xu-ly","ConfirmDialog","onYes","app/(app)/vendors/page.jsx","220","route:/vendors","DELETE /api/data/vendorbills/[id]","delete:vendorbills","","",""
"component.components-ui.action.ang-xu-ly","ConfirmDialog","onClose","app/(app)/violations/page.jsx","84","route:/violations","","","","","setModal"
"component.components-ui.action.ang-xu-ly","ConfirmDialog","onYes","app/(app)/violations/page.jsx","84","route:/violations","DELETE /api/data/violations/[id]","delete:violations","","",""
"component.components-ui.action.ang-xu-ly","ConfirmDialog","onClose","components/Activities.jsx","52","component:Activities","","","","","setActivityToDelete"
"component.components-ui.action.ang-xu-ly","ConfirmDialog","onYes","components/Activities.jsx","52","component:Activities","DELETE /api/data/activities/[id]","delete:activities","","",""
"component.components-ui.action.ang-xu-ly","ConfirmDialog","onClose","components/DocLinks.jsx","38","component:DocLinks","","","","","setLinkToDelete"
"component.components-ui.action.ang-xu-ly","ConfirmDialog","onYes","components/DocLinks.jsx","38","component:DocLinks","DELETE /api/data/doclinks/[id]","delete:doclinks","","",""
"component.components-ui.action.ang-xu-ly","ConfirmDialog","onClose","components/realm/RealmPilotOperations.jsx","419","component:realm/RealmPilotOperations","","","","","setConfirm"
"component.components-ui.action.ang-xu-ly","ConfirmDialog","onYes","components/realm/RealmPilotOperations.jsx","419","component:realm/RealmPilotOperations","","","","import:fetchRealmWithTimeout","setState"
"component.components-ui.action.huy.2","FormModal","onClose","app/(app)/analytics/page.jsx","176","route:/analytics","","","","","setModal"
"component.components-ui.action.huy.2","FormModal","onClose","app/(app)/assets/page.jsx","76","route:/assets","","","","","setModal"
"component.components-ui.action.huy.2","FormModal","onClose","app/(app)/assets/page.jsx","78","route:/assets","","","","","setModal"
"component.components-ui.action.huy.2","FormModal","onClose","app/(app)/clients/[id]/page.jsx","151","route:/clients/[id]","","","","","setModal"
"component.components-ui.action.huy.2","FormModal","onClose","app/(app)/clients/page.jsx","76","route:/clients","","","","","setModal"
"component.components-ui.action.huy.2","FormModal","onClose","app/(app)/clients/page.jsx","78","route:/clients","","","","","setModal"
"component.components-ui.action.huy.2","FormModal","onClose","app/(app)/contracts/page.jsx","113","route:/contracts","","","","","setModal"
"component.components-ui.action.huy.2","FormModal","onClose","app/(app)/contracts/page.jsx","115","route:/contracts","","","","","setModal"
"component.components-ui.action.huy.2","FormModal","onClose","app/(app)/finance/page.jsx","128","route:/finance","","","","","setModal"
"component.components-ui.action.huy.2","FormModal","onClose","app/(app)/finance/page.jsx","133","route:/finance","","","","","setModal"
"component.components-ui.action.huy.2","FormModal","onClose","app/(app)/finplan/page.jsx","207","route:/finplan","","","","","setModal"
"component.components-ui.action.huy.2","FormModal","onClose","app/(app)/finplan/page.jsx","214","route:/finplan","","","","","setModal"
"component.components-ui.action.huy.2","FormModal","onClose","app/(app)/gantt/page.jsx","169","route:/gantt","","","","","setModal"
"component.components-ui.action.huy.2","FormModal","onClose","app/(app)/growing/page.jsx","91","route:/growing","","","","","setModal"
"component.components-ui.action.huy.2","FormModal","onClose","app/(app)/growing/page.jsx","103","route:/growing","","","","","setModal"
"component.components-ui.action.huy.2","FormModal","onClose","app/(app)/inventory/page.jsx","126","route:/inventory","","","","","setModal"
"component.components-ui.action.huy.2","FormModal","onClose","app/(app)/inventory/page.jsx","129","route:/inventory","","","","","setModal"
"component.components-ui.action.huy.2","FormModal","onClose","app/(app)/leads/page.jsx","250","route:/leads","","","","","setModal"
"component.components-ui.action.huy.2","FormModal","onClose","app/(app)/leads/page.jsx","252","route:/leads","","","","","setModal"
"component.components-ui.action.huy.2","FormModal","onClose","app/(app)/live/page.jsx","175","route:/live","","","","","setModal"
"component.components-ui.action.huy.2","FormModal","onClose","app/(app)/live/page.jsx","183","route:/live","","","","","setRecon"
"component.components-ui.action.huy.2","FormModal","onClose","app/(app)/okr/page.jsx","80","route:/okr","","","","","setModal"
"component.components-ui.action.huy.2","FormModal","onClose","app/(app)/okr/page.jsx","82","route:/okr","","","","","setModal"
"component.components-ui.action.huy.2","FormModal","onClose","app/(app)/projects/[id]/page.jsx","260","route:/projects/[id]","","","","","setModal"
"component.components-ui.action.huy.2","FormModal","onClose","app/(app)/projects/page.jsx","123","route:/projects","","","","","setModal"
"component.components-ui.action.huy.2","FormModal","onClose","app/(app)/projects/page.jsx","134","route:/projects","","","","","setModal"
"component.components-ui.action.huy.2","FormModal","onClose","app/(app)/recruitment/page.jsx","113","route:/recruitment","","","","","setModal"
"component.components-ui.action.huy.2","FormModal","onClose","app/(app)/recruitment/page.jsx","115","route:/recruitment","","","","","setModal"
"component.components-ui.action.huy.2","FormModal","onClose","app/(app)/services/page.jsx","96","route:/services","","","","","setModal"
"component.components-ui.action.huy.2","FormModal","onClose","app/(app)/services/page.jsx","98","route:/services","","","","","setModal"
"component.components-ui.action.huy.2","FormModal","onClose","app/(app)/shipments/page.jsx","176","route:/shipments","","","","","setModal"
"component.components-ui.action.huy.2","FormModal","onClose","app/(app)/shipments/page.jsx","187","route:/shipments","","","","","setModal"
"component.components-ui.action.huy.2","FormModal","onClose","app/(app)/staff/page.jsx","220","route:/staff","","","","","setModal"
"component.components-ui.action.huy.2","FormModal","onClose","app/(app)/staff/page.jsx","229","route:/staff","","","","","setModal"
"component.components-ui.action.huy.2","FormModal","onClose","app/(app)/tasks/page.jsx","399","route:/tasks","","","","","setModal"
"component.components-ui.action.huy.2","FormModal","onClose","app/(app)/tasks/page.jsx","403","route:/tasks","","","","","setModal"
"component.components-ui.action.huy.2","FormModal","onClose","app/(app)/tickets/page.jsx","150","route:/tickets","","","","","setModal"
"component.components-ui.action.huy.2","FormModal","onClose","app/(app)/tickets/page.jsx","152","route:/tickets","","","","","setModal"
"component.components-ui.action.huy.2","FormModal","onClose","app/(app)/timesheet/page.jsx","88","route:/timesheet","","","","","setModal"
"component.components-ui.action.huy.2","FormModal","onClose","app/(app)/timesheet/page.jsx","90","route:/timesheet","","","","","setModal"
"component.components-ui.action.huy.2","FormModal","onClose","app/(app)/vendors/page.jsx","198","route:/vendors","","","","","setModal"
"component.components-ui.action.huy.2","FormModal","onClose","app/(app)/vendors/page.jsx","200","route:/vendors","","","","","setModal"
"component.components-ui.action.huy.2","FormModal","onClose","app/(app)/vendors/page.jsx","204","route:/vendors","","","","","setModal"
"component.components-ui.action.huy.2","FormModal","onClose","app/(app)/vendors/page.jsx","206","route:/vendors","","","","","setModal"
"component.components-ui.action.huy.2","FormModal","onClose","app/(app)/violations/page.jsx","71","route:/violations","","","","","setModal"
"component.components-ui.action.ang-luu-luu","FormModal","onClose","app/(app)/analytics/page.jsx","176","route:/analytics","","","","","setModal"
"component.components-ui.action.ang-luu-luu","FormModal","onSave","app/(app)/analytics/page.jsx","176","route:/analytics","POST /api/data/nps","create:nps","","",""
"component.components-ui.action.ang-luu-luu","FormModal","onClose","app/(app)/assets/page.jsx","76","route:/assets","","","","","setModal"
"component.components-ui.action.ang-luu-luu","FormModal","onSave","app/(app)/assets/page.jsx","76","route:/assets","POST /api/data/assets","create:assets","","",""
"component.components-ui.action.ang-luu-luu","FormModal","onClose","app/(app)/assets/page.jsx","78","route:/assets","","","","","setModal"
"component.components-ui.action.ang-luu-luu","FormModal","onSave","app/(app)/assets/page.jsx","78","route:/assets","PUT /api/data/assets/[id]","update:assets","","",""
"component.components-ui.action.ang-luu-luu","FormModal","onClose","app/(app)/clients/[id]/page.jsx","151","route:/clients/[id]","","","","","setModal"
"component.components-ui.action.ang-luu-luu","FormModal","onSave","app/(app)/clients/[id]/page.jsx","151","route:/clients/[id]","POST /api/data/contacts | PUT /api/data/contacts/[id]","create:contacts | update:contacts","","",""
"component.components-ui.action.ang-luu-luu","FormModal","onClose","app/(app)/clients/page.jsx","76","route:/clients","","","","","setModal"
"component.components-ui.action.ang-luu-luu","FormModal","onSave","app/(app)/clients/page.jsx","76","route:/clients","POST /api/data/clients","create:clients","","",""
"component.components-ui.action.ang-luu-luu","FormModal","onClose","app/(app)/clients/page.jsx","78","route:/clients","","","","","setModal"
"component.components-ui.action.ang-luu-luu","FormModal","onSave","app/(app)/clients/page.jsx","78","route:/clients","PUT /api/data/clients/[id]","update:clients","","",""
"component.components-ui.action.ang-luu-luu","FormModal","onClose","app/(app)/contracts/page.jsx","113","route:/contracts","","","","","setModal"
"component.components-ui.action.ang-luu-luu","FormModal","onSave","app/(app)/contracts/page.jsx","113","route:/contracts","POST /api/data/contracts","create:contracts","","",""
"component.components-ui.action.ang-luu-luu","FormModal","onClose","app/(app)/contracts/page.jsx","115","route:/contracts","","","","","setModal"
"component.components-ui.action.ang-luu-luu","FormModal","onSave","app/(app)/contracts/page.jsx","115","route:/contracts","PUT /api/data/contracts/[id]","update:contracts","","",""
"component.components-ui.action.ang-luu-luu","FormModal","onClose","app/(app)/finance/page.jsx","128","route:/finance","","","","","setModal"
"component.components-ui.action.ang-luu-luu","FormModal","onSave","app/(app)/finance/page.jsx","128","route:/finance","POST /api/data/transactions","create:transactions","","",""
"component.components-ui.action.ang-luu-luu","FormModal","onClose","app/(app)/finance/page.jsx","133","route:/finance","","","","","setModal"
"component.components-ui.action.ang-luu-luu","FormModal","onSave","app/(app)/finance/page.jsx","133","route:/finance","PUT /api/data/transactions/[id]","update:transactions","","",""
"component.components-ui.action.ang-luu-luu","FormModal","onClose","app/(app)/finplan/page.jsx","207","route:/finplan","","","","","setModal"
"component.components-ui.action.ang-luu-luu","FormModal","onSave","app/(app)/finplan/page.jsx","207","route:/finplan","POST /api/data/budgets","create:budgets","","",""
"component.components-ui.action.ang-luu-luu","FormModal","onClose","app/(app)/finplan/page.jsx","214","route:/finplan","","","","","setModal"
"component.components-ui.action.ang-luu-luu","FormModal","onSave","app/(app)/finplan/page.jsx","214","route:/finplan","POST /api/data/recurringexpenses","create:recurringexpenses","","",""
"component.components-ui.action.ang-luu-luu","FormModal","onClose","app/(app)/gantt/page.jsx","169","route:/gantt","","","","","setModal"
"component.components-ui.action.ang-luu-luu","FormModal","onSave","app/(app)/gantt/page.jsx","169","route:/gantt","POST /api/data/milestones | PUT /api/data/milestones/[id]","create:milestones | update:milestones","","",""
"component.components-ui.action.ang-luu-luu","FormModal","onClose","app/(app)/growing/page.jsx","91","route:/growing","","","","","setModal"
"component.components-ui.action.ang-luu-luu","FormModal","onSave","app/(app)/growing/page.jsx","91","route:/growing","POST /api/data/growingareas | PUT /api/data/growingareas/[id]","create:growingareas | update:growingareas","","","setModal"
"component.components-ui.action.ang-luu-luu","FormModal","onClose","app/(app)/growing/page.jsx","103","route:/growing","","","","","setModal"
"component.components-ui.action.ang-luu-luu","FormModal","onSave","app/(app)/growing/page.jsx","103","route:/growing","POST /api/data/areacodes","create:areacodes","","","setModal"
"component.components-ui.action.ang-luu-luu","FormModal","onClose","app/(app)/inventory/page.jsx","126","route:/inventory","","","","","setModal"
"component.components-ui.action.ang-luu-luu","FormModal","onSave","app/(app)/inventory/page.jsx","126","route:/inventory","POST /api/data/stocklots | PUT /api/data/stocklots/[id]","create:stocklots | update:stocklots","","",""
"component.components-ui.action.ang-luu-luu","FormModal","onClose","app/(app)/inventory/page.jsx","129","route:/inventory","","","","","setModal"
"component.components-ui.action.ang-luu-luu","FormModal","onSave","app/(app)/inventory/page.jsx","129","route:/inventory","GET /api/data/stocklots | GET /api/data/stockmoves | POST /api/stocklots/*/issue","read:stocklots | read:stockmoves","","",""
"component.components-ui.action.ang-luu-luu","FormModal","onClose","app/(app)/leads/page.jsx","250","route:/leads","","","","","setModal"
"component.components-ui.action.ang-luu-luu","FormModal","onSave","app/(app)/leads/page.jsx","250","route:/leads","GET /api/leads/workload | POST /api/data/leads","create:leads","","import:todayISO","setWorkloadError | setWorkloadLoading | setWorkloadPayload"
"component.components-ui.action.ang-luu-luu","FormModal","onClose","app/(app)/leads/page.jsx","252","route:/leads","","","","","setModal"
"component.components-ui.action.ang-luu-luu","FormModal","onSave","app/(app)/leads/page.jsx","252","route:/leads","GET /api/leads/workload | PUT /api/data/leads/[id]","update:leads","","","setWorkloadError | setWorkloadLoading | setWorkloadPayload"
"component.components-ui.action.ang-luu-luu","FormModal","onClose","app/(app)/live/page.jsx","175","route:/live","","","","","setModal"
"component.components-ui.action.ang-luu-luu","FormModal","onSave","app/(app)/live/page.jsx","175","route:/live","POST /api/data/livesessions | PUT /api/data/livesessions/[id]","create:livesessions | update:livesessions","","","setModal"
"component.components-ui.action.ang-luu-luu","FormModal","onClose","app/(app)/live/page.jsx","183","route:/live","","","","","setRecon"
"component.components-ui.action.ang-luu-luu","FormModal","onSave","app/(app)/live/page.jsx","183","route:/live","GET /api/data/livesessions | POST /api/livesessions/*/reconcile","read:livesessions","","","setRecon"
"component.components-ui.action.ang-luu-luu","FormModal","onClose","app/(app)/okr/page.jsx","80","route:/okr","","","","","setModal"
"component.components-ui.action.ang-luu-luu","FormModal","onSave","app/(app)/okr/page.jsx","80","route:/okr","POST /api/data/okrs","create:okrs","","",""
"component.components-ui.action.ang-luu-luu","FormModal","onClose","app/(app)/okr/page.jsx","82","route:/okr","","","","","setModal"
"component.components-ui.action.ang-luu-luu","FormModal","onSave","app/(app)/okr/page.jsx","82","route:/okr","PUT /api/data/okrs/[id]","update:okrs","","",""
"component.components-ui.action.ang-luu-luu","FormModal","onClose","app/(app)/projects/[id]/page.jsx","260","route:/projects/[id]","","","","","setModal"
"component.components-ui.action.ang-luu-luu","FormModal","onSave","app/(app)/projects/[id]/page.jsx","260","route:/projects/[id]","GET /api/projects/*/execution-health | POST /api/data/phases","create:phases","","","setData | setHealthError | setLoadingHealth"
"component.components-ui.action.ang-luu-luu","FormModal","onClose","app/(app)/projects/page.jsx","123","route:/projects","","","","","setModal"
"component.components-ui.action.ang-luu-luu","FormModal","onSave","app/(app)/projects/page.jsx","123","route:/projects","GET /api/projects/stats | POST /api/data/milestones | POST /api/data/phases | POST /api/data/projects | POST /api/data/tasks","create:milestones | create:phases | create:projects | create:tasks","","import:todayISO","ms | order | phases | setCanMoney | setStats"
"component.components-ui.action.ang-luu-luu","FormModal","onClose","app/(app)/projects/page.jsx","134","route:/projects","","","","","setModal"
"component.components-ui.action.ang-luu-luu","FormModal","onSave","app/(app)/projects/page.jsx","134","route:/projects","GET /api/projects/stats | PUT /api/data/projects/[id]","update:projects","","","setCanMoney | setStats"
"component.components-ui.action.ang-luu-luu","FormModal","onClose","app/(app)/recruitment/page.jsx","113","route:/recruitment","","","","","setModal"
"component.components-ui.action.ang-luu-luu","FormModal","onSave","app/(app)/recruitment/page.jsx","113","route:/recruitment","POST /api/data/candidates","create:candidates","","import:todayISO",""
"component.components-ui.action.ang-luu-luu","FormModal","onClose","app/(app)/recruitment/page.jsx","115","route:/recruitment","","","","","setModal"
"component.components-ui.action.ang-luu-luu","FormModal","onSave","app/(app)/recruitment/page.jsx","115","route:/recruitment","PUT /api/data/candidates/[id]","update:candidates","","",""
"component.components-ui.action.ang-luu-luu","FormModal","onClose","app/(app)/services/page.jsx","96","route:/services","","","","","setModal"
"component.components-ui.action.ang-luu-luu","FormModal","onSave","app/(app)/services/page.jsx","96","route:/services","POST /api/data/services","create:services","","",""
"component.components-ui.action.ang-luu-luu","FormModal","onClose","app/(app)/services/page.jsx","98","route:/services","","","","","setModal"
"component.components-ui.action.ang-luu-luu","FormModal","onSave","app/(app)/services/page.jsx","98","route:/services","PUT /api/data/services/[id]","update:services","","",""
"component.components-ui.action.ang-luu-luu","FormModal","onClose","app/(app)/shipments/page.jsx","176","route:/shipments","","","","","setModal"
"component.components-ui.action.ang-luu-luu","FormModal","onSave","app/(app)/shipments/page.jsx","176","route:/shipments","GET /api/data/shipmentdocs | POST /api/data/shipmentdocs | POST /api/data/shipments | PUT /api/data/shipments/[id]","create:shipmentdocs | create:shipments | read:shipmentdocs | update:shipments","","import:incotermValid | import:marketBlocked | import:presentationDeadline | import:requiredDocs",""
"component.components-ui.action.ang-luu-luu","FormModal","onClose","app/(app)/shipments/page.jsx","187","route:/shipments","","","","","setModal"
"component.components-ui.action.ang-luu-luu","FormModal","onSave","app/(app)/shipments/page.jsx","187","route:/shipments","GET /api/data/shipments | POST /api/shipments/*/pay","read:shipments","","",""
"component.components-ui.action.ang-luu-luu","FormModal","onClose","app/(app)/staff/page.jsx","220","route:/staff","","","","","setModal"
"component.components-ui.action.ang-luu-luu","FormModal","onSave","app/(app)/staff/page.jsx","220","route:/staff","POST /api/data/leaves","create:leaves","","",""
"component.components-ui.action.ang-luu-luu","FormModal","onClose","app/(app)/staff/page.jsx","229","route:/staff","","","","","setModal"
"component.components-ui.action.ang-luu-luu","FormModal","onSave","app/(app)/staff/page.jsx","229","route:/staff","POST /api/data/teams | PUT /api/data/teams/[id]","create:teams | update:teams","","",""
"component.components-ui.action.ang-luu-luu","FormModal","onClose","app/(app)/tasks/page.jsx","399","route:/tasks","","","","","setModal"
"component.components-ui.action.ang-luu-luu","FormModal","onSave","app/(app)/tasks/page.jsx","399","route:/tasks","POST /api/data/tasks","create:tasks","","",""
"component.components-ui.action.ang-luu-luu","FormModal","onClose","app/(app)/tasks/page.jsx","403","route:/tasks","","","","","setModal"
"component.components-ui.action.ang-luu-luu","FormModal","onSave","app/(app)/tasks/page.jsx","403","route:/tasks","POST /api/data/tasks","create:tasks","","",""
"component.components-ui.action.ang-luu-luu","FormModal","onClose","app/(app)/tickets/page.jsx","150","route:/tickets","","","","","setModal"
"component.components-ui.action.ang-luu-luu","FormModal","onSave","app/(app)/tickets/page.jsx","150","route:/tickets","POST /api/data/tickets","create:tickets","","","out.code | out.dueAt | out.resolvedAt"
"component.components-ui.action.ang-luu-luu","FormModal","onClose","app/(app)/tickets/page.jsx","152","route:/tickets","","","","","setModal"
"component.components-ui.action.ang-luu-luu","FormModal","onSave","app/(app)/tickets/page.jsx","152","route:/tickets","PUT /api/data/tickets/[id]","update:tickets","","","out.code | out.dueAt | out.resolvedAt"
"component.components-ui.action.ang-luu-luu","FormModal","onClose","app/(app)/timesheet/page.jsx","88","route:/timesheet","","","","","setModal"
"component.components-ui.action.ang-luu-luu","FormModal","onSave","app/(app)/timesheet/page.jsx","88","route:/timesheet","POST /api/data/timelogs","create:timelogs","","",""
"component.components-ui.action.ang-luu-luu","FormModal","onClose","app/(app)/timesheet/page.jsx","90","route:/timesheet","","","","","setModal"
"component.components-ui.action.ang-luu-luu","FormModal","onSave","app/(app)/timesheet/page.jsx","90","route:/timesheet","PUT /api/data/timelogs/[id]","update:timelogs","","",""
"component.components-ui.action.ang-luu-luu","FormModal","onClose","app/(app)/vendors/page.jsx","198","route:/vendors","","","","","setModal"
"component.components-ui.action.ang-luu-luu","FormModal","onSave","app/(app)/vendors/page.jsx","198","route:/vendors","POST /api/data/vendors","create:vendors","","",""
"component.components-ui.action.ang-luu-luu","FormModal","onClose","app/(app)/vendors/page.jsx","200","route:/vendors","","","","","setModal"
"component.components-ui.action.ang-luu-luu","FormModal","onSave","app/(app)/vendors/page.jsx","200","route:/vendors","PUT /api/data/vendors/[id]","update:vendors","","",""
"component.components-ui.action.ang-luu-luu","FormModal","onClose","app/(app)/vendors/page.jsx","204","route:/vendors","","","","","setModal"
"component.components-ui.action.ang-luu-luu","FormModal","onSave","app/(app)/vendors/page.jsx","204","route:/vendors","POST /api/data/vendorbills","create:vendorbills","","",""
"component.components-ui.action.ang-luu-luu","FormModal","onClose","app/(app)/vendors/page.jsx","206","route:/vendors","","","","","setModal"
"component.components-ui.action.ang-luu-luu","FormModal","onSave","app/(app)/vendors/page.jsx","206","route:/vendors","PUT /api/data/vendorbills/[id]","update:vendorbills","","",""
"component.components-ui.action.ang-luu-luu","FormModal","onClose","app/(app)/violations/page.jsx","71","route:/violations","","","","","setModal"
"component.components-ui.action.ang-luu-luu","FormModal","onSave","app/(app)/violations/page.jsx","71","route:/violations","POST /api/data/violations | PUT /api/data/violations/[id]","create:violations | update:violations","","import:plus180","setModal"
"component.components-ui.form-submit.e-e-preventdefault-submit","FormModal","onClose","app/(app)/analytics/page.jsx","176","route:/analytics","","","","","setModal"
"component.components-ui.form-submit.e-e-preventdefault-submit","FormModal","onSave","app/(app)/analytics/page.jsx","176","route:/analytics","POST /api/data/nps","create:nps","","",""
"component.components-ui.form-submit.e-e-preventdefault-submit","FormModal","onClose","app/(app)/assets/page.jsx","76","route:/assets","","","","","setModal"
"component.components-ui.form-submit.e-e-preventdefault-submit","FormModal","onSave","app/(app)/assets/page.jsx","76","route:/assets","POST /api/data/assets","create:assets","","",""
"component.components-ui.form-submit.e-e-preventdefault-submit","FormModal","onClose","app/(app)/assets/page.jsx","78","route:/assets","","","","","setModal"
"component.components-ui.form-submit.e-e-preventdefault-submit","FormModal","onSave","app/(app)/assets/page.jsx","78","route:/assets","PUT /api/data/assets/[id]","update:assets","","",""
"component.components-ui.form-submit.e-e-preventdefault-submit","FormModal","onClose","app/(app)/clients/[id]/page.jsx","151","route:/clients/[id]","","","","","setModal"
"component.components-ui.form-submit.e-e-preventdefault-submit","FormModal","onSave","app/(app)/clients/[id]/page.jsx","151","route:/clients/[id]","POST /api/data/contacts | PUT /api/data/contacts/[id]","create:contacts | update:contacts","","",""
"component.components-ui.form-submit.e-e-preventdefault-submit","FormModal","onClose","app/(app)/clients/page.jsx","76","route:/clients","","","","","setModal"
"component.components-ui.form-submit.e-e-preventdefault-submit","FormModal","onSave","app/(app)/clients/page.jsx","76","route:/clients","POST /api/data/clients","create:clients","","",""
"component.components-ui.form-submit.e-e-preventdefault-submit","FormModal","onClose","app/(app)/clients/page.jsx","78","route:/clients","","","","","setModal"
"component.components-ui.form-submit.e-e-preventdefault-submit","FormModal","onSave","app/(app)/clients/page.jsx","78","route:/clients","PUT /api/data/clients/[id]","update:clients","","",""
"component.components-ui.form-submit.e-e-preventdefault-submit","FormModal","onClose","app/(app)/contracts/page.jsx","113","route:/contracts","","","","","setModal"
"component.components-ui.form-submit.e-e-preventdefault-submit","FormModal","onSave","app/(app)/contracts/page.jsx","113","route:/contracts","POST /api/data/contracts","create:contracts","","",""
"component.components-ui.form-submit.e-e-preventdefault-submit","FormModal","onClose","app/(app)/contracts/page.jsx","115","route:/contracts","","","","","setModal"
"component.components-ui.form-submit.e-e-preventdefault-submit","FormModal","onSave","app/(app)/contracts/page.jsx","115","route:/contracts","PUT /api/data/contracts/[id]","update:contracts","","",""
"component.components-ui.form-submit.e-e-preventdefault-submit","FormModal","onClose","app/(app)/finance/page.jsx","128","route:/finance","","","","","setModal"
"component.components-ui.form-submit.e-e-preventdefault-submit","FormModal","onSave","app/(app)/finance/page.jsx","128","route:/finance","POST /api/data/transactions","create:transactions","","",""
"component.components-ui.form-submit.e-e-preventdefault-submit","FormModal","onClose","app/(app)/finance/page.jsx","133","route:/finance","","","","","setModal"
"component.components-ui.form-submit.e-e-preventdefault-submit","FormModal","onSave","app/(app)/finance/page.jsx","133","route:/finance","PUT /api/data/transactions/[id]","update:transactions","","",""
"component.components-ui.form-submit.e-e-preventdefault-submit","FormModal","onClose","app/(app)/finplan/page.jsx","207","route:/finplan","","","","","setModal"
"component.components-ui.form-submit.e-e-preventdefault-submit","FormModal","onSave","app/(app)/finplan/page.jsx","207","route:/finplan","POST /api/data/budgets","create:budgets","","",""
"component.components-ui.form-submit.e-e-preventdefault-submit","FormModal","onClose","app/(app)/finplan/page.jsx","214","route:/finplan","","","","","setModal"
"component.components-ui.form-submit.e-e-preventdefault-submit","FormModal","onSave","app/(app)/finplan/page.jsx","214","route:/finplan","POST /api/data/recurringexpenses","create:recurringexpenses","","",""
"component.components-ui.form-submit.e-e-preventdefault-submit","FormModal","onClose","app/(app)/gantt/page.jsx","169","route:/gantt","","","","","setModal"
"component.components-ui.form-submit.e-e-preventdefault-submit","FormModal","onSave","app/(app)/gantt/page.jsx","169","route:/gantt","POST /api/data/milestones | PUT /api/data/milestones/[id]","create:milestones | update:milestones","","",""
"component.components-ui.form-submit.e-e-preventdefault-submit","FormModal","onClose","app/(app)/growing/page.jsx","91","route:/growing","","","","","setModal"
"component.components-ui.form-submit.e-e-preventdefault-submit","FormModal","onSave","app/(app)/growing/page.jsx","91","route:/growing","POST /api/data/growingareas | PUT /api/data/growingareas/[id]","create:growingareas | update:growingareas","","","setModal"
"component.components-ui.form-submit.e-e-preventdefault-submit","FormModal","onClose","app/(app)/growing/page.jsx","103","route:/growing","","","","","setModal"
"component.components-ui.form-submit.e-e-preventdefault-submit","FormModal","onSave","app/(app)/growing/page.jsx","103","route:/growing","POST /api/data/areacodes","create:areacodes","","","setModal"
"component.components-ui.form-submit.e-e-preventdefault-submit","FormModal","onClose","app/(app)/inventory/page.jsx","126","route:/inventory","","","","","setModal"
"component.components-ui.form-submit.e-e-preventdefault-submit","FormModal","onSave","app/(app)/inventory/page.jsx","126","route:/inventory","POST /api/data/stocklots | PUT /api/data/stocklots/[id]","create:stocklots | update:stocklots","","",""
"component.components-ui.form-submit.e-e-preventdefault-submit","FormModal","onClose","app/(app)/inventory/page.jsx","129","route:/inventory","","","","","setModal"
"component.components-ui.form-submit.e-e-preventdefault-submit","FormModal","onSave","app/(app)/inventory/page.jsx","129","route:/inventory","GET /api/data/stocklots | GET /api/data/stockmoves | POST /api/stocklots/*/issue","read:stocklots | read:stockmoves","","",""
"component.components-ui.form-submit.e-e-preventdefault-submit","FormModal","onClose","app/(app)/leads/page.jsx","250","route:/leads","","","","","setModal"
"component.components-ui.form-submit.e-e-preventdefault-submit","FormModal","onSave","app/(app)/leads/page.jsx","250","route:/leads","GET /api/leads/workload | POST /api/data/leads","create:leads","","import:todayISO","setWorkloadError | setWorkloadLoading | setWorkloadPayload"
"component.components-ui.form-submit.e-e-preventdefault-submit","FormModal","onClose","app/(app)/leads/page.jsx","252","route:/leads","","","","","setModal"
"component.components-ui.form-submit.e-e-preventdefault-submit","FormModal","onSave","app/(app)/leads/page.jsx","252","route:/leads","GET /api/leads/workload | PUT /api/data/leads/[id]","update:leads","","","setWorkloadError | setWorkloadLoading | setWorkloadPayload"
"component.components-ui.form-submit.e-e-preventdefault-submit","FormModal","onClose","app/(app)/live/page.jsx","175","route:/live","","","","","setModal"
"component.components-ui.form-submit.e-e-preventdefault-submit","FormModal","onSave","app/(app)/live/page.jsx","175","route:/live","POST /api/data/livesessions | PUT /api/data/livesessions/[id]","create:livesessions | update:livesessions","","","setModal"
"component.components-ui.form-submit.e-e-preventdefault-submit","FormModal","onClose","app/(app)/live/page.jsx","183","route:/live","","","","","setRecon"
"component.components-ui.form-submit.e-e-preventdefault-submit","FormModal","onSave","app/(app)/live/page.jsx","183","route:/live","GET /api/data/livesessions | POST /api/livesessions/*/reconcile","read:livesessions","","","setRecon"
"component.components-ui.form-submit.e-e-preventdefault-submit","FormModal","onClose","app/(app)/okr/page.jsx","80","route:/okr","","","","","setModal"
"component.components-ui.form-submit.e-e-preventdefault-submit","FormModal","onSave","app/(app)/okr/page.jsx","80","route:/okr","POST /api/data/okrs","create:okrs","","",""
"component.components-ui.form-submit.e-e-preventdefault-submit","FormModal","onClose","app/(app)/okr/page.jsx","82","route:/okr","","","","","setModal"
"component.components-ui.form-submit.e-e-preventdefault-submit","FormModal","onSave","app/(app)/okr/page.jsx","82","route:/okr","PUT /api/data/okrs/[id]","update:okrs","","",""
"component.components-ui.form-submit.e-e-preventdefault-submit","FormModal","onClose","app/(app)/projects/[id]/page.jsx","260","route:/projects/[id]","","","","","setModal"
"component.components-ui.form-submit.e-e-preventdefault-submit","FormModal","onSave","app/(app)/projects/[id]/page.jsx","260","route:/projects/[id]","GET /api/projects/*/execution-health | POST /api/data/phases","create:phases","","","setData | setHealthError | setLoadingHealth"
"component.components-ui.form-submit.e-e-preventdefault-submit","FormModal","onClose","app/(app)/projects/page.jsx","123","route:/projects","","","","","setModal"
"component.components-ui.form-submit.e-e-preventdefault-submit","FormModal","onSave","app/(app)/projects/page.jsx","123","route:/projects","GET /api/projects/stats | POST /api/data/milestones | POST /api/data/phases | POST /api/data/projects | POST /api/data/tasks","create:milestones | create:phases | create:projects | create:tasks","","import:todayISO","ms | order | phases | setCanMoney | setStats"
"component.components-ui.form-submit.e-e-preventdefault-submit","FormModal","onClose","app/(app)/projects/page.jsx","134","route:/projects","","","","","setModal"
"component.components-ui.form-submit.e-e-preventdefault-submit","FormModal","onSave","app/(app)/projects/page.jsx","134","route:/projects","GET /api/projects/stats | PUT /api/data/projects/[id]","update:projects","","","setCanMoney | setStats"
"component.components-ui.form-submit.e-e-preventdefault-submit","FormModal","onClose","app/(app)/recruitment/page.jsx","113","route:/recruitment","","","","","setModal"
"component.components-ui.form-submit.e-e-preventdefault-submit","FormModal","onSave","app/(app)/recruitment/page.jsx","113","route:/recruitment","POST /api/data/candidates","create:candidates","","import:todayISO",""
"component.components-ui.form-submit.e-e-preventdefault-submit","FormModal","onClose","app/(app)/recruitment/page.jsx","115","route:/recruitment","","","","","setModal"
"component.components-ui.form-submit.e-e-preventdefault-submit","FormModal","onSave","app/(app)/recruitment/page.jsx","115","route:/recruitment","PUT /api/data/candidates/[id]","update:candidates","","",""
"component.components-ui.form-submit.e-e-preventdefault-submit","FormModal","onClose","app/(app)/services/page.jsx","96","route:/services","","","","","setModal"
"component.components-ui.form-submit.e-e-preventdefault-submit","FormModal","onSave","app/(app)/services/page.jsx","96","route:/services","POST /api/data/services","create:services","","",""
"component.components-ui.form-submit.e-e-preventdefault-submit","FormModal","onClose","app/(app)/services/page.jsx","98","route:/services","","","","","setModal"
"component.components-ui.form-submit.e-e-preventdefault-submit","FormModal","onSave","app/(app)/services/page.jsx","98","route:/services","PUT /api/data/services/[id]","update:services","","",""
"component.components-ui.form-submit.e-e-preventdefault-submit","FormModal","onClose","app/(app)/shipments/page.jsx","176","route:/shipments","","","","","setModal"
"component.components-ui.form-submit.e-e-preventdefault-submit","FormModal","onSave","app/(app)/shipments/page.jsx","176","route:/shipments","GET /api/data/shipmentdocs | POST /api/data/shipmentdocs | POST /api/data/shipments | PUT /api/data/shipments/[id]","create:shipmentdocs | create:shipments | read:shipmentdocs | update:shipments","","import:incotermValid | import:marketBlocked | import:presentationDeadline | import:requiredDocs",""
"component.components-ui.form-submit.e-e-preventdefault-submit","FormModal","onClose","app/(app)/shipments/page.jsx","187","route:/shipments","","","","","setModal"
"component.components-ui.form-submit.e-e-preventdefault-submit","FormModal","onSave","app/(app)/shipments/page.jsx","187","route:/shipments","GET /api/data/shipments | POST /api/shipments/*/pay","read:shipments","","",""
"component.components-ui.form-submit.e-e-preventdefault-submit","FormModal","onClose","app/(app)/staff/page.jsx","220","route:/staff","","","","","setModal"
"component.components-ui.form-submit.e-e-preventdefault-submit","FormModal","onSave","app/(app)/staff/page.jsx","220","route:/staff","POST /api/data/leaves","create:leaves","","",""
"component.components-ui.form-submit.e-e-preventdefault-submit","FormModal","onClose","app/(app)/staff/page.jsx","229","route:/staff","","","","","setModal"
"component.components-ui.form-submit.e-e-preventdefault-submit","FormModal","onSave","app/(app)/staff/page.jsx","229","route:/staff","POST /api/data/teams | PUT /api/data/teams/[id]","create:teams | update:teams","","",""
"component.components-ui.form-submit.e-e-preventdefault-submit","FormModal","onClose","app/(app)/tasks/page.jsx","399","route:/tasks","","","","","setModal"
"component.components-ui.form-submit.e-e-preventdefault-submit","FormModal","onSave","app/(app)/tasks/page.jsx","399","route:/tasks","POST /api/data/tasks","create:tasks","","",""
"component.components-ui.form-submit.e-e-preventdefault-submit","FormModal","onClose","app/(app)/tasks/page.jsx","403","route:/tasks","","","","","setModal"
"component.components-ui.form-submit.e-e-preventdefault-submit","FormModal","onSave","app/(app)/tasks/page.jsx","403","route:/tasks","POST /api/data/tasks","create:tasks","","",""
"component.components-ui.form-submit.e-e-preventdefault-submit","FormModal","onClose","app/(app)/tickets/page.jsx","150","route:/tickets","","","","","setModal"
"component.components-ui.form-submit.e-e-preventdefault-submit","FormModal","onSave","app/(app)/tickets/page.jsx","150","route:/tickets","POST /api/data/tickets","create:tickets","","","out.code | out.dueAt | out.resolvedAt"
"component.components-ui.form-submit.e-e-preventdefault-submit","FormModal","onClose","app/(app)/tickets/page.jsx","152","route:/tickets","","","","","setModal"
"component.components-ui.form-submit.e-e-preventdefault-submit","FormModal","onSave","app/(app)/tickets/page.jsx","152","route:/tickets","PUT /api/data/tickets/[id]","update:tickets","","","out.code | out.dueAt | out.resolvedAt"
"component.components-ui.form-submit.e-e-preventdefault-submit","FormModal","onClose","app/(app)/timesheet/page.jsx","88","route:/timesheet","","","","","setModal"
"component.components-ui.form-submit.e-e-preventdefault-submit","FormModal","onSave","app/(app)/timesheet/page.jsx","88","route:/timesheet","POST /api/data/timelogs","create:timelogs","","",""
"component.components-ui.form-submit.e-e-preventdefault-submit","FormModal","onClose","app/(app)/timesheet/page.jsx","90","route:/timesheet","","","","","setModal"
"component.components-ui.form-submit.e-e-preventdefault-submit","FormModal","onSave","app/(app)/timesheet/page.jsx","90","route:/timesheet","PUT /api/data/timelogs/[id]","update:timelogs","","",""
"component.components-ui.form-submit.e-e-preventdefault-submit","FormModal","onClose","app/(app)/vendors/page.jsx","198","route:/vendors","","","","","setModal"
"component.components-ui.form-submit.e-e-preventdefault-submit","FormModal","onSave","app/(app)/vendors/page.jsx","198","route:/vendors","POST /api/data/vendors","create:vendors","","",""
"component.components-ui.form-submit.e-e-preventdefault-submit","FormModal","onClose","app/(app)/vendors/page.jsx","200","route:/vendors","","","","","setModal"
"component.components-ui.form-submit.e-e-preventdefault-submit","FormModal","onSave","app/(app)/vendors/page.jsx","200","route:/vendors","PUT /api/data/vendors/[id]","update:vendors","","",""
"component.components-ui.form-submit.e-e-preventdefault-submit","FormModal","onClose","app/(app)/vendors/page.jsx","204","route:/vendors","","","","","setModal"
"component.components-ui.form-submit.e-e-preventdefault-submit","FormModal","onSave","app/(app)/vendors/page.jsx","204","route:/vendors","POST /api/data/vendorbills","create:vendorbills","","",""
"component.components-ui.form-submit.e-e-preventdefault-submit","FormModal","onClose","app/(app)/vendors/page.jsx","206","route:/vendors","","","","","setModal"
"component.components-ui.form-submit.e-e-preventdefault-submit","FormModal","onSave","app/(app)/vendors/page.jsx","206","route:/vendors","PUT /api/data/vendorbills/[id]","update:vendorbills","","",""
"component.components-ui.form-submit.e-e-preventdefault-submit","FormModal","onClose","app/(app)/violations/page.jsx","71","route:/violations","","","","","setModal"
"component.components-ui.form-submit.e-e-preventdefault-submit","FormModal","onSave","app/(app)/violations/page.jsx","71","route:/violations","POST /api/data/violations | PUT /api/data/violations/[id]","create:violations | update:violations","","import:plus180","setModal"
"component.components-ui.form-control.select","FormModal","onClose","app/(app)/analytics/page.jsx","176","route:/analytics","","","","","setModal"
"component.components-ui.form-control.select","FormModal","onSave","app/(app)/analytics/page.jsx","176","route:/analytics","POST /api/data/nps","create:nps","","",""
"component.components-ui.form-control.select","FormModal","onClose","app/(app)/assets/page.jsx","76","route:/assets","","","","","setModal"
"component.components-ui.form-control.select","FormModal","onSave","app/(app)/assets/page.jsx","76","route:/assets","POST /api/data/assets","create:assets","","",""
"component.components-ui.form-control.select","FormModal","onClose","app/(app)/assets/page.jsx","78","route:/assets","","","","","setModal"
"component.components-ui.form-control.select","FormModal","onSave","app/(app)/assets/page.jsx","78","route:/assets","PUT /api/data/assets/[id]","update:assets","","",""
"component.components-ui.form-control.select","FormModal","onClose","app/(app)/clients/[id]/page.jsx","151","route:/clients/[id]","","","","","setModal"
"component.components-ui.form-control.select","FormModal","onSave","app/(app)/clients/[id]/page.jsx","151","route:/clients/[id]","POST /api/data/contacts | PUT /api/data/contacts/[id]","create:contacts | update:contacts","","",""
"component.components-ui.form-control.select","FormModal","onClose","app/(app)/clients/page.jsx","76","route:/clients","","","","","setModal"
"component.components-ui.form-control.select","FormModal","onSave","app/(app)/clients/page.jsx","76","route:/clients","POST /api/data/clients","create:clients","","",""
"component.components-ui.form-control.select","FormModal","onClose","app/(app)/clients/page.jsx","78","route:/clients","","","","","setModal"
"component.components-ui.form-control.select","FormModal","onSave","app/(app)/clients/page.jsx","78","route:/clients","PUT /api/data/clients/[id]","update:clients","","",""
"component.components-ui.form-control.select","FormModal","onClose","app/(app)/contracts/page.jsx","113","route:/contracts","","","","","setModal"
"component.components-ui.form-control.select","FormModal","onSave","app/(app)/contracts/page.jsx","113","route:/contracts","POST /api/data/contracts","create:contracts","","",""
"component.components-ui.form-control.select","FormModal","onClose","app/(app)/contracts/page.jsx","115","route:/contracts","","","","","setModal"
"component.components-ui.form-control.select","FormModal","onSave","app/(app)/contracts/page.jsx","115","route:/contracts","PUT /api/data/contracts/[id]","update:contracts","","",""
"component.components-ui.form-control.select","FormModal","onClose","app/(app)/finance/page.jsx","128","route:/finance","","","","","setModal"
"component.components-ui.form-control.select","FormModal","onSave","app/(app)/finance/page.jsx","128","route:/finance","POST /api/data/transactions","create:transactions","","",""
"component.components-ui.form-control.select","FormModal","onClose","app/(app)/finance/page.jsx","133","route:/finance","","","","","setModal"
"component.components-ui.form-control.select","FormModal","onSave","app/(app)/finance/page.jsx","133","route:/finance","PUT /api/data/transactions/[id]","update:transactions","","",""
"component.components-ui.form-control.select","FormModal","onClose","app/(app)/finplan/page.jsx","207","route:/finplan","","","","","setModal"
"component.components-ui.form-control.select","FormModal","onSave","app/(app)/finplan/page.jsx","207","route:/finplan","POST /api/data/budgets","create:budgets","","",""
"component.components-ui.form-control.select","FormModal","onClose","app/(app)/finplan/page.jsx","214","route:/finplan","","","","","setModal"
"component.components-ui.form-control.select","FormModal","onSave","app/(app)/finplan/page.jsx","214","route:/finplan","POST /api/data/recurringexpenses","create:recurringexpenses","","",""
"component.components-ui.form-control.select","FormModal","onClose","app/(app)/gantt/page.jsx","169","route:/gantt","","","","","setModal"
"component.components-ui.form-control.select","FormModal","onSave","app/(app)/gantt/page.jsx","169","route:/gantt","POST /api/data/milestones | PUT /api/data/milestones/[id]","create:milestones | update:milestones","","",""
"component.components-ui.form-control.select","FormModal","onClose","app/(app)/growing/page.jsx","91","route:/growing","","","","","setModal"
"component.components-ui.form-control.select","FormModal","onSave","app/(app)/growing/page.jsx","91","route:/growing","POST /api/data/growingareas | PUT /api/data/growingareas/[id]","create:growingareas | update:growingareas","","","setModal"
"component.components-ui.form-control.select","FormModal","onClose","app/(app)/growing/page.jsx","103","route:/growing","","","","","setModal"
"component.components-ui.form-control.select","FormModal","onSave","app/(app)/growing/page.jsx","103","route:/growing","POST /api/data/areacodes","create:areacodes","","","setModal"
"component.components-ui.form-control.select","FormModal","onClose","app/(app)/inventory/page.jsx","126","route:/inventory","","","","","setModal"
"component.components-ui.form-control.select","FormModal","onSave","app/(app)/inventory/page.jsx","126","route:/inventory","POST /api/data/stocklots | PUT /api/data/stocklots/[id]","create:stocklots | update:stocklots","","",""
"component.components-ui.form-control.select","FormModal","onClose","app/(app)/inventory/page.jsx","129","route:/inventory","","","","","setModal"
"component.components-ui.form-control.select","FormModal","onSave","app/(app)/inventory/page.jsx","129","route:/inventory","GET /api/data/stocklots | GET /api/data/stockmoves | POST /api/stocklots/*/issue","read:stocklots | read:stockmoves","","",""
"component.components-ui.form-control.select","FormModal","onClose","app/(app)/leads/page.jsx","250","route:/leads","","","","","setModal"
"component.components-ui.form-control.select","FormModal","onSave","app/(app)/leads/page.jsx","250","route:/leads","GET /api/leads/workload | POST /api/data/leads","create:leads","","import:todayISO","setWorkloadError | setWorkloadLoading | setWorkloadPayload"
"component.components-ui.form-control.select","FormModal","onClose","app/(app)/leads/page.jsx","252","route:/leads","","","","","setModal"
"component.components-ui.form-control.select","FormModal","onSave","app/(app)/leads/page.jsx","252","route:/leads","GET /api/leads/workload | PUT /api/data/leads/[id]","update:leads","","","setWorkloadError | setWorkloadLoading | setWorkloadPayload"
"component.components-ui.form-control.select","FormModal","onClose","app/(app)/live/page.jsx","175","route:/live","","","","","setModal"
"component.components-ui.form-control.select","FormModal","onSave","app/(app)/live/page.jsx","175","route:/live","POST /api/data/livesessions | PUT /api/data/livesessions/[id]","create:livesessions | update:livesessions","","","setModal"
"component.components-ui.form-control.select","FormModal","onClose","app/(app)/live/page.jsx","183","route:/live","","","","","setRecon"
"component.components-ui.form-control.select","FormModal","onSave","app/(app)/live/page.jsx","183","route:/live","GET /api/data/livesessions | POST /api/livesessions/*/reconcile","read:livesessions","","","setRecon"
"component.components-ui.form-control.select","FormModal","onClose","app/(app)/okr/page.jsx","80","route:/okr","","","","","setModal"
"component.components-ui.form-control.select","FormModal","onSave","app/(app)/okr/page.jsx","80","route:/okr","POST /api/data/okrs","create:okrs","","",""
"component.components-ui.form-control.select","FormModal","onClose","app/(app)/okr/page.jsx","82","route:/okr","","","","","setModal"
"component.components-ui.form-control.select","FormModal","onSave","app/(app)/okr/page.jsx","82","route:/okr","PUT /api/data/okrs/[id]","update:okrs","","",""
"component.components-ui.form-control.select","FormModal","onClose","app/(app)/projects/[id]/page.jsx","260","route:/projects/[id]","","","","","setModal"
"component.components-ui.form-control.select","FormModal","onSave","app/(app)/projects/[id]/page.jsx","260","route:/projects/[id]","GET /api/projects/*/execution-health | POST /api/data/phases","create:phases","","","setData | setHealthError | setLoadingHealth"
"component.components-ui.form-control.select","FormModal","onClose","app/(app)/projects/page.jsx","123","route:/projects","","","","","setModal"
"component.components-ui.form-control.select","FormModal","onSave","app/(app)/projects/page.jsx","123","route:/projects","GET /api/projects/stats | POST /api/data/milestones | POST /api/data/phases | POST /api/data/projects | POST /api/data/tasks","create:milestones | create:phases | create:projects | create:tasks","","import:todayISO","ms | order | phases | setCanMoney | setStats"
"component.components-ui.form-control.select","FormModal","onClose","app/(app)/projects/page.jsx","134","route:/projects","","","","","setModal"
"component.components-ui.form-control.select","FormModal","onSave","app/(app)/projects/page.jsx","134","route:/projects","GET /api/projects/stats | PUT /api/data/projects/[id]","update:projects","","","setCanMoney | setStats"
"component.components-ui.form-control.select","FormModal","onClose","app/(app)/recruitment/page.jsx","113","route:/recruitment","","","","","setModal"
"component.components-ui.form-control.select","FormModal","onSave","app/(app)/recruitment/page.jsx","113","route:/recruitment","POST /api/data/candidates","create:candidates","","import:todayISO",""
"component.components-ui.form-control.select","FormModal","onClose","app/(app)/recruitment/page.jsx","115","route:/recruitment","","","","","setModal"
"component.components-ui.form-control.select","FormModal","onSave","app/(app)/recruitment/page.jsx","115","route:/recruitment","PUT /api/data/candidates/[id]","update:candidates","","",""
"component.components-ui.form-control.select","FormModal","onClose","app/(app)/services/page.jsx","96","route:/services","","","","","setModal"
"component.components-ui.form-control.select","FormModal","onSave","app/(app)/services/page.jsx","96","route:/services","POST /api/data/services","create:services","","",""
"component.components-ui.form-control.select","FormModal","onClose","app/(app)/services/page.jsx","98","route:/services","","","","","setModal"
"component.components-ui.form-control.select","FormModal","onSave","app/(app)/services/page.jsx","98","route:/services","PUT /api/data/services/[id]","update:services","","",""
"component.components-ui.form-control.select","FormModal","onClose","app/(app)/shipments/page.jsx","176","route:/shipments","","","","","setModal"
"component.components-ui.form-control.select","FormModal","onSave","app/(app)/shipments/page.jsx","176","route:/shipments","GET /api/data/shipmentdocs | POST /api/data/shipmentdocs | POST /api/data/shipments | PUT /api/data/shipments/[id]","create:shipmentdocs | create:shipments | read:shipmentdocs | update:shipments","","import:incotermValid | import:marketBlocked | import:presentationDeadline | import:requiredDocs",""
"component.components-ui.form-control.select","FormModal","onClose","app/(app)/shipments/page.jsx","187","route:/shipments","","","","","setModal"
"component.components-ui.form-control.select","FormModal","onSave","app/(app)/shipments/page.jsx","187","route:/shipments","GET /api/data/shipments | POST /api/shipments/*/pay","read:shipments","","",""
"component.components-ui.form-control.select","FormModal","onClose","app/(app)/staff/page.jsx","220","route:/staff","","","","","setModal"
"component.components-ui.form-control.select","FormModal","onSave","app/(app)/staff/page.jsx","220","route:/staff","POST /api/data/leaves","create:leaves","","",""
"component.components-ui.form-control.select","FormModal","onClose","app/(app)/staff/page.jsx","229","route:/staff","","","","","setModal"
"component.components-ui.form-control.select","FormModal","onSave","app/(app)/staff/page.jsx","229","route:/staff","POST /api/data/teams | PUT /api/data/teams/[id]","create:teams | update:teams","","",""
"component.components-ui.form-control.select","FormModal","onClose","app/(app)/tasks/page.jsx","399","route:/tasks","","","","","setModal"
"component.components-ui.form-control.select","FormModal","onSave","app/(app)/tasks/page.jsx","399","route:/tasks","POST /api/data/tasks","create:tasks","","",""
"component.components-ui.form-control.select","FormModal","onClose","app/(app)/tasks/page.jsx","403","route:/tasks","","","","","setModal"
"component.components-ui.form-control.select","FormModal","onSave","app/(app)/tasks/page.jsx","403","route:/tasks","POST /api/data/tasks","create:tasks","","",""
"component.components-ui.form-control.select","FormModal","onClose","app/(app)/tickets/page.jsx","150","route:/tickets","","","","","setModal"
"component.components-ui.form-control.select","FormModal","onSave","app/(app)/tickets/page.jsx","150","route:/tickets","POST /api/data/tickets","create:tickets","","","out.code | out.dueAt | out.resolvedAt"
"component.components-ui.form-control.select","FormModal","onClose","app/(app)/tickets/page.jsx","152","route:/tickets","","","","","setModal"
"component.components-ui.form-control.select","FormModal","onSave","app/(app)/tickets/page.jsx","152","route:/tickets","PUT /api/data/tickets/[id]","update:tickets","","","out.code | out.dueAt | out.resolvedAt"
"component.components-ui.form-control.select","FormModal","onClose","app/(app)/timesheet/page.jsx","88","route:/timesheet","","","","","setModal"
"component.components-ui.form-control.select","FormModal","onSave","app/(app)/timesheet/page.jsx","88","route:/timesheet","POST /api/data/timelogs","create:timelogs","","",""
"component.components-ui.form-control.select","FormModal","onClose","app/(app)/timesheet/page.jsx","90","route:/timesheet","","","","","setModal"
"component.components-ui.form-control.select","FormModal","onSave","app/(app)/timesheet/page.jsx","90","route:/timesheet","PUT /api/data/timelogs/[id]","update:timelogs","","",""
"component.components-ui.form-control.select","FormModal","onClose","app/(app)/vendors/page.jsx","198","route:/vendors","","","","","setModal"
"component.components-ui.form-control.select","FormModal","onSave","app/(app)/vendors/page.jsx","198","route:/vendors","POST /api/data/vendors","create:vendors","","",""
"component.components-ui.form-control.select","FormModal","onClose","app/(app)/vendors/page.jsx","200","route:/vendors","","","","","setModal"
"component.components-ui.form-control.select","FormModal","onSave","app/(app)/vendors/page.jsx","200","route:/vendors","PUT /api/data/vendors/[id]","update:vendors","","",""
"component.components-ui.form-control.select","FormModal","onClose","app/(app)/vendors/page.jsx","204","route:/vendors","","","","","setModal"
"component.components-ui.form-control.select","FormModal","onSave","app/(app)/vendors/page.jsx","204","route:/vendors","POST /api/data/vendorbills","create:vendorbills","","",""
"component.components-ui.form-control.select","FormModal","onClose","app/(app)/vendors/page.jsx","206","route:/vendors","","","","","setModal"
"component.components-ui.form-control.select","FormModal","onSave","app/(app)/vendors/page.jsx","206","route:/vendors","PUT /api/data/vendorbills/[id]","update:vendorbills","","",""
"component.components-ui.form-control.select","FormModal","onClose","app/(app)/violations/page.jsx","71","route:/violations","","","","","setModal"
"component.components-ui.form-control.select","FormModal","onSave","app/(app)/violations/page.jsx","71","route:/violations","POST /api/data/violations | PUT /api/data/violations/[id]","create:violations | update:violations","","import:plus180","setModal"
"component.components-ui.form-control.select.2","FormModal","onClose","app/(app)/analytics/page.jsx","176","route:/analytics","","","","","setModal"
"component.components-ui.form-control.select.2","FormModal","onSave","app/(app)/analytics/page.jsx","176","route:/analytics","POST /api/data/nps","create:nps","","",""
"component.components-ui.form-control.select.2","FormModal","onClose","app/(app)/assets/page.jsx","76","route:/assets","","","","","setModal"
"component.components-ui.form-control.select.2","FormModal","onSave","app/(app)/assets/page.jsx","76","route:/assets","POST /api/data/assets","create:assets","","",""
"component.components-ui.form-control.select.2","FormModal","onClose","app/(app)/assets/page.jsx","78","route:/assets","","","","","setModal"
"component.components-ui.form-control.select.2","FormModal","onSave","app/(app)/assets/page.jsx","78","route:/assets","PUT /api/data/assets/[id]","update:assets","","",""
"component.components-ui.form-control.select.2","FormModal","onClose","app/(app)/clients/[id]/page.jsx","151","route:/clients/[id]","","","","","setModal"
"component.components-ui.form-control.select.2","FormModal","onSave","app/(app)/clients/[id]/page.jsx","151","route:/clients/[id]","POST /api/data/contacts | PUT /api/data/contacts/[id]","create:contacts | update:contacts","","",""
"component.components-ui.form-control.select.2","FormModal","onClose","app/(app)/clients/page.jsx","76","route:/clients","","","","","setModal"
"component.components-ui.form-control.select.2","FormModal","onSave","app/(app)/clients/page.jsx","76","route:/clients","POST /api/data/clients","create:clients","","",""
"component.components-ui.form-control.select.2","FormModal","onClose","app/(app)/clients/page.jsx","78","route:/clients","","","","","setModal"
"component.components-ui.form-control.select.2","FormModal","onSave","app/(app)/clients/page.jsx","78","route:/clients","PUT /api/data/clients/[id]","update:clients","","",""
"component.components-ui.form-control.select.2","FormModal","onClose","app/(app)/contracts/page.jsx","113","route:/contracts","","","","","setModal"
"component.components-ui.form-control.select.2","FormModal","onSave","app/(app)/contracts/page.jsx","113","route:/contracts","POST /api/data/contracts","create:contracts","","",""
"component.components-ui.form-control.select.2","FormModal","onClose","app/(app)/contracts/page.jsx","115","route:/contracts","","","","","setModal"
"component.components-ui.form-control.select.2","FormModal","onSave","app/(app)/contracts/page.jsx","115","route:/contracts","PUT /api/data/contracts/[id]","update:contracts","","",""
"component.components-ui.form-control.select.2","FormModal","onClose","app/(app)/finance/page.jsx","128","route:/finance","","","","","setModal"
"component.components-ui.form-control.select.2","FormModal","onSave","app/(app)/finance/page.jsx","128","route:/finance","POST /api/data/transactions","create:transactions","","",""
"component.components-ui.form-control.select.2","FormModal","onClose","app/(app)/finance/page.jsx","133","route:/finance","","","","","setModal"
"component.components-ui.form-control.select.2","FormModal","onSave","app/(app)/finance/page.jsx","133","route:/finance","PUT /api/data/transactions/[id]","update:transactions","","",""
"component.components-ui.form-control.select.2","FormModal","onClose","app/(app)/finplan/page.jsx","207","route:/finplan","","","","","setModal"
"component.components-ui.form-control.select.2","FormModal","onSave","app/(app)/finplan/page.jsx","207","route:/finplan","POST /api/data/budgets","create:budgets","","",""
"component.components-ui.form-control.select.2","FormModal","onClose","app/(app)/finplan/page.jsx","214","route:/finplan","","","","","setModal"
"component.components-ui.form-control.select.2","FormModal","onSave","app/(app)/finplan/page.jsx","214","route:/finplan","POST /api/data/recurringexpenses","create:recurringexpenses","","",""
"component.components-ui.form-control.select.2","FormModal","onClose","app/(app)/gantt/page.jsx","169","route:/gantt","","","","","setModal"
"component.components-ui.form-control.select.2","FormModal","onSave","app/(app)/gantt/page.jsx","169","route:/gantt","POST /api/data/milestones | PUT /api/data/milestones/[id]","create:milestones | update:milestones","","",""
"component.components-ui.form-control.select.2","FormModal","onClose","app/(app)/growing/page.jsx","91","route:/growing","","","","","setModal"
"component.components-ui.form-control.select.2","FormModal","onSave","app/(app)/growing/page.jsx","91","route:/growing","POST /api/data/growingareas | PUT /api/data/growingareas/[id]","create:growingareas | update:growingareas","","","setModal"
"component.components-ui.form-control.select.2","FormModal","onClose","app/(app)/growing/page.jsx","103","route:/growing","","","","","setModal"
"component.components-ui.form-control.select.2","FormModal","onSave","app/(app)/growing/page.jsx","103","route:/growing","POST /api/data/areacodes","create:areacodes","","","setModal"
"component.components-ui.form-control.select.2","FormModal","onClose","app/(app)/inventory/page.jsx","126","route:/inventory","","","","","setModal"
"component.components-ui.form-control.select.2","FormModal","onSave","app/(app)/inventory/page.jsx","126","route:/inventory","POST /api/data/stocklots | PUT /api/data/stocklots/[id]","create:stocklots | update:stocklots","","",""
"component.components-ui.form-control.select.2","FormModal","onClose","app/(app)/inventory/page.jsx","129","route:/inventory","","","","","setModal"
"component.components-ui.form-control.select.2","FormModal","onSave","app/(app)/inventory/page.jsx","129","route:/inventory","GET /api/data/stocklots | GET /api/data/stockmoves | POST /api/stocklots/*/issue","read:stocklots | read:stockmoves","","",""
"component.components-ui.form-control.select.2","FormModal","onClose","app/(app)/leads/page.jsx","250","route:/leads","","","","","setModal"
"component.components-ui.form-control.select.2","FormModal","onSave","app/(app)/leads/page.jsx","250","route:/leads","GET /api/leads/workload | POST /api/data/leads","create:leads","","import:todayISO","setWorkloadError | setWorkloadLoading | setWorkloadPayload"
"component.components-ui.form-control.select.2","FormModal","onClose","app/(app)/leads/page.jsx","252","route:/leads","","","","","setModal"
"component.components-ui.form-control.select.2","FormModal","onSave","app/(app)/leads/page.jsx","252","route:/leads","GET /api/leads/workload | PUT /api/data/leads/[id]","update:leads","","","setWorkloadError | setWorkloadLoading | setWorkloadPayload"
"component.components-ui.form-control.select.2","FormModal","onClose","app/(app)/live/page.jsx","175","route:/live","","","","","setModal"
"component.components-ui.form-control.select.2","FormModal","onSave","app/(app)/live/page.jsx","175","route:/live","POST /api/data/livesessions | PUT /api/data/livesessions/[id]","create:livesessions | update:livesessions","","","setModal"
"component.components-ui.form-control.select.2","FormModal","onClose","app/(app)/live/page.jsx","183","route:/live","","","","","setRecon"
"component.components-ui.form-control.select.2","FormModal","onSave","app/(app)/live/page.jsx","183","route:/live","GET /api/data/livesessions | POST /api/livesessions/*/reconcile","read:livesessions","","","setRecon"
"component.components-ui.form-control.select.2","FormModal","onClose","app/(app)/okr/page.jsx","80","route:/okr","","","","","setModal"
"component.components-ui.form-control.select.2","FormModal","onSave","app/(app)/okr/page.jsx","80","route:/okr","POST /api/data/okrs","create:okrs","","",""
"component.components-ui.form-control.select.2","FormModal","onClose","app/(app)/okr/page.jsx","82","route:/okr","","","","","setModal"
"component.components-ui.form-control.select.2","FormModal","onSave","app/(app)/okr/page.jsx","82","route:/okr","PUT /api/data/okrs/[id]","update:okrs","","",""
"component.components-ui.form-control.select.2","FormModal","onClose","app/(app)/projects/[id]/page.jsx","260","route:/projects/[id]","","","","","setModal"
"component.components-ui.form-control.select.2","FormModal","onSave","app/(app)/projects/[id]/page.jsx","260","route:/projects/[id]","GET /api/projects/*/execution-health | POST /api/data/phases","create:phases","","","setData | setHealthError | setLoadingHealth"
"component.components-ui.form-control.select.2","FormModal","onClose","app/(app)/projects/page.jsx","123","route:/projects","","","","","setModal"
"component.components-ui.form-control.select.2","FormModal","onSave","app/(app)/projects/page.jsx","123","route:/projects","GET /api/projects/stats | POST /api/data/milestones | POST /api/data/phases | POST /api/data/projects | POST /api/data/tasks","create:milestones | create:phases | create:projects | create:tasks","","import:todayISO","ms | order | phases | setCanMoney | setStats"
"component.components-ui.form-control.select.2","FormModal","onClose","app/(app)/projects/page.jsx","134","route:/projects","","","","","setModal"
"component.components-ui.form-control.select.2","FormModal","onSave","app/(app)/projects/page.jsx","134","route:/projects","GET /api/projects/stats | PUT /api/data/projects/[id]","update:projects","","","setCanMoney | setStats"
"component.components-ui.form-control.select.2","FormModal","onClose","app/(app)/recruitment/page.jsx","113","route:/recruitment","","","","","setModal"
"component.components-ui.form-control.select.2","FormModal","onSave","app/(app)/recruitment/page.jsx","113","route:/recruitment","POST /api/data/candidates","create:candidates","","import:todayISO",""
"component.components-ui.form-control.select.2","FormModal","onClose","app/(app)/recruitment/page.jsx","115","route:/recruitment","","","","","setModal"
"component.components-ui.form-control.select.2","FormModal","onSave","app/(app)/recruitment/page.jsx","115","route:/recruitment","PUT /api/data/candidates/[id]","update:candidates","","",""
"component.components-ui.form-control.select.2","FormModal","onClose","app/(app)/services/page.jsx","96","route:/services","","","","","setModal"
"component.components-ui.form-control.select.2","FormModal","onSave","app/(app)/services/page.jsx","96","route:/services","POST /api/data/services","create:services","","",""
"component.components-ui.form-control.select.2","FormModal","onClose","app/(app)/services/page.jsx","98","route:/services","","","","","setModal"
"component.components-ui.form-control.select.2","FormModal","onSave","app/(app)/services/page.jsx","98","route:/services","PUT /api/data/services/[id]","update:services","","",""
"component.components-ui.form-control.select.2","FormModal","onClose","app/(app)/shipments/page.jsx","176","route:/shipments","","","","","setModal"
"component.components-ui.form-control.select.2","FormModal","onSave","app/(app)/shipments/page.jsx","176","route:/shipments","GET /api/data/shipmentdocs | POST /api/data/shipmentdocs | POST /api/data/shipments | PUT /api/data/shipments/[id]","create:shipmentdocs | create:shipments | read:shipmentdocs | update:shipments","","import:incotermValid | import:marketBlocked | import:presentationDeadline | import:requiredDocs",""
"component.components-ui.form-control.select.2","FormModal","onClose","app/(app)/shipments/page.jsx","187","route:/shipments","","","","","setModal"
"component.components-ui.form-control.select.2","FormModal","onSave","app/(app)/shipments/page.jsx","187","route:/shipments","GET /api/data/shipments | POST /api/shipments/*/pay","read:shipments","","",""
"component.components-ui.form-control.select.2","FormModal","onClose","app/(app)/staff/page.jsx","220","route:/staff","","","","","setModal"
"component.components-ui.form-control.select.2","FormModal","onSave","app/(app)/staff/page.jsx","220","route:/staff","POST /api/data/leaves","create:leaves","","",""
"component.components-ui.form-control.select.2","FormModal","onClose","app/(app)/staff/page.jsx","229","route:/staff","","","","","setModal"
"component.components-ui.form-control.select.2","FormModal","onSave","app/(app)/staff/page.jsx","229","route:/staff","POST /api/data/teams | PUT /api/data/teams/[id]","create:teams | update:teams","","",""
"component.components-ui.form-control.select.2","FormModal","onClose","app/(app)/tasks/page.jsx","399","route:/tasks","","","","","setModal"
"component.components-ui.form-control.select.2","FormModal","onSave","app/(app)/tasks/page.jsx","399","route:/tasks","POST /api/data/tasks","create:tasks","","",""
"component.components-ui.form-control.select.2","FormModal","onClose","app/(app)/tasks/page.jsx","403","route:/tasks","","","","","setModal"
"component.components-ui.form-control.select.2","FormModal","onSave","app/(app)/tasks/page.jsx","403","route:/tasks","POST /api/data/tasks","create:tasks","","",""
"component.components-ui.form-control.select.2","FormModal","onClose","app/(app)/tickets/page.jsx","150","route:/tickets","","","","","setModal"
"component.components-ui.form-control.select.2","FormModal","onSave","app/(app)/tickets/page.jsx","150","route:/tickets","POST /api/data/tickets","create:tickets","","","out.code | out.dueAt | out.resolvedAt"
"component.components-ui.form-control.select.2","FormModal","onClose","app/(app)/tickets/page.jsx","152","route:/tickets","","","","","setModal"
"component.components-ui.form-control.select.2","FormModal","onSave","app/(app)/tickets/page.jsx","152","route:/tickets","PUT /api/data/tickets/[id]","update:tickets","","","out.code | out.dueAt | out.resolvedAt"
"component.components-ui.form-control.select.2","FormModal","onClose","app/(app)/timesheet/page.jsx","88","route:/timesheet","","","","","setModal"
"component.components-ui.form-control.select.2","FormModal","onSave","app/(app)/timesheet/page.jsx","88","route:/timesheet","POST /api/data/timelogs","create:timelogs","","",""
"component.components-ui.form-control.select.2","FormModal","onClose","app/(app)/timesheet/page.jsx","90","route:/timesheet","","","","","setModal"
"component.components-ui.form-control.select.2","FormModal","onSave","app/(app)/timesheet/page.jsx","90","route:/timesheet","PUT /api/data/timelogs/[id]","update:timelogs","","",""
"component.components-ui.form-control.select.2","FormModal","onClose","app/(app)/vendors/page.jsx","198","route:/vendors","","","","","setModal"
"component.components-ui.form-control.select.2","FormModal","onSave","app/(app)/vendors/page.jsx","198","route:/vendors","POST /api/data/vendors","create:vendors","","",""
"component.components-ui.form-control.select.2","FormModal","onClose","app/(app)/vendors/page.jsx","200","route:/vendors","","","","","setModal"
"component.components-ui.form-control.select.2","FormModal","onSave","app/(app)/vendors/page.jsx","200","route:/vendors","PUT /api/data/vendors/[id]","update:vendors","","",""
"component.components-ui.form-control.select.2","FormModal","onClose","app/(app)/vendors/page.jsx","204","route:/vendors","","","","","setModal"
"component.components-ui.form-control.select.2","FormModal","onSave","app/(app)/vendors/page.jsx","204","route:/vendors","POST /api/data/vendorbills","create:vendorbills","","",""
"component.components-ui.form-control.select.2","FormModal","onClose","app/(app)/vendors/page.jsx","206","route:/vendors","","","","","setModal"
"component.components-ui.form-control.select.2","FormModal","onSave","app/(app)/vendors/page.jsx","206","route:/vendors","PUT /api/data/vendorbills/[id]","update:vendorbills","","",""
"component.components-ui.form-control.select.2","FormModal","onClose","app/(app)/violations/page.jsx","71","route:/violations","","","","","setModal"
"component.components-ui.form-control.select.2","FormModal","onSave","app/(app)/violations/page.jsx","71","route:/violations","POST /api/data/violations | PUT /api/data/violations/[id]","create:violations | update:violations","","import:plus180","setModal"
"component.components-ui.form-control.textarea","FormModal","onClose","app/(app)/analytics/page.jsx","176","route:/analytics","","","","","setModal"
"component.components-ui.form-control.textarea","FormModal","onSave","app/(app)/analytics/page.jsx","176","route:/analytics","POST /api/data/nps","create:nps","","",""
"component.components-ui.form-control.textarea","FormModal","onClose","app/(app)/assets/page.jsx","76","route:/assets","","","","","setModal"
"component.components-ui.form-control.textarea","FormModal","onSave","app/(app)/assets/page.jsx","76","route:/assets","POST /api/data/assets","create:assets","","",""
"component.components-ui.form-control.textarea","FormModal","onClose","app/(app)/assets/page.jsx","78","route:/assets","","","","","setModal"
"component.components-ui.form-control.textarea","FormModal","onSave","app/(app)/assets/page.jsx","78","route:/assets","PUT /api/data/assets/[id]","update:assets","","",""
"component.components-ui.form-control.textarea","FormModal","onClose","app/(app)/clients/[id]/page.jsx","151","route:/clients/[id]","","","","","setModal"
"component.components-ui.form-control.textarea","FormModal","onSave","app/(app)/clients/[id]/page.jsx","151","route:/clients/[id]","POST /api/data/contacts | PUT /api/data/contacts/[id]","create:contacts | update:contacts","","",""
"component.components-ui.form-control.textarea","FormModal","onClose","app/(app)/clients/page.jsx","76","route:/clients","","","","","setModal"
"component.components-ui.form-control.textarea","FormModal","onSave","app/(app)/clients/page.jsx","76","route:/clients","POST /api/data/clients","create:clients","","",""
"component.components-ui.form-control.textarea","FormModal","onClose","app/(app)/clients/page.jsx","78","route:/clients","","","","","setModal"
"component.components-ui.form-control.textarea","FormModal","onSave","app/(app)/clients/page.jsx","78","route:/clients","PUT /api/data/clients/[id]","update:clients","","",""
"component.components-ui.form-control.textarea","FormModal","onClose","app/(app)/contracts/page.jsx","113","route:/contracts","","","","","setModal"
"component.components-ui.form-control.textarea","FormModal","onSave","app/(app)/contracts/page.jsx","113","route:/contracts","POST /api/data/contracts","create:contracts","","",""
"component.components-ui.form-control.textarea","FormModal","onClose","app/(app)/contracts/page.jsx","115","route:/contracts","","","","","setModal"
"component.components-ui.form-control.textarea","FormModal","onSave","app/(app)/contracts/page.jsx","115","route:/contracts","PUT /api/data/contracts/[id]","update:contracts","","",""
"component.components-ui.form-control.textarea","FormModal","onClose","app/(app)/finance/page.jsx","128","route:/finance","","","","","setModal"
"component.components-ui.form-control.textarea","FormModal","onSave","app/(app)/finance/page.jsx","128","route:/finance","POST /api/data/transactions","create:transactions","","",""
"component.components-ui.form-control.textarea","FormModal","onClose","app/(app)/finance/page.jsx","133","route:/finance","","","","","setModal"
"component.components-ui.form-control.textarea","FormModal","onSave","app/(app)/finance/page.jsx","133","route:/finance","PUT /api/data/transactions/[id]","update:transactions","","",""
"component.components-ui.form-control.textarea","FormModal","onClose","app/(app)/finplan/page.jsx","207","route:/finplan","","","","","setModal"
"component.components-ui.form-control.textarea","FormModal","onSave","app/(app)/finplan/page.jsx","207","route:/finplan","POST /api/data/budgets","create:budgets","","",""
"component.components-ui.form-control.textarea","FormModal","onClose","app/(app)/finplan/page.jsx","214","route:/finplan","","","","","setModal"
"component.components-ui.form-control.textarea","FormModal","onSave","app/(app)/finplan/page.jsx","214","route:/finplan","POST /api/data/recurringexpenses","create:recurringexpenses","","",""
"component.components-ui.form-control.textarea","FormModal","onClose","app/(app)/gantt/page.jsx","169","route:/gantt","","","","","setModal"
"component.components-ui.form-control.textarea","FormModal","onSave","app/(app)/gantt/page.jsx","169","route:/gantt","POST /api/data/milestones | PUT /api/data/milestones/[id]","create:milestones | update:milestones","","",""
"component.components-ui.form-control.textarea","FormModal","onClose","app/(app)/growing/page.jsx","91","route:/growing","","","","","setModal"
"component.components-ui.form-control.textarea","FormModal","onSave","app/(app)/growing/page.jsx","91","route:/growing","POST /api/data/growingareas | PUT /api/data/growingareas/[id]","create:growingareas | update:growingareas","","","setModal"
"component.components-ui.form-control.textarea","FormModal","onClose","app/(app)/growing/page.jsx","103","route:/growing","","","","","setModal"
"component.components-ui.form-control.textarea","FormModal","onSave","app/(app)/growing/page.jsx","103","route:/growing","POST /api/data/areacodes","create:areacodes","","","setModal"
"component.components-ui.form-control.textarea","FormModal","onClose","app/(app)/inventory/page.jsx","126","route:/inventory","","","","","setModal"
"component.components-ui.form-control.textarea","FormModal","onSave","app/(app)/inventory/page.jsx","126","route:/inventory","POST /api/data/stocklots | PUT /api/data/stocklots/[id]","create:stocklots | update:stocklots","","",""
"component.components-ui.form-control.textarea","FormModal","onClose","app/(app)/inventory/page.jsx","129","route:/inventory","","","","","setModal"
"component.components-ui.form-control.textarea","FormModal","onSave","app/(app)/inventory/page.jsx","129","route:/inventory","GET /api/data/stocklots | GET /api/data/stockmoves | POST /api/stocklots/*/issue","read:stocklots | read:stockmoves","","",""
"component.components-ui.form-control.textarea","FormModal","onClose","app/(app)/leads/page.jsx","250","route:/leads","","","","","setModal"
"component.components-ui.form-control.textarea","FormModal","onSave","app/(app)/leads/page.jsx","250","route:/leads","GET /api/leads/workload | POST /api/data/leads","create:leads","","import:todayISO","setWorkloadError | setWorkloadLoading | setWorkloadPayload"
"component.components-ui.form-control.textarea","FormModal","onClose","app/(app)/leads/page.jsx","252","route:/leads","","","","","setModal"
"component.components-ui.form-control.textarea","FormModal","onSave","app/(app)/leads/page.jsx","252","route:/leads","GET /api/leads/workload | PUT /api/data/leads/[id]","update:leads","","","setWorkloadError | setWorkloadLoading | setWorkloadPayload"
"component.components-ui.form-control.textarea","FormModal","onClose","app/(app)/live/page.jsx","175","route:/live","","","","","setModal"
"component.components-ui.form-control.textarea","FormModal","onSave","app/(app)/live/page.jsx","175","route:/live","POST /api/data/livesessions | PUT /api/data/livesessions/[id]","create:livesessions | update:livesessions","","","setModal"
"component.components-ui.form-control.textarea","FormModal","onClose","app/(app)/live/page.jsx","183","route:/live","","","","","setRecon"
"component.components-ui.form-control.textarea","FormModal","onSave","app/(app)/live/page.jsx","183","route:/live","GET /api/data/livesessions | POST /api/livesessions/*/reconcile","read:livesessions","","","setRecon"
"component.components-ui.form-control.textarea","FormModal","onClose","app/(app)/okr/page.jsx","80","route:/okr","","","","","setModal"
"component.components-ui.form-control.textarea","FormModal","onSave","app/(app)/okr/page.jsx","80","route:/okr","POST /api/data/okrs","create:okrs","","",""
"component.components-ui.form-control.textarea","FormModal","onClose","app/(app)/okr/page.jsx","82","route:/okr","","","","","setModal"
"component.components-ui.form-control.textarea","FormModal","onSave","app/(app)/okr/page.jsx","82","route:/okr","PUT /api/data/okrs/[id]","update:okrs","","",""
"component.components-ui.form-control.textarea","FormModal","onClose","app/(app)/projects/[id]/page.jsx","260","route:/projects/[id]","","","","","setModal"
"component.components-ui.form-control.textarea","FormModal","onSave","app/(app)/projects/[id]/page.jsx","260","route:/projects/[id]","GET /api/projects/*/execution-health | POST /api/data/phases","create:phases","","","setData | setHealthError | setLoadingHealth"
"component.components-ui.form-control.textarea","FormModal","onClose","app/(app)/projects/page.jsx","123","route:/projects","","","","","setModal"
"component.components-ui.form-control.textarea","FormModal","onSave","app/(app)/projects/page.jsx","123","route:/projects","GET /api/projects/stats | POST /api/data/milestones | POST /api/data/phases | POST /api/data/projects | POST /api/data/tasks","create:milestones | create:phases | create:projects | create:tasks","","import:todayISO","ms | order | phases | setCanMoney | setStats"
"component.components-ui.form-control.textarea","FormModal","onClose","app/(app)/projects/page.jsx","134","route:/projects","","","","","setModal"
"component.components-ui.form-control.textarea","FormModal","onSave","app/(app)/projects/page.jsx","134","route:/projects","GET /api/projects/stats | PUT /api/data/projects/[id]","update:projects","","","setCanMoney | setStats"
"component.components-ui.form-control.textarea","FormModal","onClose","app/(app)/recruitment/page.jsx","113","route:/recruitment","","","","","setModal"
"component.components-ui.form-control.textarea","FormModal","onSave","app/(app)/recruitment/page.jsx","113","route:/recruitment","POST /api/data/candidates","create:candidates","","import:todayISO",""
"component.components-ui.form-control.textarea","FormModal","onClose","app/(app)/recruitment/page.jsx","115","route:/recruitment","","","","","setModal"
"component.components-ui.form-control.textarea","FormModal","onSave","app/(app)/recruitment/page.jsx","115","route:/recruitment","PUT /api/data/candidates/[id]","update:candidates","","",""
"component.components-ui.form-control.textarea","FormModal","onClose","app/(app)/services/page.jsx","96","route:/services","","","","","setModal"
"component.components-ui.form-control.textarea","FormModal","onSave","app/(app)/services/page.jsx","96","route:/services","POST /api/data/services","create:services","","",""
"component.components-ui.form-control.textarea","FormModal","onClose","app/(app)/services/page.jsx","98","route:/services","","","","","setModal"
"component.components-ui.form-control.textarea","FormModal","onSave","app/(app)/services/page.jsx","98","route:/services","PUT /api/data/services/[id]","update:services","","",""
"component.components-ui.form-control.textarea","FormModal","onClose","app/(app)/shipments/page.jsx","176","route:/shipments","","","","","setModal"
"component.components-ui.form-control.textarea","FormModal","onSave","app/(app)/shipments/page.jsx","176","route:/shipments","GET /api/data/shipmentdocs | POST /api/data/shipmentdocs | POST /api/data/shipments | PUT /api/data/shipments/[id]","create:shipmentdocs | create:shipments | read:shipmentdocs | update:shipments","","import:incotermValid | import:marketBlocked | import:presentationDeadline | import:requiredDocs",""
"component.components-ui.form-control.textarea","FormModal","onClose","app/(app)/shipments/page.jsx","187","route:/shipments","","","","","setModal"
"component.components-ui.form-control.textarea","FormModal","onSave","app/(app)/shipments/page.jsx","187","route:/shipments","GET /api/data/shipments | POST /api/shipments/*/pay","read:shipments","","",""
"component.components-ui.form-control.textarea","FormModal","onClose","app/(app)/staff/page.jsx","220","route:/staff","","","","","setModal"
"component.components-ui.form-control.textarea","FormModal","onSave","app/(app)/staff/page.jsx","220","route:/staff","POST /api/data/leaves","create:leaves","","",""
"component.components-ui.form-control.textarea","FormModal","onClose","app/(app)/staff/page.jsx","229","route:/staff","","","","","setModal"
"component.components-ui.form-control.textarea","FormModal","onSave","app/(app)/staff/page.jsx","229","route:/staff","POST /api/data/teams | PUT /api/data/teams/[id]","create:teams | update:teams","","",""
"component.components-ui.form-control.textarea","FormModal","onClose","app/(app)/tasks/page.jsx","399","route:/tasks","","","","","setModal"
"component.components-ui.form-control.textarea","FormModal","onSave","app/(app)/tasks/page.jsx","399","route:/tasks","POST /api/data/tasks","create:tasks","","",""
"component.components-ui.form-control.textarea","FormModal","onClose","app/(app)/tasks/page.jsx","403","route:/tasks","","","","","setModal"
"component.components-ui.form-control.textarea","FormModal","onSave","app/(app)/tasks/page.jsx","403","route:/tasks","POST /api/data/tasks","create:tasks","","",""
"component.components-ui.form-control.textarea","FormModal","onClose","app/(app)/tickets/page.jsx","150","route:/tickets","","","","","setModal"
"component.components-ui.form-control.textarea","FormModal","onSave","app/(app)/tickets/page.jsx","150","route:/tickets","POST /api/data/tickets","create:tickets","","","out.code | out.dueAt | out.resolvedAt"
"component.components-ui.form-control.textarea","FormModal","onClose","app/(app)/tickets/page.jsx","152","route:/tickets","","","","","setModal"
"component.components-ui.form-control.textarea","FormModal","onSave","app/(app)/tickets/page.jsx","152","route:/tickets","PUT /api/data/tickets/[id]","update:tickets","","","out.code | out.dueAt | out.resolvedAt"
"component.components-ui.form-control.textarea","FormModal","onClose","app/(app)/timesheet/page.jsx","88","route:/timesheet","","","","","setModal"
"component.components-ui.form-control.textarea","FormModal","onSave","app/(app)/timesheet/page.jsx","88","route:/timesheet","POST /api/data/timelogs","create:timelogs","","",""
"component.components-ui.form-control.textarea","FormModal","onClose","app/(app)/timesheet/page.jsx","90","route:/timesheet","","","","","setModal"
"component.components-ui.form-control.textarea","FormModal","onSave","app/(app)/timesheet/page.jsx","90","route:/timesheet","PUT /api/data/timelogs/[id]","update:timelogs","","",""
"component.components-ui.form-control.textarea","FormModal","onClose","app/(app)/vendors/page.jsx","198","route:/vendors","","","","","setModal"
"component.components-ui.form-control.textarea","FormModal","onSave","app/(app)/vendors/page.jsx","198","route:/vendors","POST /api/data/vendors","create:vendors","","",""
"component.components-ui.form-control.textarea","FormModal","onClose","app/(app)/vendors/page.jsx","200","route:/vendors","","","","","setModal"
"component.components-ui.form-control.textarea","FormModal","onSave","app/(app)/vendors/page.jsx","200","route:/vendors","PUT /api/data/vendors/[id]","update:vendors","","",""
"component.components-ui.form-control.textarea","FormModal","onClose","app/(app)/vendors/page.jsx","204","route:/vendors","","","","","setModal"
"component.components-ui.form-control.textarea","FormModal","onSave","app/(app)/vendors/page.jsx","204","route:/vendors","POST /api/data/vendorbills","create:vendorbills","","",""
"component.components-ui.form-control.textarea","FormModal","onClose","app/(app)/vendors/page.jsx","206","route:/vendors","","","","","setModal"
"component.components-ui.form-control.textarea","FormModal","onSave","app/(app)/vendors/page.jsx","206","route:/vendors","PUT /api/data/vendorbills/[id]","update:vendorbills","","",""
"component.components-ui.form-control.textarea","FormModal","onClose","app/(app)/violations/page.jsx","71","route:/violations","","","","","setModal"
"component.components-ui.form-control.textarea","FormModal","onSave","app/(app)/violations/page.jsx","71","route:/violations","POST /api/data/violations | PUT /api/data/violations/[id]","create:violations | update:violations","","import:plus180","setModal"
"component.components-ui.form-control.input","FormModal","onClose","app/(app)/analytics/page.jsx","176","route:/analytics","","","","","setModal"
"component.components-ui.form-control.input","FormModal","onSave","app/(app)/analytics/page.jsx","176","route:/analytics","POST /api/data/nps","create:nps","","",""
"component.components-ui.form-control.input","FormModal","onClose","app/(app)/assets/page.jsx","76","route:/assets","","","","","setModal"
"component.components-ui.form-control.input","FormModal","onSave","app/(app)/assets/page.jsx","76","route:/assets","POST /api/data/assets","create:assets","","",""
"component.components-ui.form-control.input","FormModal","onClose","app/(app)/assets/page.jsx","78","route:/assets","","","","","setModal"
"component.components-ui.form-control.input","FormModal","onSave","app/(app)/assets/page.jsx","78","route:/assets","PUT /api/data/assets/[id]","update:assets","","",""
"component.components-ui.form-control.input","FormModal","onClose","app/(app)/clients/[id]/page.jsx","151","route:/clients/[id]","","","","","setModal"
"component.components-ui.form-control.input","FormModal","onSave","app/(app)/clients/[id]/page.jsx","151","route:/clients/[id]","POST /api/data/contacts | PUT /api/data/contacts/[id]","create:contacts | update:contacts","","",""
"component.components-ui.form-control.input","FormModal","onClose","app/(app)/clients/page.jsx","76","route:/clients","","","","","setModal"
"component.components-ui.form-control.input","FormModal","onSave","app/(app)/clients/page.jsx","76","route:/clients","POST /api/data/clients","create:clients","","",""
"component.components-ui.form-control.input","FormModal","onClose","app/(app)/clients/page.jsx","78","route:/clients","","","","","setModal"
"component.components-ui.form-control.input","FormModal","onSave","app/(app)/clients/page.jsx","78","route:/clients","PUT /api/data/clients/[id]","update:clients","","",""
"component.components-ui.form-control.input","FormModal","onClose","app/(app)/contracts/page.jsx","113","route:/contracts","","","","","setModal"
"component.components-ui.form-control.input","FormModal","onSave","app/(app)/contracts/page.jsx","113","route:/contracts","POST /api/data/contracts","create:contracts","","",""
"component.components-ui.form-control.input","FormModal","onClose","app/(app)/contracts/page.jsx","115","route:/contracts","","","","","setModal"
"component.components-ui.form-control.input","FormModal","onSave","app/(app)/contracts/page.jsx","115","route:/contracts","PUT /api/data/contracts/[id]","update:contracts","","",""
"component.components-ui.form-control.input","FormModal","onClose","app/(app)/finance/page.jsx","128","route:/finance","","","","","setModal"
"component.components-ui.form-control.input","FormModal","onSave","app/(app)/finance/page.jsx","128","route:/finance","POST /api/data/transactions","create:transactions","","",""
"component.components-ui.form-control.input","FormModal","onClose","app/(app)/finance/page.jsx","133","route:/finance","","","","","setModal"
"component.components-ui.form-control.input","FormModal","onSave","app/(app)/finance/page.jsx","133","route:/finance","PUT /api/data/transactions/[id]","update:transactions","","",""
"component.components-ui.form-control.input","FormModal","onClose","app/(app)/finplan/page.jsx","207","route:/finplan","","","","","setModal"
"component.components-ui.form-control.input","FormModal","onSave","app/(app)/finplan/page.jsx","207","route:/finplan","POST /api/data/budgets","create:budgets","","",""
"component.components-ui.form-control.input","FormModal","onClose","app/(app)/finplan/page.jsx","214","route:/finplan","","","","","setModal"
"component.components-ui.form-control.input","FormModal","onSave","app/(app)/finplan/page.jsx","214","route:/finplan","POST /api/data/recurringexpenses","create:recurringexpenses","","",""
"component.components-ui.form-control.input","FormModal","onClose","app/(app)/gantt/page.jsx","169","route:/gantt","","","","","setModal"
"component.components-ui.form-control.input","FormModal","onSave","app/(app)/gantt/page.jsx","169","route:/gantt","POST /api/data/milestones | PUT /api/data/milestones/[id]","create:milestones | update:milestones","","",""
"component.components-ui.form-control.input","FormModal","onClose","app/(app)/growing/page.jsx","91","route:/growing","","","","","setModal"
"component.components-ui.form-control.input","FormModal","onSave","app/(app)/growing/page.jsx","91","route:/growing","POST /api/data/growingareas | PUT /api/data/growingareas/[id]","create:growingareas | update:growingareas","","","setModal"
"component.components-ui.form-control.input","FormModal","onClose","app/(app)/growing/page.jsx","103","route:/growing","","","","","setModal"
"component.components-ui.form-control.input","FormModal","onSave","app/(app)/growing/page.jsx","103","route:/growing","POST /api/data/areacodes","create:areacodes","","","setModal"
"component.components-ui.form-control.input","FormModal","onClose","app/(app)/inventory/page.jsx","126","route:/inventory","","","","","setModal"
"component.components-ui.form-control.input","FormModal","onSave","app/(app)/inventory/page.jsx","126","route:/inventory","POST /api/data/stocklots | PUT /api/data/stocklots/[id]","create:stocklots | update:stocklots","","",""
"component.components-ui.form-control.input","FormModal","onClose","app/(app)/inventory/page.jsx","129","route:/inventory","","","","","setModal"
"component.components-ui.form-control.input","FormModal","onSave","app/(app)/inventory/page.jsx","129","route:/inventory","GET /api/data/stocklots | GET /api/data/stockmoves | POST /api/stocklots/*/issue","read:stocklots | read:stockmoves","","",""
"component.components-ui.form-control.input","FormModal","onClose","app/(app)/leads/page.jsx","250","route:/leads","","","","","setModal"
"component.components-ui.form-control.input","FormModal","onSave","app/(app)/leads/page.jsx","250","route:/leads","GET /api/leads/workload | POST /api/data/leads","create:leads","","import:todayISO","setWorkloadError | setWorkloadLoading | setWorkloadPayload"
"component.components-ui.form-control.input","FormModal","onClose","app/(app)/leads/page.jsx","252","route:/leads","","","","","setModal"
"component.components-ui.form-control.input","FormModal","onSave","app/(app)/leads/page.jsx","252","route:/leads","GET /api/leads/workload | PUT /api/data/leads/[id]","update:leads","","","setWorkloadError | setWorkloadLoading | setWorkloadPayload"
"component.components-ui.form-control.input","FormModal","onClose","app/(app)/live/page.jsx","175","route:/live","","","","","setModal"
"component.components-ui.form-control.input","FormModal","onSave","app/(app)/live/page.jsx","175","route:/live","POST /api/data/livesessions | PUT /api/data/livesessions/[id]","create:livesessions | update:livesessions","","","setModal"
"component.components-ui.form-control.input","FormModal","onClose","app/(app)/live/page.jsx","183","route:/live","","","","","setRecon"
"component.components-ui.form-control.input","FormModal","onSave","app/(app)/live/page.jsx","183","route:/live","GET /api/data/livesessions | POST /api/livesessions/*/reconcile","read:livesessions","","","setRecon"
"component.components-ui.form-control.input","FormModal","onClose","app/(app)/okr/page.jsx","80","route:/okr","","","","","setModal"
"component.components-ui.form-control.input","FormModal","onSave","app/(app)/okr/page.jsx","80","route:/okr","POST /api/data/okrs","create:okrs","","",""
"component.components-ui.form-control.input","FormModal","onClose","app/(app)/okr/page.jsx","82","route:/okr","","","","","setModal"
"component.components-ui.form-control.input","FormModal","onSave","app/(app)/okr/page.jsx","82","route:/okr","PUT /api/data/okrs/[id]","update:okrs","","",""
"component.components-ui.form-control.input","FormModal","onClose","app/(app)/projects/[id]/page.jsx","260","route:/projects/[id]","","","","","setModal"
"component.components-ui.form-control.input","FormModal","onSave","app/(app)/projects/[id]/page.jsx","260","route:/projects/[id]","GET /api/projects/*/execution-health | POST /api/data/phases","create:phases","","","setData | setHealthError | setLoadingHealth"
"component.components-ui.form-control.input","FormModal","onClose","app/(app)/projects/page.jsx","123","route:/projects","","","","","setModal"
"component.components-ui.form-control.input","FormModal","onSave","app/(app)/projects/page.jsx","123","route:/projects","GET /api/projects/stats | POST /api/data/milestones | POST /api/data/phases | POST /api/data/projects | POST /api/data/tasks","create:milestones | create:phases | create:projects | create:tasks","","import:todayISO","ms | order | phases | setCanMoney | setStats"
"component.components-ui.form-control.input","FormModal","onClose","app/(app)/projects/page.jsx","134","route:/projects","","","","","setModal"
"component.components-ui.form-control.input","FormModal","onSave","app/(app)/projects/page.jsx","134","route:/projects","GET /api/projects/stats | PUT /api/data/projects/[id]","update:projects","","","setCanMoney | setStats"
"component.components-ui.form-control.input","FormModal","onClose","app/(app)/recruitment/page.jsx","113","route:/recruitment","","","","","setModal"
"component.components-ui.form-control.input","FormModal","onSave","app/(app)/recruitment/page.jsx","113","route:/recruitment","POST /api/data/candidates","create:candidates","","import:todayISO",""
"component.components-ui.form-control.input","FormModal","onClose","app/(app)/recruitment/page.jsx","115","route:/recruitment","","","","","setModal"
"component.components-ui.form-control.input","FormModal","onSave","app/(app)/recruitment/page.jsx","115","route:/recruitment","PUT /api/data/candidates/[id]","update:candidates","","",""
"component.components-ui.form-control.input","FormModal","onClose","app/(app)/services/page.jsx","96","route:/services","","","","","setModal"
"component.components-ui.form-control.input","FormModal","onSave","app/(app)/services/page.jsx","96","route:/services","POST /api/data/services","create:services","","",""
"component.components-ui.form-control.input","FormModal","onClose","app/(app)/services/page.jsx","98","route:/services","","","","","setModal"
"component.components-ui.form-control.input","FormModal","onSave","app/(app)/services/page.jsx","98","route:/services","PUT /api/data/services/[id]","update:services","","",""
"component.components-ui.form-control.input","FormModal","onClose","app/(app)/shipments/page.jsx","176","route:/shipments","","","","","setModal"
"component.components-ui.form-control.input","FormModal","onSave","app/(app)/shipments/page.jsx","176","route:/shipments","GET /api/data/shipmentdocs | POST /api/data/shipmentdocs | POST /api/data/shipments | PUT /api/data/shipments/[id]","create:shipmentdocs | create:shipments | read:shipmentdocs | update:shipments","","import:incotermValid | import:marketBlocked | import:presentationDeadline | import:requiredDocs",""
"component.components-ui.form-control.input","FormModal","onClose","app/(app)/shipments/page.jsx","187","route:/shipments","","","","","setModal"
"component.components-ui.form-control.input","FormModal","onSave","app/(app)/shipments/page.jsx","187","route:/shipments","GET /api/data/shipments | POST /api/shipments/*/pay","read:shipments","","",""
"component.components-ui.form-control.input","FormModal","onClose","app/(app)/staff/page.jsx","220","route:/staff","","","","","setModal"
"component.components-ui.form-control.input","FormModal","onSave","app/(app)/staff/page.jsx","220","route:/staff","POST /api/data/leaves","create:leaves","","",""
"component.components-ui.form-control.input","FormModal","onClose","app/(app)/staff/page.jsx","229","route:/staff","","","","","setModal"
"component.components-ui.form-control.input","FormModal","onSave","app/(app)/staff/page.jsx","229","route:/staff","POST /api/data/teams | PUT /api/data/teams/[id]","create:teams | update:teams","","",""
"component.components-ui.form-control.input","FormModal","onClose","app/(app)/tasks/page.jsx","399","route:/tasks","","","","","setModal"
"component.components-ui.form-control.input","FormModal","onSave","app/(app)/tasks/page.jsx","399","route:/tasks","POST /api/data/tasks","create:tasks","","",""
"component.components-ui.form-control.input","FormModal","onClose","app/(app)/tasks/page.jsx","403","route:/tasks","","","","","setModal"
"component.components-ui.form-control.input","FormModal","onSave","app/(app)/tasks/page.jsx","403","route:/tasks","POST /api/data/tasks","create:tasks","","",""
"component.components-ui.form-control.input","FormModal","onClose","app/(app)/tickets/page.jsx","150","route:/tickets","","","","","setModal"
"component.components-ui.form-control.input","FormModal","onSave","app/(app)/tickets/page.jsx","150","route:/tickets","POST /api/data/tickets","create:tickets","","","out.code | out.dueAt | out.resolvedAt"
"component.components-ui.form-control.input","FormModal","onClose","app/(app)/tickets/page.jsx","152","route:/tickets","","","","","setModal"
"component.components-ui.form-control.input","FormModal","onSave","app/(app)/tickets/page.jsx","152","route:/tickets","PUT /api/data/tickets/[id]","update:tickets","","","out.code | out.dueAt | out.resolvedAt"
"component.components-ui.form-control.input","FormModal","onClose","app/(app)/timesheet/page.jsx","88","route:/timesheet","","","","","setModal"
"component.components-ui.form-control.input","FormModal","onSave","app/(app)/timesheet/page.jsx","88","route:/timesheet","POST /api/data/timelogs","create:timelogs","","",""
"component.components-ui.form-control.input","FormModal","onClose","app/(app)/timesheet/page.jsx","90","route:/timesheet","","","","","setModal"
"component.components-ui.form-control.input","FormModal","onSave","app/(app)/timesheet/page.jsx","90","route:/timesheet","PUT /api/data/timelogs/[id]","update:timelogs","","",""
"component.components-ui.form-control.input","FormModal","onClose","app/(app)/vendors/page.jsx","198","route:/vendors","","","","","setModal"
"component.components-ui.form-control.input","FormModal","onSave","app/(app)/vendors/page.jsx","198","route:/vendors","POST /api/data/vendors","create:vendors","","",""
"component.components-ui.form-control.input","FormModal","onClose","app/(app)/vendors/page.jsx","200","route:/vendors","","","","","setModal"
"component.components-ui.form-control.input","FormModal","onSave","app/(app)/vendors/page.jsx","200","route:/vendors","PUT /api/data/vendors/[id]","update:vendors","","",""
"component.components-ui.form-control.input","FormModal","onClose","app/(app)/vendors/page.jsx","204","route:/vendors","","","","","setModal"
"component.components-ui.form-control.input","FormModal","onSave","app/(app)/vendors/page.jsx","204","route:/vendors","POST /api/data/vendorbills","create:vendorbills","","",""
"component.components-ui.form-control.input","FormModal","onClose","app/(app)/vendors/page.jsx","206","route:/vendors","","","","","setModal"
"component.components-ui.form-control.input","FormModal","onSave","app/(app)/vendors/page.jsx","206","route:/vendors","PUT /api/data/vendorbills/[id]","update:vendorbills","","",""
"component.components-ui.form-control.input","FormModal","onClose","app/(app)/violations/page.jsx","71","route:/violations","","","","","setModal"
"component.components-ui.form-control.input","FormModal","onSave","app/(app)/violations/page.jsx","71","route:/violations","POST /api/data/violations | PUT /api/data/violations/[id]","create:violations | update:violations","","import:plus180","setModal"
