"elementId","source","line","column","surface","tag","kind","label","handlerEvent","handler","target","insideForm","disabledBinding","actionStatus","mappingStatus","businessFeature","resourceCandidates","apiCandidates","routeCandidates","uxRiskCandidates"
"route.analytics.action.ghi-phan-hoi","app/(app)/analytics/page.jsx","158","32","route.analytics","button","action","Ghi phản hồi","onClick","() => setModal({ mode: 'add' })","","false","","handler-candidate","unreviewed","","clients | csat | invoices | leads | nps | transactions","","",""
"route.analytics.action.setmodal-mode-del-row-r","app/(app)/analytics/page.jsx","168","36","route.analytics","button","action","","onClick","() => setModal({ mode: 'del', row: r })","","false","","handler-candidate","unreviewed","","clients | csat | invoices | leads | nps | transactions","","","unlabelled_button_candidate"
"route.approvals.action.ang-xu-ly-duyet","app/(app)/approvals/page.jsx","41","11","route.approvals","button","action","Đang xử lý… / Duyệt","onClick","() => onDecide(ap, 'approve')","","false","busy","handler-candidate","unreviewed","","","GET '/api/approvals' | POST `/api/approvals/${ap.id}/decide`","",""
"route.approvals.action.tu-choi","app/(app)/approvals/page.jsx","42","11","route.approvals","button","action","Từ chối","onClick","() => onDecide(ap, 'reject')","","false","busy","handler-candidate","unreviewed","","","GET '/api/approvals' | POST `/api/approvals/${ap.id}/decide`","",""
"route.assets.action.them-tai-san","app/(app)/assets/page.jsx","49","20","route.assets","button","action","Thêm tài sản","onClick","() => setModal({ mode: 'add' })","","false","","handler-candidate","unreviewed","","assets | users","","",""
"route.assets.action.sua","app/(app)/assets/page.jsx","66","21","route.assets","button","action","Sửa","onClick","() => setModal({ mode: 'edit', row: a })","","false","","handler-candidate","unreviewed","","assets | users","","",""
"route.assets.action.xoa","app/(app)/assets/page.jsx","67","21","route.assets","button","action","Xóa","onClick","() => setModal({ mode: 'del', row: a })","","false","","handler-candidate","unreviewed","","assets | users","","",""
"route.attendance.action.label","app/(app)/attendance/page.jsx","62","13","route.attendance","AsyncButton","action","{label}","onClick","() => clockIn(k)","","false","mutating","handler-candidate","unreviewed","","attendance | holidays | users","GET '/api/settings'","",""
"route.attendance.action.tan-ca","app/(app)/attendance/page.jsx","64","72","route.attendance","AsyncButton","action","🚪 Tan ca","onClick","clockOut","","false","mutating","handler-candidate","unreviewed","","attendance | holidays | users","GET '/api/settings'","",""
"route.attendance.form-control.select","app/(app)/attendance/page.jsx","73","9","route.attendance","select","form-control","","","","","false","","control-candidate","unreviewed","","attendance | holidays | users","GET '/api/settings'","","control_binding_unverified"
"route.attendance.action.ngay-le","app/(app)/attendance/page.jsx","78","18","route.attendance","button","action","Ngày lễ","onClick","() => setModal({ mode: 'holiday' })","","false","","handler-candidate","unreviewed","","attendance | holidays | users","GET '/api/settings'","",""
"route.attendance.action.ghi-ot","app/(app)/attendance/page.jsx","79","18","route.attendance","button","action","Ghi OT","onClick","() => setModal({ mode: 'ot' })","","false","","handler-candidate","unreviewed","","attendance | holidays | users","GET '/api/settings'","",""
"route.attendance.action.xoa","app/(app)/attendance/page.jsx","115","32","route.attendance","button","action","Xóa","onClick","() => setDel(r)","","false","","handler-candidate","unreviewed","","attendance | holidays | users","GET '/api/settings'","",""
"route.attendance.action.ong","app/(app)/attendance/page.jsx","144","62","route.attendance","button","action","Đóng","onClick","onClose","","false","","handler-candidate","unreviewed","","attendance | holidays | users","GET '/api/settings'","",""
"route.attendance.form-control.input","app/(app)/attendance/page.jsx","146","9","route.attendance","input","form-control","","","","","false","","control-candidate","unreviewed","","attendance | holidays | users","GET '/api/settings'","","control_binding_unverified"
"route.attendance.form-control.ten-ngay-le-vd-quoc-khanh","app/(app)/attendance/page.jsx","147","9","route.attendance","input","form-control","Tên ngày lễ (VD: Quốc khánh)","","","","false","","control-candidate","unreviewed","","attendance | holidays | users","GET '/api/settings'","","control_binding_unverified"
"route.attendance.action.them","app/(app)/attendance/page.jsx","148","9","route.attendance","AsyncButton","action","Thêm","onClick","async () => { if (!name.trim()) return; const r = await holidays.create({ date, name: name.trim() }); if (r) { toast('Đã thêm'); setName(''); } }","","false","holidays.mutating","handler-candidate","unreviewed","","attendance | holidays | users","GET '/api/settings'","",""
"route.attendance.action.setdeleting-h","app/(app)/attendance/page.jsx","153","11","route.attendance","button","action","","onClick","() => setDeleting(h)","","false","","handler-candidate","unreviewed","","attendance | holidays | users","GET '/api/settings'","",""
"route.attendance.action.huy","app/(app)/attendance/page.jsx","169","17","route.attendance","button","action","Hủy","onClick","onClose","","false","","handler-candidate","unreviewed","","attendance | holidays | users","GET '/api/settings'","",""
"route.attendance.action.luu-ot","app/(app)/attendance/page.jsx","170","9","route.attendance","AsyncButton","action","Lưu OT","onClick","async () => { if (!uid || !(+ot > 0)) return; const r = await onSave(uid, date, ot); if (r !== false && r !== null) onClose(); }","","false","","handler-candidate","unreviewed","","attendance | holidays | users","GET '/api/settings'","",""
"route.attendance.form-control.chon","app/(app)/attendance/page.jsx","173","11","route.attendance","select","form-control","— Chọn —","","","","false","","control-candidate","unreviewed","","attendance | holidays | users","GET '/api/settings'","","control_binding_unverified"
"route.attendance.form-control.input.2","app/(app)/attendance/page.jsx","177","51","route.attendance","input","form-control","","","","","false","","control-candidate","unreviewed","","attendance | holidays | users","GET '/api/settings'","","control_binding_unverified"
"route.attendance.form-control.input.3","app/(app)/attendance/page.jsx","178","56","route.attendance","input","form-control","","","","","false","","control-candidate","unreviewed","","attendance | holidays | users","GET '/api/settings'","","control_binding_unverified"
"route.audit.form-control.tim-theo-nguoi-oi-tuong","app/(app)/audit/page.jsx","37","69","route.audit","input","form-control","Tìm theo người, đối tượng…","","","","false","","control-candidate","unreviewed","","","GET '/api/audit'","","control_binding_unverified"
"route.automation.action.huy","app/(app)/automation/page.jsx","33","17","route.automation","button","action","Hủy","onClick","onClose","","false","","handler-candidate","unreviewed","","rules | users","","",""
"route.automation.action.luu","app/(app)/automation/page.jsx","34","9","route.automation","AsyncButton","action","Lưu","onClick","async () => { if (!f.name.trim()) return; const r = await onSave(f); if (r !== false && r !== null) onClose(); }","","false","","handler-candidate","unreviewed","","rules | users","","",""
"route.automation.form-control.vd-bao-tin-khi-thang-deal","app/(app)/automation/page.jsx","37","11","route.automation","input","form-control","VD: Báo tin khi thắng deal","","","","false","","control-candidate","unreviewed","","rules | users","","","control_binding_unverified"
"route.automation.form-control.select","app/(app)/automation/page.jsx","40","11","route.automation","select","form-control","","","","","false","","control-candidate","unreviewed","","rules | users","","","control_binding_unverified"
"route.automation.form-control.select.2","app/(app)/automation/page.jsx","43","11","route.automation","select","form-control","","","","","false","","control-candidate","unreviewed","","rules | users","","","control_binding_unverified"
"route.automation.form-control.truong","app/(app)/automation/page.jsx","51","15","route.automation","input","form-control","trường","","","","false","","control-candidate","unreviewed","","rules | users","","","control_binding_unverified"
"route.automation.form-control.select.3","app/(app)/automation/page.jsx","52","15","route.automation","select","form-control","","","","","false","","control-candidate","unreviewed","","rules | users","","","control_binding_unverified"
"route.automation.form-control.input","app/(app)/automation/page.jsx","53","15","route.automation","input","form-control","","","","","false","c.op === 'changed'","control-candidate","unreviewed","","rules | users","","","control_binding_unverified"
"route.automation.action.set-conditions-f-conditions-filter-j-j-i","app/(app)/automation/page.jsx","54","15","route.automation","button","action","","onClick","() => set('conditions', f.conditions.filter((_, j) => j !== i))","","false","","handler-candidate","unreviewed","","rules | users","","","unlabelled_button_candidate"
"route.automation.action.them-ieu-kien","app/(app)/automation/page.jsx","57","11","route.automation","button","action","Thêm điều kiện","onClick","() => set('conditions', [...f.conditions, { field: '', op: '=', value: '' }])","","false","","handler-candidate","unreviewed","","rules | users","","",""
"route.automation.form-control.select.4","app/(app)/automation/page.jsx","66","17","route.automation","select","form-control","","","","","false","","control-candidate","unreviewed","","rules | users","","","control_binding_unverified"
"route.automation.action.set-actions-f-actions-filter-j-j-i","app/(app)/automation/page.jsx","69","17","route.automation","button","action","","onClick","() => set('actions', f.actions.filter((_, j) => j !== i))","","false","","handler-candidate","unreviewed","","rules | users","","","unlabelled_button_candidate"
"route.automation.form-control.noi-dung-tin-nhan-vd-deal-name-tri-gia-value-vua-thang","app/(app)/automation/page.jsx","71","37","route.automation","input","form-control","Nội dung tin nhắn — VD: Deal {name} trị giá {value}đ vừa thắng! 🎉","","","","false","","control-candidate","unreviewed","","rules | users","","","control_binding_unverified"
"route.automation.form-control.ten-cong-viec-vd-lam-hop-ong-cho-name","app/(app)/automation/page.jsx","73","17","route.automation","input","form-control","Tên công việc — VD: Làm hợp đồng cho {name}","","","","false","","control-candidate","unreviewed","","rules | users","","","control_binding_unverified"
"route.automation.form-control.chua-gan-ai","app/(app)/automation/page.jsx","75","19","route.automation","select","form-control","— Chưa gán ai —","","","","false","","control-candidate","unreviewed","","rules | users","","","control_binding_unverified"
"route.automation.form-control.han-sau-ngay","app/(app)/automation/page.jsx","79","19","route.automation","input","form-control","Hạn sau ? ngày","","","","false","","control-candidate","unreviewed","","rules | users","","","control_binding_unverified"
"route.automation.form-control.https-url-nhan-post","app/(app)/automation/page.jsx","82","40","route.automation","input","form-control","https://… (URL nhận POST)","","","","false","","control-candidate","unreviewed","","rules | users","","","control_binding_unverified"
"route.automation.action.them-hanh-ong","app/(app)/automation/page.jsx","85","11","route.automation","button","action","Thêm hành động","onClick","() => set('actions', [...f.actions, { type: 'chat', template: '' }])","","false","","handler-candidate","unreviewed","","rules | users","","",""
"route.automation.action.tao-rule","app/(app)/automation/page.jsx","115","9","route.automation","button","action","Tạo rule","onClick","() => setModal({ mode: 'add' })","","false","","handler-candidate","unreviewed","","rules | users","","",""
"route.automation.action.khi-ieu-kien-hanh-ong-tat-bat","app/(app)/automation/page.jsx","120","13","route.automation","div","action","Khi / · / điều kiện · / hành động / Tắt / Bật","onClick","() => setModal({ mode: 'edit', row: r })","","false","","handler-candidate","unreviewed","","rules | users","","","clickable_non_semantic | keyboard_path_unverified"
"route.automation.action.tat-bat","app/(app)/automation/page.jsx","126","15","route.automation","AsyncButton","action","Tắt / Bật","onClick","async e => { e.stopPropagation(); await rules.update(r.id, { active: !r.active }); }","","false","rules.mutating","handler-candidate","unreviewed","","rules | users","","",""
"route.automation.action.e-e-stoppropagation-setmodal-mode-del-row-r","app/(app)/automation/page.jsx","127","15","route.automation","button","action","","onClick","e => { e.stopPropagation(); setModal({ mode: 'del', row: r }); }","","false","","handler-candidate","unreviewed","","rules | users","","","unlabelled_button_candidate"
"route.calendar.action.button","app/(app)/calendar/page.jsx","61","9","route.calendar","button","action","←","onClick","() => go(-1)","","false","","handler-candidate","unreviewed","","activities | contracts | invoices | leaves | projects | tasks | users","GET '/api/ics'","",""
"route.calendar.action.button.2","app/(app)/calendar/page.jsx","63","9","route.calendar","button","action","→","onClick","() => go(1)","","false","","handler-candidate","unreviewed","","activities | contracts | invoices | leaves | projects | tasks | users","GET '/api/ics'","",""
"route.calendar.action.hom-nay","app/(app)/calendar/page.jsx","64","9","route.calendar","button","action","Hôm nay","onClick","() => { setY(now.getFullYear()); setM(now.getMonth()); }","","false","","handler-candidate","unreviewed","","activities | contracts | invoices | leaves | projects | tasks | users","GET '/api/ics'","",""
"route.calendar.action.link-ics","app/(app)/calendar/page.jsx","65","9","route.calendar","button","action","📅 Link ICS","onClick","copyIcs","","false","","handler-candidate","unreviewed","","activities | contracts | invoices | leaves | projects | tasks | users","GET '/api/ics'","",""
"route.calendar.action.d","app/(app)/calendar/page.jsx","83","13","route.calendar","div","action","{d}","onClick","() => setDayModal({ d, evs })","","false","","handler-candidate","unreviewed","","activities | contracts | invoices | leaves | projects | tasks | users","GET '/api/ics'","","clickable_non_semantic | keyboard_path_unverified"
"route.clients-id.navigation.khach-hang","app/(app)/clients/[id]/page.jsx","79","9","route.clients-id","Link","navigation","← Khách hàng","","","/clients","false","","navigation-candidate","unreviewed","","activities | clients | contacts | csat | invoices | nps | projects | quotes | tickets","","",""
"route.clients-id.action.them","app/(app)/clients/[id]/page.jsx","103","47","route.clients-id","button","action","Thêm","onClick","() => setModal({ mode: 'add' })","","false","","handler-candidate","unreviewed","","activities | clients | contacts | csat | invoices | nps | projects | quotes | tickets","","",""
"route.clients-id.action.setmodal-mode-edit-row-ct","app/(app)/clients/[id]/page.jsx","114","19","route.clients-id","button","action","","onClick","() => setModal({ mode: 'edit', row: ct })","","false","","handler-candidate","unreviewed","","activities | clients | contacts | csat | invoices | nps | projects | quotes | tickets","","","unlabelled_button_candidate"
"route.clients-id.action.setmodal-mode-del-row-ct","app/(app)/clients/[id]/page.jsx","115","19","route.clients-id","button","action","","onClick","() => setModal({ mode: 'del', row: ct })","","false","","handler-candidate","unreviewed","","activities | clients | contacts | csat | invoices | nps | projects | quotes | tickets","","","unlabelled_button_candidate"
"route.clients.form-control.tim-khach-hang","app/(app)/clients/page.jsx","33","69","route.clients","input","form-control","Tìm khách hàng…","","","","false","","control-candidate","unreviewed","","clients","","","control_binding_unverified"
"route.clients.action.them-khach-hang","app/(app)/clients/page.jsx","39","20","route.clients","button","action","Thêm khách hàng","onClick","() => setModal({ mode: 'add' })","","false","","handler-candidate","unreviewed","","clients","","",""
"route.clients.navigation.clients-c-id","app/(app)/clients/page.jsx","47","21","route.clients","Link","navigation","`/clients/${c.id}`","","","`/clients/${c.id}`","false","","navigation-candidate","unreviewed","","clients","","",""
"route.clients.action.nhat-ky-lich-hen","app/(app)/clients/page.jsx","54","21","route.clients","button","action","Nhật ký & lịch hẹn","onClick","() => setModal({ mode: 'acts', row: c })","","false","","handler-candidate","unreviewed","","clients","","",""
"route.clients.action.sua","app/(app)/clients/page.jsx","56","21","route.clients","button","action","Sửa","onClick","() => setModal({ mode: 'edit', row: c })","","false","","handler-candidate","unreviewed","","clients","","",""
"route.clients.action.xoa","app/(app)/clients/page.jsx","57","21","route.clients","button","action","Xóa","onClick","() => setModal({ mode: 'del', row: c })","","false","","handler-candidate","unreviewed","","clients","","",""
"route.commissions.action.ghi-hoa-hong","app/(app)/commissions/page.jsx","112","13","route.commissions","button","action","Ghi hoa hồng","onClick","openAdd","","false","","handler-candidate","unreviewed","","commissions | invoices | users","GET '/api/settings'","",""
"route.commissions.action.a-tra","app/(app)/commissions/page.jsx","156","29","route.commissions","AsyncButton","action","Đã trả","onClick","() => markPaid(c)","","false","commissions.mutating","handler-candidate","unreviewed","","commissions | invoices | users","GET '/api/settings'","",""
"route.commissions.action.setmodal-mode-del-row-c","app/(app)/commissions/page.jsx","161","29","route.commissions","button","action","","onClick","() => setModal({ mode: 'del', row: c })","","false","","handler-candidate","unreviewed","","commissions | invoices | users","GET '/api/settings'","","unlabelled_button_candidate"
"route.commissions.action.huy","app/(app)/commissions/page.jsx","179","13","route.commissions","button","action","Hủy","onClick","() => setModal(null)","","false","","handler-candidate","unreviewed","","commissions | invoices | users","GET '/api/settings'","",""
"route.commissions.action.luu","app/(app)/commissions/page.jsx","180","13","route.commissions","AsyncButton","action","Lưu","onClick","saveCommission","","false","","handler-candidate","unreviewed","","commissions | invoices | users","GET '/api/settings'","",""
"route.commissions.form-control.chon-nguoi","app/(app)/commissions/page.jsx","185","15","route.commissions","select","form-control","Chọn người…","","","","false","","control-candidate","unreviewed","","commissions | invoices | users","GET '/api/settings'","","control_binding_unverified"
"route.commissions.form-control.chon-hoa-on-a-phat-hanh","app/(app)/commissions/page.jsx","192","15","route.commissions","select","form-control","Chọn hóa đơn đã phát hành…","","","","false","","control-candidate","unreviewed","","commissions | invoices | users","GET '/api/settings'","","control_binding_unverified"
"route.commissions.form-control.5","app/(app)/commissions/page.jsx","201","15","route.commissions","input","form-control","5","","","","false","","control-candidate","unreviewed","","commissions | invoices | users","GET '/api/settings'","","control_binding_unverified"
"route.commissions.form-control.input","app/(app)/commissions/page.jsx","208","15","route.commissions","input","form-control","","","","","false","","control-candidate","unreviewed","","commissions | invoices | users","GET '/api/settings'","","control_binding_unverified"
"route.commissions.form-control.hop-ong-q3-deal-ac-biet-thuong-kpi","app/(app)/commissions/page.jsx","214","15","route.commissions","textarea","form-control","Hợp đồng Q3, deal đặc biệt, thưởng KPI…","","","","false","","control-candidate","unreviewed","","commissions | invoices | users","GET '/api/settings'","","control_binding_unverified"
"route.contracts.form-control.tat-ca-loai","app/(app)/contracts/page.jsx","75","9","route.contracts","select","form-control","Tất cả loại","","","","false","","control-candidate","unreviewed","","contracts","GET '/api/settings'","","control_binding_unverified"
"route.contracts.action.them-hop-ong","app/(app)/contracts/page.jsx","80","9","route.contracts","button","action","Thêm hợp đồng","onClick","() => setModal({ mode: 'add' })","","false","","handler-candidate","unreviewed","","contracts","GET '/api/settings'","",""
"route.contracts.action.in-phieu-hop-ong-pdf-qua-hop-thoai-in","app/(app)/contracts/page.jsx","101","21","route.contracts","button","action","In phiếu hợp đồng (PDF qua hộp thoại in)","onClick","() => printContract(c)","","false","","handler-candidate","unreviewed","","contracts","GET '/api/settings'","",""
"route.contracts.action.button","app/(app)/contracts/page.jsx","102","21","route.contracts","button","action","📎","onClick","() => setModal({ mode: 'docs', row: c })","","false","","handler-candidate","unreviewed","","contracts","GET '/api/settings'","",""
"route.contracts.action.sua","app/(app)/contracts/page.jsx","103","21","route.contracts","button","action","Sửa","onClick","() => setModal({ mode: 'edit', row: c })","","false","","handler-candidate","unreviewed","","contracts","GET '/api/settings'","",""
"route.contracts.action.xoa","app/(app)/contracts/page.jsx","104","21","route.contracts","button","action","Xóa","onClick","() => setModal({ mode: 'del', row: c })","","false","","handler-candidate","unreviewed","","contracts","GET '/api/settings'","",""
"route.copilot.action.s","app/(app)/copilot/page.jsx","58","17","route.copilot","button","action","💬 / {s}","onClick","() => send(s)","","false","","handler-candidate","unreviewed","","","POST '/api/copilot'","",""
"route.copilot.form-submit.gui","app/(app)/copilot/page.jsx","75","7","route.copilot","form","form-submit","Gửi","onSubmit","e => { e.preventDefault(); send(); }","","false","busy || undefined","handler-candidate","unreviewed","","","POST '/api/copilot'","",""
"route.copilot.form-control.hoi-ve-doanh-thu-khach-hang-du-an-hoac-nho-viet-email-proposal","app/(app)/copilot/page.jsx","77","9","route.copilot","input","form-control","Hỏi về doanh thu, khách hàng, dự án… hoặc nhờ viết email/proposal","","","","true","","form-submit-candidate","unreviewed","","","POST '/api/copilot'","","control_binding_unverified"
"route.copilot.action.gui","app/(app)/copilot/page.jsx","79","9","route.copilot","button","action","Gửi","","","","true","busy || !input.trim()","form-submit-candidate","unreviewed","","","POST '/api/copilot'","",""
"route.dashboard.navigation.inner","app/(app)/dashboard/page.jsx","101","19","route.dashboard","Link","navigation","{inner}","","","href","false","","navigation-candidate","unreviewed","","areacodes | clients | invoices | leads | livesessions | projects | shipments | tasks | tickets | timelogs | transactions | users | vendorbills | violations","GET '/api/insights'","",""
"route.dashboard.action.an","app/(app)/dashboard/page.jsx","121","13","route.dashboard","button","action","Ẩn","onClick","dismissOnb","","false","","handler-candidate","unreviewed","","areacodes | clients | invoices | leads | livesessions | projects | shipments | tasks | tickets | timelogs | transactions | users | vendorbills | violations","GET '/api/insights'","",""
"route.dashboard.navigation.s-href","app/(app)/dashboard/page.jsx","127","17","route.dashboard","Link","navigation","s.href","","","s.href","false","","navigation-candidate","unreviewed","","areacodes | clients | invoices | leads | livesessions | projects | shipments | tasks | tickets | timelogs | transactions | users | vendorbills | violations","GET '/api/insights'","",""
"route.dashboard.navigation.i-route-dashboard","app/(app)/dashboard/page.jsx","154","15","route.dashboard","Link","navigation","'/' + (i.route || 'dashboard')","","","'/' + (i.route || 'dashboard')","false","","navigation-candidate","unreviewed","","areacodes | clients | invoices | leads | livesessions | projects | shipments | tasks | tickets | timelogs | transactions | users | vendorbills | violations","GET '/api/insights'","",""
"route.dashboard.navigation.xem-tat-ca","app/(app)/dashboard/page.jsx","199","15","route.dashboard","Link","navigation","Xem tất cả","","","/shipments","false","","navigation-candidate","unreviewed","","areacodes | clients | invoices | leads | livesessions | projects | shipments | tasks | tickets | timelogs | transactions | users | vendorbills | violations","GET '/api/insights'","",""
"route.dashboard.navigation.xem-tat-ca.2","app/(app)/dashboard/page.jsx","225","15","route.dashboard","Link","navigation","Xem tất cả","","","/live","false","","navigation-candidate","unreviewed","","areacodes | clients | invoices | leads | livesessions | projects | shipments | tasks | tickets | timelogs | transactions | users | vendorbills | violations","GET '/api/insights'","",""
"route.dashboard.navigation.xem-tat-ca.3","app/(app)/dashboard/page.jsx","246","15","route.dashboard","Link","navigation","Xem tất cả","","","/tasks","false","","navigation-candidate","unreviewed","","areacodes | clients | invoices | leads | livesessions | projects | shipments | tasks | tickets | timelogs | transactions | users | vendorbills | violations","GET '/api/insights'","",""
"route.dashboard.navigation.xem-tat-ca.4","app/(app)/dashboard/page.jsx","268","15","route.dashboard","Link","navigation","Xem tất cả","","","/invoices","false","","navigation-candidate","unreviewed","","areacodes | clients | invoices | leads | livesessions | projects | shipments | tasks | tickets | timelogs | transactions | users | vendorbills | violations","GET '/api/insights'","",""
"route.dashboard.navigation.xem-tat-ca.5","app/(app)/dashboard/page.jsx","285","15","route.dashboard","Link","navigation","Xem tất cả","","","/tickets","false","","navigation-candidate","unreviewed","","areacodes | clients | invoices | leads | livesessions | projects | shipments | tasks | tickets | timelogs | transactions | users | vendorbills | violations","GET '/api/insights'","",""
"component.app-app-error.action.thu-lai","app/(app)/error.jsx","28","11","component.app-app-error","button","action","Thử lại","onClick","() => reset()","","false","","handler-candidate","unreviewed","","","POST '/api/errorlog'","",""
"component.app-app-error.action.ve-bang-ieu-khien","app/(app)/error.jsx","29","11","component.app-app-error","button","action","Về Bảng điều khiển","onClick","() => { if (typeof window !== 'undefined') window.location.href = '/dashboard'; }","","false","","handler-candidate","unreviewed","","","POST '/api/errorlog'","",""
"route.finance.form-control.thu-chi-chi-thu-chi-chi","app/(app)/finance/page.jsx","53","9","route.finance","select","form-control","Thu & chi / Chỉ thu / Chỉ chi","","","","false","","control-candidate","unreviewed","","projects | transactions","","","control_binding_unverified"
"route.finance.form-control.tat-ca-cac-thang","app/(app)/finance/page.jsx","56","9","route.finance","select","form-control","Tất cả các tháng","","","","false","","control-candidate","unreviewed","","projects | transactions","","","control_binding_unverified"
"route.finance.action.xuat-csv","app/(app)/finance/page.jsx","61","9","route.finance","button","action","Xuất CSV","onClick","exportCsv","","false","","handler-candidate","unreviewed","","projects | transactions","","",""
"route.finance.action.ghi-thu-chi","app/(app)/finance/page.jsx","62","9","route.finance","button","action","Ghi thu / chi","onClick","() => setModal({ mode: 'add' })","","false","","handler-candidate","unreviewed","","projects | transactions","","",""
"route.finance.action.sua","app/(app)/finance/page.jsx","78","19","route.finance","button","action","Sửa","onClick","() => setModal({ mode: 'edit', row: t })","","false","","handler-candidate","unreviewed","","projects | transactions","","",""
"route.finance.action.xoa","app/(app)/finance/page.jsx","79","19","route.finance","button","action","Xóa","onClick","() => setModal({ mode: 'del', row: t })","","false","","handler-candidate","unreviewed","","projects | transactions","","",""
"route.financials.form-control.ca-nam-year","app/(app)/financials/page.jsx","90","9","route.financials","select","form-control","Cả năm / {year}","","","","false","","control-candidate","unreviewed","","invoices | payouts | shipments | stocklots | transactions | vendorbills","","","control_binding_unverified"
"route.financials.action.in-bao-cao","app/(app)/financials/page.jsx","95","9","route.financials","button","action","In báo cáo","onClick","printReport","","false","","handler-candidate","unreviewed","","invoices | payouts | shipments | stocklots | transactions | vendorbills","","",""
"route.finplan.form-control.select","app/(app)/finplan/page.jsx","136","13","route.finplan","select","form-control","","","","","false","","control-candidate","unreviewed","","budgets | clients | invoices | payouts | recurringexpenses | shipments | transactions | users | vendorbills | vendors","POST '/api/recurring/generate'","","control_binding_unverified"
"route.finplan.action.at-ngan-sach","app/(app)/finplan/page.jsx","139","13","route.finplan","button","action","Đặt ngân sách","onClick","() => setModal({ mode: 'addBudget' })","","false","","handler-candidate","unreviewed","","budgets | clients | invoices | payouts | recurringexpenses | shipments | transactions | users | vendorbills | vendors","POST '/api/recurring/generate'","",""
"route.finplan.action.xoa","app/(app)/finplan/page.jsx","155","17","route.finplan","button","action","Xóa","onClick","() => setModal({ mode: 'delBudget', row: b })","","false","","handler-candidate","unreviewed","","budgets | clients | invoices | payouts | recurringexpenses | shipments | transactions | users | vendorbills | vendors","POST '/api/recurring/generate'","",""
"route.finplan.action.them-mau","app/(app)/finplan/page.jsx","166","13","route.finplan","button","action","Thêm mẫu","onClick","() => setModal({ mode: 'addRecur' })","","false","","handler-candidate","unreviewed","","budgets | clients | invoices | payouts | recurringexpenses | shipments | transactions | users | vendorbills | vendors","POST '/api/recurring/generate'","",""
"route.finplan.action.sinh-cho-thang","app/(app)/finplan/page.jsx","167","13","route.finplan","button","action","Sinh cho tháng / /","onClick","genRecurring","","false","!recurring.rows.some(r => r.active)","handler-candidate","unreviewed","","budgets | clients | invoices | payouts | recurringexpenses | shipments | transactions | users | vendorbills | vendors","POST '/api/recurring/generate'","",""
"route.finplan.action.xoa.2","app/(app)/finplan/page.jsx","179","17","route.finplan","button","action","Xóa","onClick","() => setModal({ mode: 'delRecur', row: r })","","false","","handler-candidate","unreviewed","","budgets | clients | invoices | payouts | recurringexpenses | shipments | transactions | users | vendorbills | vendors","POST '/api/recurring/generate'","",""
"route.freelancer.action.ghi-gio","app/(app)/freelancer/page.jsx","96","15","route.freelancer","button","action","Ghi giờ","onClick","() => { setLogFor(p.id); setLogH(''); setLogNote(''); }","","false","","handler-candidate","unreviewed","","","GET '/api/freelancer/home' | PUT '/api/freelancer/task/' + t.id | PUT '/api/freelancer/task/' + t.id | POST '/api/freelancer/timelog'","",""
"route.freelancer.form-control.gio","app/(app)/freelancer/page.jsx","101","19","route.freelancer","input","form-control","giờ","","","","false","","control-candidate","unreviewed","","","GET '/api/freelancer/home' | PUT '/api/freelancer/task/' + t.id | PUT '/api/freelancer/task/' + t.id | POST '/api/freelancer/timelog'","","control_binding_unverified"
"route.freelancer.form-control.ghi-chu-lam-gi","app/(app)/freelancer/page.jsx","102","19","route.freelancer","input","form-control","Ghi chú (làm gì)","","","","false","","control-candidate","unreviewed","","","GET '/api/freelancer/home' | PUT '/api/freelancer/task/' + t.id | PUT '/api/freelancer/task/' + t.id | POST '/api/freelancer/timelog'","","control_binding_unverified"
"route.freelancer.action.luu-gio-hom-nay","app/(app)/freelancer/page.jsx","103","19","route.freelancer","AsyncButton","action","Lưu giờ hôm nay","onClick","submitLog","","false","","handler-candidate","unreviewed","","","GET '/api/freelancer/home' | PUT '/api/freelancer/task/' + t.id | PUT '/api/freelancer/task/' + t.id | POST '/api/freelancer/timelog'","",""
"route.freelancer.action.huy","app/(app)/freelancer/page.jsx","104","19","route.freelancer","button","action","Hủy","onClick","() => setLogFor(null)","","false","","handler-candidate","unreviewed","","","GET '/api/freelancer/home' | PUT '/api/freelancer/task/' + t.id | PUT '/api/freelancer/task/' + t.id | POST '/api/freelancer/timelog'","",""
"route.freelancer.form-control.select","app/(app)/freelancer/page.jsx","116","23","route.freelancer","select","form-control","","","","","false","","control-candidate","unreviewed","","","GET '/api/freelancer/home' | PUT '/api/freelancer/task/' + t.id | PUT '/api/freelancer/task/' + t.id | POST '/api/freelancer/timelog'","","control_binding_unverified"
"route.freelancer.form-control.input","app/(app)/freelancer/page.jsx","125","29","route.freelancer","input","form-control","","","","","false","","control-candidate","unreviewed","","","GET '/api/freelancer/home' | PUT '/api/freelancer/task/' + t.id | PUT '/api/freelancer/task/' + t.id | POST '/api/freelancer/timelog'","","control_binding_unverified"
"route.freelancers.action.them-freelancer","app/(app)/freelancers/page.jsx","96","23","route.freelancers","button","action","Thêm freelancer","onClick","() => setModal({ mode: 'add' })","","false","","handler-candidate","unreviewed","","payouts | projectmembers | projects | timelogs | users","POST `/api/payouts/${p.id}/pay` | method '/api/users'","",""
"route.freelancers.action.vo-hieu-hoa-khoa-ang-nhap","app/(app)/freelancers/page.jsx","110","33","route.freelancers","button","action","Vô hiệu hóa (khóa đăng nhập)","onClick","() => setModal({ mode: 'deactivate', row: u })","","false","","handler-candidate","unreviewed","","payouts | projectmembers | projects | timelogs | users","POST `/api/payouts/${p.id}/pay` | method '/api/users'","",""
"route.freelancers.action.setmodal-mode-unassign-row-m-projectname-projname-m-projectid-fr","app/(app)/freelancers/page.jsx","125","39","route.freelancers","button","action","","onClick","() => setModal({ mode: 'unassign', row: m, projectName: projName(m.projectId), freelancerName: u.name })","","false","","handler-candidate","unreviewed","","payouts | projectmembers | projects | timelogs | users","POST `/api/payouts/${p.id}/pay` | method '/api/users'","",""
"route.freelancers.form-control.gan-vao-du-an","app/(app)/freelancers/page.jsx","129","23","route.freelancers","select","form-control","+ Gắn vào dự án…","","","","false","","control-candidate","unreviewed","","payouts | projectmembers | projects | timelogs | users","POST `/api/payouts/${p.id}/pay` | method '/api/users'","","control_binding_unverified"
"route.freelancers.action.chot-thanh-toan","app/(app)/freelancers/page.jsx","140","37","route.freelancers","button","action","Chốt thanh toán","onClick","() => setModal({ mode: 'settle', row: u })","","false","","handler-candidate","unreviewed","","payouts | projectmembers | projects | timelogs | users","POST `/api/payouts/${p.id}/pay` | method '/api/users'","",""
"route.freelancers.action.tra","app/(app)/freelancers/page.jsx","150","43","route.freelancers","AsyncButton","action","Trả","onClick","() => payNow(p)","","false","","handler-candidate","unreviewed","","payouts | projectmembers | projects | timelogs | users","POST `/api/payouts/${p.id}/pay` | method '/api/users'","",""
"route.freelancers.action.huy","app/(app)/freelancers/page.jsx","189","17","route.freelancers","button","action","Hủy","onClick","onClose","","false","","handler-candidate","unreviewed","","payouts | projectmembers | projects | timelogs | users","POST `/api/payouts/${p.id}/pay` | method '/api/users'","",""
"route.freelancers.action.tao-khoan-phai-tra","app/(app)/freelancers/page.jsx","190","9","route.freelancers","AsyncButton","action","Tạo khoản phải trả","onClick","async () => { if (preview <= 0) return; const r = await onSave({ userId: fl.id, projectId, kind, hours, amount, rate, note }); if (r !== false && r !== null) onClose(); }","","false","","handler-candidate","unreviewed","","payouts | projectmembers | projects | timelogs | users","POST `/api/payouts/${p.id}/pay` | method '/api/users'","",""
"route.freelancers.form-control.khong-gan-du-an","app/(app)/freelancers/page.jsx","193","11","route.freelancers","select","form-control","— Không gắn dự án —","","","","false","","control-candidate","unreviewed","","payouts | projectmembers | projects | timelogs | users","POST `/api/payouts/${p.id}/pay` | method '/api/users'","","control_binding_unverified"
"route.freelancers.form-control.theo-gio-on-gia-khoan-so-tien-co-inh","app/(app)/freelancers/page.jsx","198","11","route.freelancers","select","form-control","Theo giờ × đơn giá / Khoán (số tiền cố định)","","","","false","","control-candidate","unreviewed","","payouts | projectmembers | projects | timelogs | users","POST `/api/payouts/${p.id}/pay` | method '/api/users'","","control_binding_unverified"
"route.freelancers.form-control.input","app/(app)/freelancers/page.jsx","203","88","route.freelancers","input","form-control","","","","","false","","control-candidate","unreviewed","","payouts | projectmembers | projects | timelogs | users","POST `/api/payouts/${p.id}/pay` | method '/api/users'","","control_binding_unverified"
"route.freelancers.form-control.input.2","app/(app)/freelancers/page.jsx","204","60","route.freelancers","input","form-control","","","","","false","true","control-candidate","unreviewed","","payouts | projectmembers | projects | timelogs | users","POST `/api/payouts/${p.id}/pay` | method '/api/users'","","control_binding_unverified"
"route.freelancers.form-control.input.3","app/(app)/freelancers/page.jsx","211","66","route.freelancers","input","form-control","","","","","false","","control-candidate","unreviewed","","payouts | projectmembers | projects | timelogs | users","POST `/api/payouts/${p.id}/pay` | method '/api/users'","","control_binding_unverified"
"route.freelancers.form-control.vd-dung-5-video-social","app/(app)/freelancers/page.jsx","213","59","route.freelancers","input","form-control","VD: Dựng 5 video social","","","","false","","control-candidate","unreviewed","","payouts | projectmembers | projects | timelogs | users","POST `/api/payouts/${p.id}/pay` | method '/api/users'","","control_binding_unverified"
"route.freelancers.action.huy.2","app/(app)/freelancers/page.jsx","228","17","route.freelancers","button","action","Hủy","onClick","onClose","","false","","handler-candidate","unreviewed","","payouts | projectmembers | projects | timelogs | users","POST `/api/payouts/${p.id}/pay` | method '/api/users'","",""
"route.freelancers.action.tao-tai-khoan","app/(app)/freelancers/page.jsx","229","9","route.freelancers","AsyncButton","action","Tạo tài khoản","onClick","() => { if (!f.name || !f.email || f.password.length < 6) return; return onSave(f); }","","false","","handler-candidate","unreviewed","","payouts | projectmembers | projects | timelogs | users","POST `/api/payouts/${p.id}/pay` | method '/api/users'","",""
"route.freelancers.form-control.input.4","app/(app)/freelancers/page.jsx","231","55","route.freelancers","input","form-control","","","","","false","","control-candidate","unreviewed","","payouts | projectmembers | projects | timelogs | users","POST `/api/payouts/${p.id}/pay` | method '/api/users'","","control_binding_unverified"
"route.freelancers.form-control.input.5","app/(app)/freelancers/page.jsx","232","64","route.freelancers","input","form-control","","","","","false","","control-candidate","unreviewed","","payouts | projectmembers | projects | timelogs | users","POST `/api/payouts/${p.id}/pay` | method '/api/users'","","control_binding_unverified"
"route.freelancers.form-control.input.6","app/(app)/freelancers/page.jsx","233","62","route.freelancers","input","form-control","","","","","false","","control-candidate","unreviewed","","payouts | projectmembers | projects | timelogs | users","POST `/api/payouts/${p.id}/pay` | method '/api/users'","","control_binding_unverified"
"route.freelancers.form-control.input.7","app/(app)/freelancers/page.jsx","234","62","route.freelancers","input","form-control","","","","","false","","control-candidate","unreviewed","","payouts | projectmembers | projects | timelogs | users","POST `/api/payouts/${p.id}/pay` | method '/api/users'","","control_binding_unverified"
"route.freelancers.form-control.vd-video-editor-motion","app/(app)/freelancers/page.jsx","235","59","route.freelancers","input","form-control","VD: Video editor, Motion","","","","false","","control-candidate","unreviewed","","payouts | projectmembers | projects | timelogs | users","POST `/api/payouts/${p.id}/pay` | method '/api/users'","","control_binding_unverified"
"route.freelancers.form-control.https","app/(app)/freelancers/page.jsx","236","66","route.freelancers","input","form-control","https://","","","","false","","control-candidate","unreviewed","","payouts | projectmembers | projects | timelogs | users","POST `/api/payouts/${p.id}/pay` | method '/api/users'","","control_binding_unverified"
"route.fxreval.form-control.input","app/(app)/fxreval/page.jsx","51","11","route.fxreval","input","form-control","","","","","false","","control-candidate","unreviewed","","invoices | shipments | transactions","","","control_binding_unverified"
"route.fxreval.form-control.ty-gia-cuoi-ky","app/(app)/fxreval/page.jsx","62","19","route.fxreval","input","form-control","tỷ giá cuối kỳ","","","","false","","control-candidate","unreviewed","","invoices | shipments | transactions","","","control_binding_unverified"
"route.fxreval.action.ghi-but-toan-anh-gia-lai","app/(app)/fxreval/page.jsx","95","13","route.fxreval","button","action","Ghi bút toán đánh giá lại","onClick","post","","false","!hasAnyRate || !total || posting","handler-candidate","unreviewed","","invoices | shipments | transactions","","",""
"route.gantt.action.them-moc","app/(app)/gantt/page.jsx","92","23","route.gantt","button","action","Thêm mốc","onClick","() => setModal({ data: { projectId: rows[0].id, date: todayISO(), done: '' } })","","false","","handler-candidate","unreviewed","","clients | milestones | projects | tasks","","",""
"route.gantt.action.canedit-setmodal-row-m-data-m-done-m-done-1","app/(app)/gantt/page.jsx","131","23","route.gantt","span","action","","onClick","() => canEdit && setModal({ row: m, data: { ...m, done: m.done ? '1' : '' } })","","false","","handler-candidate","unreviewed","","clients | milestones | projects | tasks","","","clickable_non_semantic | keyboard_path_unverified"
"route.gantt.action.xoa","app/(app)/gantt/page.jsx","171","35","route.gantt","button","action","Xóa","onClick","() => setModal({ del: modal.row })","","false","","handler-candidate","unreviewed","","clients | milestones | projects | tasks","","",""
"route.growing.action.them-co-so","app/(app)/growing/page.jsx","47","9","route.growing","button","action","Thêm cơ sở","onClick","() => setModal({ mode: 'area', row: null })","","false","","handler-candidate","unreviewed","","areacodes | growingareas","","",""
"route.growing.action.sua","app/(app)/growing/page.jsx","59","19","route.growing","button","action","Sửa","onClick","() => setModal({ mode: 'area', row: a })","","false","","handler-candidate","unreviewed","","areacodes | growingareas","","",""
"route.growing.action.xoa","app/(app)/growing/page.jsx","60","19","route.growing","button","action","Xóa","onClick","() => setModal({ mode: 'delArea', row: a })","","false","","handler-candidate","unreviewed","","areacodes | growingareas","","",""
"route.growing.action.ma","app/(app)/growing/page.jsx","70","21","route.growing","button","action","+ Mã","onClick","() => setModal({ mode: 'code', areaId: a.id })","","false","","handler-candidate","unreviewed","","areacodes | growingareas","","",""
"route.growing.action.xoa-ma","app/(app)/growing/page.jsx","80","23","route.growing","button","action","Xóa mã","onClick","() => setModal({ mode: 'delCode', row: c })","","false","","handler-candidate","unreviewed","","areacodes | growingareas","","",""
"route.guide.action.in-cam-nang","app/(app)/guide/page.jsx","37","9","route.guide","button","action","🖨 In cẩm nang","onClick","() => window.print()","","false","","handler-candidate","unreviewed","","","GET '/api/settings'","",""
"route.import.action.nhap-vao","app/(app)/import/page.jsx","88","11","route.import","button","action","Nhập vào","onClick","() => switchMode('import')","","false","","handler-candidate","unreviewed","","","POST '/api/import/bulk'","",""
"route.import.action.xuat-ra","app/(app)/import/page.jsx","89","11","route.import","button","action","Xuất ra","onClick","() => switchMode('export')","","false","","handler-candidate","unreviewed","","","POST '/api/import/bulk'","",""
"route.import.form-control.select","app/(app)/import/page.jsx","92","11","route.import","select","form-control","","","","","false","","control-candidate","unreviewed","","","POST '/api/import/bulk'","","control_binding_unverified"
"route.import.action.tai-csv","app/(app)/import/page.jsx","106","13","route.import","button","action","Tải CSV ( / )","onClick","exportCSV","","false","!res.rows.length","handler-candidate","unreviewed","","","POST '/api/import/bulk'","",""
"route.import.form-control.textarea","app/(app)/import/page.jsx","121","11","route.import","textarea","form-control","","","","","false","","control-candidate","unreviewed","","","POST '/api/import/bulk'","","control_binding_unverified"
"route.import.action.nhan-lai-cot","app/(app)/import/page.jsx","125","13","route.import","button","action","Nhận lại cột","onClick","autoMap","","false","!header.length","handler-candidate","unreviewed","","","POST '/api/import/bulk'","",""
"route.import.form-control.bo-qua","app/(app)/import/page.jsx","138","17","route.import","select","form-control","— bỏ qua —","","","","false","","control-candidate","unreviewed","","","POST '/api/import/bulk'","","control_binding_unverified"
"route.import.action.nhap-dong-hop-le","app/(app)/import/page.jsx","152","13","route.import","button","action","Nhập / dòng hợp lệ","onClick","doImport","","false","busy || !validRows.length","handler-candidate","unreviewed","","","POST '/api/import/bulk'","",""
"route.install.action.iphone-ipad","app/(app)/install/page.jsx","183","11","route.install","button","action","iPhone / iPad","onClick","() => setOs('ios')","","false","","handler-candidate","unreviewed","","","","",""
"route.install.action.android","app/(app)/install/page.jsx","184","11","route.install","button","action","Android","onClick","() => setOs('android')","","false","","handler-candidate","unreviewed","","","","",""
"route.inventory.action.nhap-kho-lo-moi","app/(app)/inventory/page.jsx","87","9","route.inventory","button","action","Nhập kho lô mới","onClick","() => setModal({ row: null })","","false","","handler-candidate","unreviewed","","growingareas | shipments | stocklots | stockmoves | vendors","POST `/api/stocklots/${lot.id}/issue`","",""
"route.inventory.action.lbl","app/(app)/inventory/page.jsx","100","19","route.inventory","tr","action","{lbl}","onClick","() => setDetail(l)","","false","","handler-candidate","unreviewed","","growingareas | shipments | stocklots | stockmoves | vendors","POST `/api/stocklots/${lot.id}/issue`","","clickable_non_semantic | keyboard_path_unverified"
"route.inventory.action.e-e-stoppropagation","app/(app)/inventory/page.jsx","110","21","route.inventory","td","action","","onClick","e => e.stopPropagation()","","false","","handler-candidate","unreviewed","","growingareas | shipments | stocklots | stockmoves | vendors","POST `/api/stocklots/${lot.id}/issue`","","clickable_non_semantic | keyboard_path_unverified"
"route.inventory.action.xuat-kho","app/(app)/inventory/page.jsx","111","55","route.inventory","button","action","Xuất kho","onClick","() => setModal({ issue: l })","","false","","handler-candidate","unreviewed","","growingareas | shipments | stocklots | stockmoves | vendors","POST `/api/stocklots/${lot.id}/issue`","",""
"route.inventory.action.sua","app/(app)/inventory/page.jsx","112","23","route.inventory","button","action","Sửa","onClick","() => setModal({ row: l })","","false","","handler-candidate","unreviewed","","growingareas | shipments | stocklots | stockmoves | vendors","POST `/api/stocklots/${lot.id}/issue`","",""
"route.inventory.action.xoa","app/(app)/inventory/page.jsx","113","23","route.inventory","button","action","Xóa","onClick","() => { if (moves.rows.some(m => m.lotId === l.id)) return toast('Lô đã có lịch sử xuất kho — không xóa được (giữ truy xuất nguồn gốc).', 'error'); setModal({ del: l }); }","","false","","handler-candidate","unreviewed","","growingareas | shipments | stocklots | stockmoves | vendors","POST `/api/stocklots/${lot.id}/issue`","",""
"route.inventory.action.ong","app/(app)/inventory/page.jsx","150","15","route.inventory","button","action","Đóng","onClick","onClose","","false","","handler-candidate","unreviewed","","growingareas | shipments | stocklots | stockmoves | vendors","POST `/api/stocklots/${lot.id}/issue`","",""
"route.invoices.action.huy","app/(app)/invoices/page.jsx","26","17","route.invoices","button","action","Hủy","onClick","onClose","","false","","handler-candidate","unreviewed","","clients | invoices | projects | services","POST `/api/invoices/${inv.id}/pay` | GET `/api/invoices/from-hours?projectId=${projectId}` | POST '/api/invoices/from-hours'","",""
"route.invoices.action.ghi-nhan","app/(app)/invoices/page.jsx","27","9","route.invoices","button","action","Ghi nhận","onClick","submit","","false","","handler-candidate","unreviewed","","clients | invoices | projects | services","POST `/api/invoices/${inv.id}/pay` | GET `/api/invoices/from-hours?projectId=${projectId}` | POST '/api/invoices/from-hours'","",""
"route.invoices.form-control.input","app/(app)/invoices/page.jsx","35","11","route.invoices","input","form-control","","","","","false","","control-candidate","unreviewed","","clients | invoices | projects | services","POST `/api/invoices/${inv.id}/pay` | GET `/api/invoices/from-hours?projectId=${projectId}` | POST '/api/invoices/from-hours'","","control_binding_unverified"
"route.invoices.form-control.input.2","app/(app)/invoices/page.jsx","37","55","route.invoices","input","form-control","","","","","false","","control-candidate","unreviewed","","clients | invoices | projects | services","POST `/api/invoices/${inv.id}/pay` | GET `/api/invoices/from-hours?projectId=${projectId}` | POST '/api/invoices/from-hours'","","control_binding_unverified"
"route.invoices.form-control.vd-chuyen-khoan-ot-1","app/(app)/invoices/page.jsx","38","59","route.invoices","input","form-control","VD: chuyển khoản đợt 1","","","","false","","control-candidate","unreviewed","","clients | invoices | projects | services","POST `/api/invoices/${inv.id}/pay` | GET `/api/invoices/from-hours?projectId=${projectId}` | POST '/api/invoices/from-hours'","","control_binding_unverified"
"route.invoices.action.huy.2","app/(app)/invoices/page.jsx","77","17","route.invoices","button","action","Hủy","onClick","onClose","","false","","handler-candidate","unreviewed","","clients | invoices | projects | services","POST `/api/invoices/${inv.id}/pay` | GET `/api/invoices/from-hours?projectId=${projectId}` | POST '/api/invoices/from-hours'","",""
"route.invoices.action.ang-tao-tao-hoa-on-nhap","app/(app)/invoices/page.jsx","78","9","route.invoices","button","action","Đang tạo… / Tạo hóa đơn nháp","onClick","submit","","false","busy || !pv?.totalHours || !+rate","handler-candidate","unreviewed","","clients | invoices | projects | services","POST `/api/invoices/${inv.id}/pay` | GET `/api/invoices/from-hours?projectId=${projectId}` | POST '/api/invoices/from-hours'","",""
"route.invoices.form-control.select","app/(app)/invoices/page.jsx","82","11","route.invoices","select","form-control","","","","","false","","control-candidate","unreviewed","","clients | invoices | projects | services","POST `/api/invoices/${inv.id}/pay` | GET `/api/invoices/from-hours?projectId=${projectId}` | POST '/api/invoices/from-hours'","","control_binding_unverified"
"route.invoices.form-control.vd-300000","app/(app)/invoices/page.jsx","86","11","route.invoices","input","form-control","VD: 300000","","","","false","","control-candidate","unreviewed","","clients | invoices | projects | services","POST `/api/invoices/${inv.id}/pay` | GET `/api/invoices/from-hours?projectId=${projectId}` | POST '/api/invoices/from-hours'","","control_binding_unverified"
"route.invoices.form-control.input.3","app/(app)/invoices/page.jsx","89","11","route.invoices","input","form-control","","","","","false","","control-candidate","unreviewed","","clients | invoices | projects | services","POST `/api/invoices/${inv.id}/pay` | GET `/api/invoices/from-hours?projectId=${projectId}` | POST '/api/invoices/from-hours'","","control_binding_unverified"
"route.invoices.form-control.tat-ca-trang-thai-nhap-a-gui-qua-han-a-thu","app/(app)/invoices/page.jsx","155","9","route.invoices","select","form-control","Tất cả trạng thái / Nháp / Đã gửi / Quá hạn / Đã thu","","","","false","","control-candidate","unreviewed","","clients | invoices | projects | services","POST `/api/invoices/${inv.id}/pay` | GET `/api/invoices/from-hours?projectId=${projectId}` | POST '/api/invoices/from-hours'","","control_binding_unverified"
"route.invoices.action.xuat-tu-gio-cong","app/(app)/invoices/page.jsx","168","9","route.invoices","button","action","Xuất từ giờ công","onClick","() => { if (!projects.rows.length) return toast('Chưa có dự án nào', 'error'); setModal({ mode: 'fromHours' }); }","","false","","handler-candidate","unreviewed","","clients | invoices | projects | services","POST `/api/invoices/${inv.id}/pay` | GET `/api/invoices/from-hours?projectId=${projectId}` | POST '/api/invoices/from-hours'","",""
"route.invoices.action.tao-hoa-on","app/(app)/invoices/page.jsx","172","9","route.invoices","button","action","Tạo hóa đơn","onClick","() => { if (!clients.rows.length) return toast('Hãy thêm khách hàng trước', 'error'); setModal({ mode: 'add' }); }","","false","","handler-candidate","unreviewed","","clients | invoices | projects | services","POST `/api/invoices/${inv.id}/pay` | GET `/api/invoices/from-hours?projectId=${projectId}` | POST '/api/invoices/from-hours'","",""
"route.invoices.action.ghi-nhan-thanh-toan","app/(app)/invoices/page.jsx","192","43","route.invoices","button","action","Ghi nhận thanh toán","onClick","() => setModal({ mode: 'pay', row: v })","","false","","handler-candidate","unreviewed","","clients | invoices | projects | services","POST `/api/invoices/${inv.id}/pay` | GET `/api/invoices/from-hours?projectId=${projectId}` | POST '/api/invoices/from-hours'","",""
"route.invoices.action.sinh-hoa-on-ky-toi-thang-sau","app/(app)/invoices/page.jsx","195","35","route.invoices","AsyncButton","action","Sinh hóa đơn kỳ tới (tháng sau)","onClick","() => nextPeriod(v)","","false","","handler-candidate","unreviewed","","clients | invoices | projects | services","POST `/api/invoices/${inv.id}/pay` | GET `/api/invoices/from-hours?projectId=${projectId}` | POST '/api/invoices/from-hours'","",""
"route.invoices.action.gui-email-cho-khach","app/(app)/invoices/page.jsx","197","19","route.invoices","button","action","Gửi email cho khách","onClick","() => setModal({ mode: 'email', row: v })","","false","","handler-candidate","unreviewed","","clients | invoices | projects | services","POST `/api/invoices/${inv.id}/pay` | GET `/api/invoices/from-hours?projectId=${projectId}` | POST '/api/invoices/from-hours'","",""
"route.invoices.action.in-xuat-pdf","app/(app)/invoices/page.jsx","199","19","route.invoices","button","action","In / xuất PDF","onClick","() => printDoc(v, 'invoice', client(v.clientId)?.name || '', client(v.clientId) || {})","","false","","handler-candidate","unreviewed","","clients | invoices | projects | services","POST `/api/invoices/${inv.id}/pay` | GET `/api/invoices/from-hours?projectId=${projectId}` | POST '/api/invoices/from-hours'","",""
"route.invoices.action.sua","app/(app)/invoices/page.jsx","200","19","route.invoices","button","action","Sửa","onClick","() => setModal({ mode: 'edit', row: v })","","false","","handler-candidate","unreviewed","","clients | invoices | projects | services","POST `/api/invoices/${inv.id}/pay` | GET `/api/invoices/from-hours?projectId=${projectId}` | POST '/api/invoices/from-hours'","",""
"route.invoices.action.xoa","app/(app)/invoices/page.jsx","201","19","route.invoices","button","action","Xóa","onClick","() => setModal({ mode: 'del', row: v })","","false","","handler-candidate","unreviewed","","clients | invoices | projects | services","POST `/api/invoices/${inv.id}/pay` | GET `/api/invoices/from-hours?projectId=${projectId}` | POST '/api/invoices/from-hours'","",""
"route.leads.action.them-khach-tiem-nang","app/(app)/leads/page.jsx","89","9","route.leads","button","action","Thêm khách tiềm năng","onClick","() => setModal({ mode: 'add' })","","false","","handler-candidate","unreviewed","","clients | leads | users","GET '/api/settings'","",""
"route.leads.action.div","app/(app)/leads/page.jsx","120","17","route.leads","div","action","·","onClick","() => setModal({ mode: 'edit', row: l })","","false","","handler-candidate","unreviewed","","clients | leads | users","GET '/api/settings'","","clickable_non_semantic | keyboard_path_unverified"
"route.leads.action.xoa","app/(app)/leads/page.jsx","148","11","route.leads","button","action","Xóa","onClick","() => setModal({ mode: 'del', row: modal.row })","","false","","handler-candidate","unreviewed","","clients | leads | users","GET '/api/settings'","",""
"route.leads.action.nhat-ky-hen","app/(app)/leads/page.jsx","150","11","route.leads","button","action","Nhật ký & hẹn","onClick","() => setModal({ mode: 'acts', row: modal.row })","","false","","handler-candidate","unreviewed","","clients | leads | users","GET '/api/settings'","",""
"route.leads.action.chuyen-thanh-khach-hang","app/(app)/leads/page.jsx","151","41","route.leads","AsyncButton","action","Chuyển thành khách hàng","onClick","() => convertToClient(modal.row)","","false","","handler-candidate","unreviewed","","clients | leads | users","GET '/api/settings'","",""
"route.live.action.ca-live-moi","app/(app)/live/page.jsx","101","9","route.live","button","action","Ca live mới","onClick","() => setModal({ row: null })","","false","","handler-candidate","unreviewed","","clients | livesessions | users","POST `/api/livesessions/${s.id}/settle` | POST `/api/livesessions/${recon.id}/reconcile`","",""
"route.live.action.oi-soat","app/(app)/live/page.jsx","123","78","route.live","button","action","Đối soát","onClick","() => setRecon(s)","","false","","handler-candidate","unreviewed","","clients | livesessions | users","POST `/api/livesessions/${s.id}/settle` | POST `/api/livesessions/${recon.id}/reconcile`","",""
"route.live.action.ghi-nhan-tien-san-ve-phieu-thu","app/(app)/live/page.jsx","124","71","route.live","button","action","Ghi nhận tiền sàn về → phiếu thu","onClick","() => setModal({ settle: s })","","false","","handler-candidate","unreviewed","","clients | livesessions | users","POST `/api/livesessions/${s.id}/settle` | POST `/api/livesessions/${recon.id}/reconcile`","",""
"route.live.action.sua","app/(app)/live/page.jsx","126","23","route.live","button","action","Sửa","onClick","() => setModal({ row: s })","","false","","handler-candidate","unreviewed","","clients | livesessions | users","POST `/api/livesessions/${s.id}/settle` | POST `/api/livesessions/${recon.id}/reconcile`","",""
"route.live.action.xoa","app/(app)/live/page.jsx","127","23","route.live","button","action","Xóa","onClick","() => setModal({ del: s })","","false","","handler-candidate","unreviewed","","clients | livesessions | users","POST `/api/livesessions/${s.id}/settle` | POST `/api/livesessions/${recon.id}/reconcile`","",""
"route.markets.form-control.select","app/(app)/markets/page.jsx","26","13","route.markets","select","form-control","","","","","false","","control-candidate","unreviewed","","shipments","","","control_binding_unverified"
"route.markets.form-control.select.2","app/(app)/markets/page.jsx","27","13","route.markets","select","form-control","","","","","false","","control-candidate","unreviewed","","shipments","","","control_binding_unverified"
"route.messages.action.huy","app/(app)/messages/page.jsx","31","17","route.messages","button","action","Hủy","onClick","onClose","","false","","handler-candidate","unreviewed","","","POST '/api/chat' | GET '/api/chat' | GET `/api/chat/${id}` | GET url | POST `/api/chat/${sel}`","",""
"route.messages.action.bat-au","app/(app)/messages/page.jsx","32","9","route.messages","AsyncButton","action","Bắt đầu","onClick","create","","false","","handler-candidate","unreviewed","","","POST '/api/chat' | GET '/api/chat' | GET `/api/chat/${id}` | GET url | POST `/api/chat/${sel}`","",""
"route.messages.action.nhan-rieng","app/(app)/messages/page.jsx","34","9","route.messages","button","action","Nhắn riêng","onClick","() => { setTab('dm'); setSel([]); }","","false","","handler-candidate","unreviewed","","","POST '/api/chat' | GET '/api/chat' | GET `/api/chat/${id}` | GET url | POST `/api/chat/${sel}`","",""
"route.messages.action.tao-nhom","app/(app)/messages/page.jsx","35","9","route.messages","button","action","Tạo nhóm","onClick","() => { setTab('group'); setSel([]); }","","false","","handler-candidate","unreviewed","","","POST '/api/chat' | GET '/api/chat' | GET `/api/chat/${id}` | GET url | POST `/api/chat/${sel}`","",""
"route.messages.form-control.vd-team-du-an-lumia","app/(app)/messages/page.jsx","38","9","route.messages","input","form-control","VD: Team dự án Lumia","","","","false","","control-candidate","unreviewed","","","POST '/api/chat' | GET '/api/chat' | GET `/api/chat/${id}` | GET url | POST `/api/chat/${sel}`","","control_binding_unverified"
"route.messages.form-control.who","app/(app)/messages/page.jsx","42","13","route.messages","input","form-control","who","","","","false","","control-candidate","unreviewed","","","POST '/api/chat' | GET '/api/chat' | GET `/api/chat/${id}` | GET url | POST `/api/chat/${sel}`","",""
"route.messages.action.moi","app/(app)/messages/page.jsx","127","13","route.messages","button","action","Mới","onClick","() => setShowNew(true)","","false","","handler-candidate","unreviewed","","","POST '/api/chat' | GET '/api/chat' | GET `/api/chat/${id}` | GET url | POST `/api/chat/${sel}`","",""
"route.messages.action.button","app/(app)/messages/page.jsx","131","15","route.messages","button","action","#","onClick","() => setSel(c.id)","","false","","handler-candidate","unreviewed","","","POST '/api/chat' | GET '/api/chat' | GET `/api/chat/${id}` | GET url | POST `/api/chat/${sel}`","",""
"route.messages.action.button.2","app/(app)/messages/page.jsx","154","17","route.messages","button","action","←","onClick","() => { setSel(null); setThread(null); }","","false","","handler-candidate","unreviewed","","","POST '/api/chat' | GET '/api/chat' | GET `/api/chat/${id}` | GET url | POST `/api/chat/${sel}`","",""
"route.messages.action.ong","app/(app)/messages/page.jsx","161","17","route.messages","button","action","Đóng","onClick","() => { setSel(null); setThread(null); }","","false","","handler-candidate","unreviewed","","","POST '/api/chat' | GET '/api/chat' | GET `/api/chat/${id}` | GET url | POST `/api/chat/${sel}`","",""
"route.messages.form-submit.ang-gui-gui","app/(app)/messages/page.jsx","183","15","route.messages","form","form-submit","Đang gửi… / Gửi","onSubmit","send","","false","sending || undefined","handler-candidate","unreviewed","","","POST '/api/chat' | GET '/api/chat' | GET `/api/chat/${id}` | GET url | POST `/api/chat/${sel}`","",""
"route.messages.form-control.input","app/(app)/messages/page.jsx","184","17","route.messages","input","form-control","","","","","true","","form-submit-candidate","unreviewed","","","POST '/api/chat' | GET '/api/chat' | GET `/api/chat/${id}` | GET url | POST `/api/chat/${sel}`","","control_binding_unverified"
"route.messages.action.ang-gui-gui","app/(app)/messages/page.jsx","185","17","route.messages","button","action","Đang gửi… / Gửi","","","","true","sending || !input.trim()","form-submit-candidate","unreviewed","","","POST '/api/chat' | GET '/api/chat' | GET `/api/chat/${id}` | GET url | POST `/api/chat/${sel}`","",""
"route.myday.action.anh-dau-hoan-thanh","app/(app)/myday/page.jsx","42","9","route.myday","AsyncButton","action","Đánh dấu hoàn thành","onClick","() => markDone(t)","","false","tasks.mutating","handler-candidate","unreviewed","","activities | tasks | timelogs","GET '/api/approvals'","",""
"route.myday.navigation.mo-phe-duyet","app/(app)/myday/page.jsx","72","36","route.myday","Link","navigation","Mở Phê duyệt →","","","/approvals","false","","navigation-candidate","unreviewed","","activities | tasks | timelogs","GET '/api/approvals'","",""
"route.myday.navigation.ghi-gio","app/(app)/myday/page.jsx","75","36","route.myday","Link","navigation","Ghi giờ →","","","/timesheet","false","","navigation-candidate","unreviewed","","activities | tasks | timelogs","GET '/api/approvals'","",""
"route.myday.navigation.tu","app/(app)/myday/page.jsx","90","17","route.myday","Link","navigation","📋 / từ","","","/approvals","false","","navigation-candidate","unreviewed","","activities | tasks | timelogs","GET '/api/approvals'","",""
"route.okr.action.cap-nhat","app/(app)/okr/page.jsx","51","21","route.okr","button","action","Cập nhật","onClick","() => setModal({ mode: 'edit', row: r })","","false","","handler-candidate","unreviewed","","okrs | users","","",""
"route.okr.action.xoa","app/(app)/okr/page.jsx","52","23","route.okr","button","action","Xóa","onClick","() => setModal({ mode: 'del', row: r })","","false","","handler-candidate","unreviewed","","okrs | users","","",""
"route.okr.form-control.select","app/(app)/okr/page.jsx","60","9","route.okr","select","form-control","","","","","false","","control-candidate","unreviewed","","okrs | users","","","control_binding_unverified"
"route.okr.action.them-okr-kpi","app/(app)/okr/page.jsx","64","23","route.okr","button","action","Thêm OKR / KPI","onClick","() => setModal({ mode: 'add' })","","false","","handler-candidate","unreviewed","","okrs | users","","",""
"route.payroll.form-control.select","app/(app)/payroll/page.jsx","81","9","route.payroll","select","form-control","","","","","false","","control-candidate","unreviewed","","","GET '/api/payroll' | POST '/api/payroll' | PUT '/api/payroll' | PUT '/api/payroll' | POST `/api/payroll/${cur.id}/finalize`","","control_binding_unverified"
"route.payroll.action.tinh-lai-tu-cham-cong","app/(app)/payroll/page.jsx","86","43","route.payroll","AsyncButton","action","Tính lại từ chấm công","onClick","regenerate","","false","","handler-candidate","unreviewed","","","GET '/api/payroll' | POST '/api/payroll' | PUT '/api/payroll' | PUT '/api/payroll' | POST `/api/payroll/${cur.id}/finalize`","",""
"route.payroll.action.chot-ghi-so-quy","app/(app)/payroll/page.jsx","88","43","route.payroll","button","action","Chốt & ghi sổ quỹ","onClick","() => setConfirm(true)","","false","","handler-candidate","unreviewed","","","GET '/api/payroll' | POST '/api/payroll' | PUT '/api/payroll' | PUT '/api/payroll' | POST `/api/payroll/${cur.id}/finalize`","",""
"route.payroll.action.tao-bang-luong-thang","app/(app)/payroll/page.jsx","89","9","route.payroll","AsyncButton","action","Tạo bảng lương tháng","onClick","generate","","false","","handler-candidate","unreviewed","","","GET '/api/payroll' | POST '/api/payroll' | PUT '/api/payroll' | PUT '/api/payroll' | POST `/api/payroll/${cur.id}/finalize`","",""
"route.payroll.form-control.lay-tu-cham-cong-sua-uoc-neu-cham-cong-sai","app/(app)/payroll/page.jsx","120","27","route.payroll","input","form-control","Lấy từ chấm công — sửa được nếu chấm công sai","","","","false","","control-candidate","unreviewed","","","GET '/api/payroll' | POST '/api/payroll' | PUT '/api/payroll' | PUT '/api/payroll' | POST `/api/payroll/${cur.id}/finalize`","","control_binding_unverified"
"route.payroll.form-control.input","app/(app)/payroll/page.jsx","127","27","route.payroll","input","form-control","","","","","false","","control-candidate","unreviewed","","","GET '/api/payroll' | POST '/api/payroll' | PUT '/api/payroll' | PUT '/api/payroll' | POST `/api/payroll/${cur.id}/finalize`","","control_binding_unverified"
"route.payroll.form-control.input.2","app/(app)/payroll/page.jsx","132","27","route.payroll","input","form-control","","","","","false","","control-candidate","unreviewed","","","GET '/api/payroll' | POST '/api/payroll' | PUT '/api/payroll' | PUT '/api/payroll' | POST `/api/payroll/${cur.id}/finalize`","","control_binding_unverified"
"route.portfolio.navigation.danh-sach-du-an","app/(app)/portfolio/page.jsx","47","9","route.portfolio","Link","navigation","Danh sách dự án","","","/projects","false","","navigation-candidate","unreviewed","","clients | projects | tasks | users","GET '/api/projects/stats'","",""
"route.portfolio.navigation.nguon-luc","app/(app)/portfolio/page.jsx","48","9","route.portfolio","Link","navigation","Nguồn lực","","","/resources","false","","navigation-candidate","unreviewed","","clients | projects | tasks | users","GET '/api/projects/stats'","",""
"route.portfolio.navigation.projects-p-id","app/(app)/portfolio/page.jsx","81","25","route.portfolio","Link","navigation","`/projects/${p.id}`","","","`/projects/${p.id}`","false","","navigation-candidate","unreviewed","","clients | projects | tasks | users","GET '/api/projects/stats'","",""
"route.projects-id.form-control.chua-xep","app/(app)/projects/[id]/page.jsx","70","11","route.projects-id","select","form-control","— Chưa xếp —","","","","false","","control-candidate","unreviewed","","clients | milestones | phases | projects | tasks | users","GET '/api/projects/stats'","","control_binding_unverified"
"route.projects-id.navigation.du-an","app/(app)/projects/[id]/page.jsx","83","9","route.projects-id","Link","navigation","← Dự án","","","/projects","false","","navigation-candidate","unreviewed","","clients | milestones | phases | projects | tasks | users","GET '/api/projects/stats'","",""
"route.projects-id.navigation.mo-bang-cong-viec","app/(app)/projects/[id]/page.jsx","89","9","route.projects-id","Link","navigation","Mở bảng công việc →","","","/tasks","false","","navigation-candidate","unreviewed","","clients | milestones | phases | projects | tasks | users","GET '/api/projects/stats'","",""
"route.projects-id.action.them-giai-oan","app/(app)/projects/[id]/page.jsx","118","24","route.projects-id","button","action","Thêm giai đoạn","onClick","() => setModal({ mode: 'addphase' })","","false","","handler-candidate","unreviewed","","clients | milestones | phases | projects | tasks | users","GET '/api/projects/stats'","",""
"route.projects-id.action.xoa-giai-oan-viec-chuyen-ve-chua-xep","app/(app)/projects/[id]/page.jsx","130","30","route.projects-id","button","action","Xóa giai đoạn (việc chuyển về Chưa xếp)","onClick","() => setModal({ mode: 'delphase', row: ph })","","false","","handler-candidate","unreviewed","","clients | milestones | phases | projects | tasks | users","GET '/api/projects/stats'","",""
"route.projects.form-control.tim-du-an","app/(app)/projects/page.jsx","63","69","route.projects","input","form-control","Tìm dự án…","","","","false","","control-candidate","unreviewed","","clients | projects | projecttemplates","GET '/api/projects/stats' | POST '/api/data/phases' | POST '/api/data/tasks' | POST '/api/data/milestones'","","control_binding_unverified"
"route.projects.form-control.tat-ca-trang-thai","app/(app)/projects/page.jsx","64","9","route.projects","select","form-control","Tất cả trạng thái","","","","false","","control-candidate","unreviewed","","clients | projects | projecttemplates","GET '/api/projects/stats' | POST '/api/data/phases' | POST '/api/data/tasks' | POST '/api/data/milestones'","","control_binding_unverified"
"route.projects.navigation.so-chi-huy","app/(app)/projects/page.jsx","69","20","route.projects","Link","navigation","Sở chỉ huy","","","/portfolio","false","","navigation-candidate","unreviewed","","clients | projects | projecttemplates","GET '/api/projects/stats' | POST '/api/data/phases' | POST '/api/data/tasks' | POST '/api/data/milestones'","",""
"route.projects.action.them-du-an","app/(app)/projects/page.jsx","70","20","route.projects","button","action","Thêm dự án","onClick","() => { if (!clients.rows.length) return toast('Hãy thêm khách hàng trước', 'error'); setModal({ mode: 'add' }); }","","false","","handler-candidate","unreviewed","","clients | projects | projecttemplates","GET '/api/projects/stats' | POST '/api/data/phases' | POST '/api/data/tasks' | POST '/api/data/milestones'","",""
"route.projects.navigation.projects-p-id","app/(app)/projects/page.jsx","87","23","route.projects","Link","navigation","`/projects/${p.id}`","","","`/projects/${p.id}`","false","","navigation-candidate","unreviewed","","clients | projects | projecttemplates","GET '/api/projects/stats' | POST '/api/data/phases' | POST '/api/data/tasks' | POST '/api/data/milestones'","",""
"route.projects.action.button","app/(app)/projects/page.jsx","102","23","route.projects","button","action","📎","onClick","() => setModal({ mode: 'docs', row: p })","","false","","handler-candidate","unreviewed","","clients | projects | projecttemplates","GET '/api/projects/stats' | POST '/api/data/phases' | POST '/api/data/tasks' | POST '/api/data/milestones'","",""
"route.projects.action.sua","app/(app)/projects/page.jsx","103","23","route.projects","button","action","Sửa","onClick","() => setModal({ mode: 'edit', row: p })","","false","","handler-candidate","unreviewed","","clients | projects | projecttemplates","GET '/api/projects/stats' | POST '/api/data/phases' | POST '/api/data/tasks' | POST '/api/data/milestones'","",""
"route.projects.action.xoa","app/(app)/projects/page.jsx","104","23","route.projects","button","action","Xóa","onClick","() => setModal({ mode: 'del', row: p })","","false","","handler-candidate","unreviewed","","clients | projects | projecttemplates","GET '/api/projects/stats' | POST '/api/data/phases' | POST '/api/data/tasks' | POST '/api/data/milestones'","",""
"route.projects.form-control.khong-dung-mau","app/(app)/projects/page.jsx","120","51","route.projects","select","form-control","— Không dùng mẫu —","","","","false","","control-candidate","unreviewed","","clients | projects | projecttemplates","GET '/api/projects/stats' | POST '/api/data/phases' | POST '/api/data/tasks' | POST '/api/data/milestones'","","control_binding_unverified"
"route.quotes.form-control.tat-ca-trang-thai-nhap-a-gui-chap-nhan-tu-choi","app/(app)/quotes/page.jsx","57","9","route.quotes","select","form-control","Tất cả trạng thái / Nháp / Đã gửi / Chấp nhận / Từ chối","","","","false","","control-candidate","unreviewed","","clients | invoices | projects | quotes | services","POST `/api/quotes/${q.id}/convert`","","control_binding_unverified"
"route.quotes.action.tao-bao-gia","app/(app)/quotes/page.jsx","63","18","route.quotes","button","action","Tạo báo giá","onClick","() => { if (!clients.rows.length) return toast('Hãy thêm khách hàng trước', 'error'); setModal({ mode: 'add' }); }","","false","","handler-candidate","unreviewed","","clients | invoices | projects | quotes | services","POST `/api/quotes/${q.id}/convert`","",""
"route.quotes.action.chuyen-thanh-hoa-on","app/(app)/quotes/page.jsx","80","28","route.quotes","button","action","Chuyển thành hóa đơn","onClick","() => setModal({ mode: 'toinv', row: v })","","false","","handler-candidate","unreviewed","","clients | invoices | projects | quotes | services","POST `/api/quotes/${q.id}/convert`","",""
"route.quotes.action.tao-du-an-tu-bao-gia","app/(app)/quotes/page.jsx","82","55","route.quotes","button","action","Tạo dự án từ báo giá","onClick","() => setModal({ mode: 'toproj', row: v })","","false","","handler-candidate","unreviewed","","clients | invoices | projects | quotes | services","POST `/api/quotes/${q.id}/convert`","",""
"route.quotes.action.gui-email-cho-khach","app/(app)/quotes/page.jsx","84","28","route.quotes","button","action","Gửi email cho khách","onClick","() => setModal({ mode: 'email', row: v })","","false","","handler-candidate","unreviewed","","clients | invoices | projects | quotes | services","POST `/api/quotes/${q.id}/convert`","",""
"route.quotes.action.in-xuat-pdf","app/(app)/quotes/page.jsx","86","19","route.quotes","button","action","In / xuất PDF","onClick","() => printDoc(v, 'quote', client(v.clientId)?.name || '', client(v.clientId) || {})","","false","","handler-candidate","unreviewed","","clients | invoices | projects | quotes | services","POST `/api/quotes/${q.id}/convert`","",""
"route.quotes.action.sua","app/(app)/quotes/page.jsx","87","28","route.quotes","button","action","Sửa","onClick","() => setModal({ mode: 'edit', row: v })","","false","","handler-candidate","unreviewed","","clients | invoices | projects | quotes | services","POST `/api/quotes/${q.id}/convert`","",""
"route.quotes.action.xoa","app/(app)/quotes/page.jsx","88","28","route.quotes","button","action","Xóa","onClick","() => setModal({ mode: 'del', row: v })","","false","","handler-candidate","unreviewed","","clients | invoices | projects | quotes | services","POST `/api/quotes/${q.id}/convert`","",""
"route.recruitment.action.them-ung-vien","app/(app)/recruitment/page.jsx","49","9","route.recruitment","button","action","Thêm ứng viên","onClick","() => setModal({ mode: 'add' })","","false","","handler-candidate","unreviewed","","candidates | onboardings","","",""
"route.recruitment.action.setmodal-mode-edit-row-c","app/(app)/recruitment/page.jsx","60","17","route.recruitment","div","action","","onClick","() => setModal({ mode: 'edit', row: c })","","false","","handler-candidate","unreviewed","","candidates | onboardings","","","clickable_non_semantic | keyboard_path_unverified"
"route.recruitment.action.xoa","app/(app)/recruitment/page.jsx","95","21","route.recruitment","button","action","Xóa","onClick","() => setModal({ mode: 'delOb', row: ob })","","false","","handler-candidate","unreviewed","","candidates | onboardings","","",""
"route.recruitment.form-control.input","app/(app)/recruitment/page.jsx","100","25","route.recruitment","input","form-control","","","","","false","","control-candidate","unreviewed","","candidates | onboardings","","","control_binding_unverified"
"route.recruitment.action.xoa.2","app/(app)/recruitment/page.jsx","117","22","route.recruitment","button","action","Xóa","onClick","() => setModal({ mode: 'del', row: modal.row })","","false","","handler-candidate","unreviewed","","candidates | onboardings","","",""
"route.reports.action.in-bao-cao-thang","app/(app)/reports/page.jsx","113","9","route.reports","button","action","In báo cáo tháng","onClick","printMonthly","","false","","handler-candidate","unreviewed","","clients | invoices | leads | projects | timelogs | transactions | users","GET '/api/settings' | GET '/api/insights'","",""
"route.resources.action.giao-viec","app/(app)/resources/page.jsx","116","51","route.resources","button","action","+ Giao việc","onClick","() => setAssignTo(u)","","false","!unassigned.length","handler-candidate","unreviewed","","leaves | projects | tasks | timelogs | users","","",""
"route.resources.action.gan-viec","app/(app)/resources/page.jsx","150","39","route.resources","button","action","+ Gán việc","onClick","() => setAssignTo(u)","","false","!unassigned.length","handler-candidate","unreviewed","","leaves | projects | tasks | timelogs | users","","",""
"route.resources.action.ong","app/(app)/resources/page.jsx","166","19","route.resources","button","action","Đóng","onClick","() => setAssignTo(null)","","false","","handler-candidate","unreviewed","","leaves | projects | tasks | timelogs | users","","",""
"route.resources.action.gan","app/(app)/resources/page.jsx","174","17","route.resources","AsyncButton","action","Gán","onClick","async () => { const r = await tasks.update(t.id, { assigneeId: assignTo.id }); if (r) toast(`Đã gán ""${t.title}"" cho ${assignTo.name} — họ sẽ nhận chuông thông báo`); }","","false","tasks.mutating","handler-candidate","unreviewed","","leaves | projects | tasks | timelogs | users","","",""
"route.reviews.action.button","app/(app)/reviews/page.jsx","20","9","route.reviews","button","action","⭐","onClick","() => onChange?.(n)","","false","disabled","handler-candidate","unreviewed","","reviews | users","","",""
"route.reviews.action.ong","app/(app)/reviews/page.jsx","38","9","route.reviews","button","action","Đóng","onClick","onClose","","false","","handler-candidate","unreviewed","","reviews | users","","",""
"route.reviews.action.gui-tu-anh-gia","app/(app)/reviews/page.jsx","39","21","route.reviews","AsyncButton","action","Gửi tự đánh giá","onClick","async () => { if (scores.some(s => !s.self)) return alert('Hãy tự chấm đủ 5 tiêu chí'); const r = await onSave({ scores: JSON.stringify(scores), selfNote, status: 'self_done' }); if (r !== false && r !== null) onClose(); }","","false","","handler-candidate","unreviewed","","reviews | users","","",""
"route.reviews.action.chot-anh-gia","app/(app)/reviews/page.jsx","43","20","route.reviews","AsyncButton","action","Chốt đánh giá","onClick","async () => { if (scores.some(s => !s.mgr)) return alert('Hãy chấm đủ 5 tiêu chí phần quản lý'); const r = await onSave({ scores: JSON.stringify(scores), mgrNote, status: 'final' }); if (r !== false && r !== null) onClose(); }","","false","","handler-candidate","unreviewed","","reviews | users","","",""
"route.reviews.form-control.iem-manh-ieu-muon-cai-thien-e-xuat","app/(app)/reviews/page.jsx","67","9","route.reviews","textarea","form-control","Điểm mạnh, điều muốn cải thiện, đề xuất…","","","","false","!canSelf","control-candidate","unreviewed","","reviews | users","","","control_binding_unverified"
"route.reviews.form-control.ghi-nhan-gop-y-phat-trien-muc-tieu-quy-sau","app/(app)/reviews/page.jsx","71","9","route.reviews","textarea","form-control","Ghi nhận, góp ý phát triển, mục tiêu quý sau…","","","","false","!canMgr","control-candidate","unreviewed","","reviews | users","","","control_binding_unverified"
"route.reviews.action.mo-ot-anh-gia-q","app/(app)/reviews/page.jsx","107","18","route.reviews","AsyncButton","action","Mở đợt đánh giá / {q}","onClick","openRound","","false","reviews.mutating","handler-candidate","unreviewed","","reviews | users","","",""
"route.reviews.action.tu-anh-gia-ngay-xem-phieu","app/(app)/reviews/page.jsx","117","13","route.reviews","button","action","✍ Tự đánh giá ngay / Xem phiếu","onClick","() => setModal({ row: mine })","","false","","handler-candidate","unreviewed","","reviews | users","","",""
"route.reviews.action.mo-phieu","app/(app)/reviews/page.jsx","139","23","route.reviews","button","action","Mở phiếu","onClick","() => setModal({ row: r })","","false","","handler-candidate","unreviewed","","reviews | users","","",""
"route.reviews.action.setmodal-del-r","app/(app)/reviews/page.jsx","140","32","route.reviews","button","action","","onClick","() => setModal({ del: r })","","false","","handler-candidate","unreviewed","","reviews | users","","","unlabelled_button_candidate"
"route.services.action.them-dich-vu","app/(app)/services/page.jsx","27","20","route.services","button","action","Thêm dịch vụ","onClick","() => setModal({ mode: 'add' })","","false","","handler-candidate","unreviewed","","services","","",""
"route.services.action.sua","app/(app)/services/page.jsx","40","19","route.services","button","action","Sửa","onClick","() => setModal({ mode: 'edit', row: sv })","","false","","handler-candidate","unreviewed","","services","","",""
"route.services.action.xoa","app/(app)/services/page.jsx","41","19","route.services","button","action","Xóa","onClick","() => setModal({ mode: 'del', row: sv })","","false","","handler-candidate","unreviewed","","services","","",""
"route.settings.action.khoa-mo","app/(app)/settings/page.jsx","65","15","route.settings","AsyncButton","action","Khóa / Mở","onClick","() => toggleKey(k)","","false","","handler-candidate","unreviewed","","webhooks","GET '/api/apikeys' | POST '/api/apikeys' | PUT '/api/apikeys' | DELETE '/api/apikeys' | GET '/api/settings' | PUT '/api/settings' | POST '/api/import' | PUT '/api/settings' | POST '/api/email/send'","",""
"route.settings.action.delkey-k","app/(app)/settings/page.jsx","66","15","route.settings","AsyncButton","action","","onClick","() => delKey(k)","","false","","handler-candidate","unreviewed","","webhooks","GET '/api/apikeys' | POST '/api/apikeys' | PUT '/api/apikeys' | DELETE '/api/apikeys' | GET '/api/settings' | PUT '/api/settings' | POST '/api/import' | PUT '/api/settings' | POST '/api/email/send'","",""
"route.settings.form-control.ten-key-vd-n8n-zapier","app/(app)/settings/page.jsx","70","13","route.settings","input","form-control","Tên key (VD: n8n, Zapier…)","","","","false","","control-candidate","unreviewed","","webhooks","GET '/api/apikeys' | POST '/api/apikeys' | PUT '/api/apikeys' | DELETE '/api/apikeys' | GET '/api/settings' | PUT '/api/settings' | POST '/api/import' | PUT '/api/settings' | POST '/api/email/send'","","control_binding_unverified"
"route.settings.form-control.ctrl-click-chon-nhieu-vai-tro","app/(app)/settings/page.jsx","71","13","route.settings","select","form-control","Ctrl+click chọn nhiều vai trò","","","","false","","control-candidate","unreviewed","","webhooks","GET '/api/apikeys' | POST '/api/apikeys' | PUT '/api/apikeys' | DELETE '/api/apikeys' | GET '/api/settings' | PUT '/api/settings' | POST '/api/import' | PUT '/api/settings' | POST '/api/email/send'","","control_binding_unverified"
"route.settings.action.tao-key","app/(app)/settings/page.jsx","74","13","route.settings","AsyncButton","action","Tạo key","onClick","createKey","","false","","handler-candidate","unreviewed","","webhooks","GET '/api/apikeys' | POST '/api/apikeys' | PUT '/api/apikeys' | DELETE '/api/apikeys' | GET '/api/settings' | PUT '/api/settings' | POST '/api/import' | PUT '/api/settings' | POST '/api/email/send'","",""
"route.settings.action.tat-bat","app/(app)/settings/page.jsx","85","15","route.settings","AsyncButton","action","Tắt / Bật","onClick","async () => { const r = await webhooks.update(h.id, { active: !h.active }); if (r) toast(h.active ? 'Đã tắt webhook' : 'Đã bật webhook'); }","","false","webhooks.mutating","handler-candidate","unreviewed","","webhooks","GET '/api/apikeys' | POST '/api/apikeys' | PUT '/api/apikeys' | DELETE '/api/apikeys' | GET '/api/settings' | PUT '/api/settings' | POST '/api/import' | PUT '/api/settings' | POST '/api/email/send'","",""
"route.settings.action.setdeletewebhook-h","app/(app)/settings/page.jsx","86","15","route.settings","button","action","","onClick","() => setDeleteWebhook(h)","","false","","handler-candidate","unreviewed","","webhooks","GET '/api/apikeys' | POST '/api/apikeys' | PUT '/api/apikeys' | DELETE '/api/apikeys' | GET '/api/settings' | PUT '/api/settings' | POST '/api/import' | PUT '/api/settings' | POST '/api/email/send'","",""
"route.settings.form-control.https-url-nhan-webhook","app/(app)/settings/page.jsx","90","13","route.settings","input","form-control","https://… (URL nhận webhook)","","","","false","","control-candidate","unreviewed","","webhooks","GET '/api/apikeys' | POST '/api/apikeys' | PUT '/api/apikeys' | DELETE '/api/apikeys' | GET '/api/settings' | PUT '/api/settings' | POST '/api/import' | PUT '/api/settings' | POST '/api/email/send'","","control_binding_unverified"
"route.settings.form-control.su-kien-mac-inh","app/(app)/settings/page.jsx","92","15","route.settings","input","form-control","Sự kiện (mặc định *)","","","","false","","control-candidate","unreviewed","","webhooks","GET '/api/apikeys' | POST '/api/apikeys' | PUT '/api/apikeys' | DELETE '/api/apikeys' | GET '/api/settings' | PUT '/api/settings' | POST '/api/import' | PUT '/api/settings' | POST '/api/email/send'","","control_binding_unverified"
"route.settings.form-control.secret-tuy-chon","app/(app)/settings/page.jsx","93","15","route.settings","input","form-control","Secret (tùy chọn)","","","","false","","control-candidate","unreviewed","","webhooks","GET '/api/apikeys' | POST '/api/apikeys' | PUT '/api/apikeys' | DELETE '/api/apikeys' | GET '/api/settings' | PUT '/api/settings' | POST '/api/import' | PUT '/api/settings' | POST '/api/email/send'","","control_binding_unverified"
"route.settings.action.them","app/(app)/settings/page.jsx","94","15","route.settings","AsyncButton","action","Thêm","onClick","addWebhook","","false","webhooks.mutating","handler-candidate","unreviewed","","webhooks","GET '/api/apikeys' | POST '/api/apikeys' | PUT '/api/apikeys' | DELETE '/api/apikeys' | GET '/api/settings' | PUT '/api/settings' | POST '/api/import' | PUT '/api/settings' | POST '/api/email/send'","",""
"route.settings.action.copy-ong","app/(app)/settings/page.jsx","101","19","route.settings","button","action","Copy & đóng","onClick","() => { navigator.clipboard?.writeText(newKey.key); toast('Đã copy key'); setNewKey(null); }","","false","","handler-candidate","unreviewed","","webhooks","GET '/api/apikeys' | POST '/api/apikeys' | PUT '/api/apikeys' | DELETE '/api/apikeys' | GET '/api/settings' | PUT '/api/settings' | POST '/api/import' | PUT '/api/settings' | POST '/api/email/send'","",""
"route.settings.form-control.input","app/(app)/settings/page.jsx","144","7","route.settings","input","form-control","","","","","false","","control-candidate","unreviewed","","webhooks","GET '/api/apikeys' | POST '/api/apikeys' | PUT '/api/apikeys' | DELETE '/api/apikeys' | GET '/api/settings' | PUT '/api/settings' | POST '/api/import' | PUT '/api/settings' | POST '/api/email/send'","","control_binding_unverified"
"route.settings.form-control.input.2","app/(app)/settings/page.jsx","176","17","route.settings","input","form-control","","","","","false","","control-candidate","unreviewed","","webhooks","GET '/api/apikeys' | POST '/api/apikeys' | PUT '/api/apikeys' | DELETE '/api/apikeys' | GET '/api/settings' | PUT '/api/settings' | POST '/api/import' | PUT '/api/settings' | POST '/api/email/send'","","control_binding_unverified"
"route.settings.form-control.input.3","app/(app)/settings/page.jsx","185","19","route.settings","input","form-control","","","","","false","","control-candidate","unreviewed","","webhooks","GET '/api/apikeys' | POST '/api/apikeys' | PUT '/api/apikeys' | DELETE '/api/apikeys' | GET '/api/settings' | PUT '/api/settings' | POST '/api/import' | PUT '/api/settings' | POST '/api/email/send'","","control_binding_unverified"
"route.settings.action.mau","app/(app)/settings/page.jsx","201","19","route.settings","button","action","Mẫu:","onClick","() => setS({ ...s, modules: [...p.mods] })","","false","","handler-candidate","unreviewed","","webhooks","GET '/api/apikeys' | POST '/api/apikeys' | PUT '/api/apikeys' | DELETE '/api/apikeys' | GET '/api/settings' | PUT '/api/settings' | POST '/api/import' | PUT '/api/settings' | POST '/api/email/send'","",""
"route.settings.action.bat-tat-ca","app/(app)/settings/page.jsx","204","17","route.settings","button","action","Bật tất cả","onClick","() => setS({ ...s, modules: MODULE_GROUPS.filter(g => !g.soon).map(g => g.mod) })","","false","","handler-candidate","unreviewed","","webhooks","GET '/api/apikeys' | POST '/api/apikeys' | PUT '/api/apikeys' | DELETE '/api/apikeys' | GET '/api/settings' | PUT '/api/settings' | POST '/api/import' | PUT '/api/settings' | POST '/api/email/send'","",""
"route.settings.form-control.input.4","app/(app)/settings/page.jsx","214","23","route.settings","input","form-control","","","","","false","","control-candidate","unreviewed","","webhooks","GET '/api/apikeys' | POST '/api/apikeys' | PUT '/api/apikeys' | DELETE '/api/apikeys' | GET '/api/settings' | PUT '/api/settings' | POST '/api/import' | PUT '/api/settings' | POST '/api/email/send'","","control_binding_unverified"
"route.settings.form-control.input.5","app/(app)/settings/page.jsx","238","15","route.settings","input","form-control","••••••••","","","","false","","control-candidate","unreviewed","","webhooks","GET '/api/apikeys' | POST '/api/apikeys' | PUT '/api/apikeys' | DELETE '/api/apikeys' | GET '/api/settings' | PUT '/api/settings' | POST '/api/import' | PUT '/api/settings' | POST '/api/email/send'","","control_binding_unverified"
"route.settings.action.luu-gui-email-thu-toi-chinh-hop-thu-nay","app/(app)/settings/page.jsx","242","15","route.settings","AsyncButton","action","Lưu & gửi email thử tới chính hộp thư này","onClick","async () => { const save = await fetch('/api/settings', { method: 'PUT', headers: { 'Content-Type': 'application/json' }, body: JSON.stringify(s) }); if (!save.ok) return toast('Lưu cài đặt thất bại', 'error'); const r = await fetch('/api/…","","false","","handler-candidate","unreviewed","","webhooks","GET '/api/apikeys' | POST '/api/apikeys' | PUT '/api/apikeys' | DELETE '/api/apikeys' | GET '/api/settings' | PUT '/api/settings' | POST '/api/import' | PUT '/api/settings' | POST '/api/email/send'","",""
"route.settings.form-control.sk-ant-tao-tai-console-anthropic-com","app/(app)/settings/page.jsx","252","15","route.settings","input","form-control","sk-ant-… (tạo tại console.anthropic.com)","","","","false","","control-candidate","unreviewed","","webhooks","GET '/api/apikeys' | POST '/api/apikeys' | PUT '/api/apikeys' | DELETE '/api/apikeys' | GET '/api/settings' | PUT '/api/settings' | POST '/api/import' | PUT '/api/settings' | POST '/api/email/send'","","control_binding_unverified"
"route.settings.action.luu-cai-at","app/(app)/settings/page.jsx","256","42","route.settings","AsyncButton","action","Lưu cài đặt","onClick","save","","false","","handler-candidate","unreviewed","","webhooks","GET '/api/apikeys' | POST '/api/apikeys' | PUT '/api/apikeys' | DELETE '/api/apikeys' | GET '/api/settings' | PUT '/api/settings' | POST '/api/import' | PUT '/api/settings' | POST '/api/email/send'","",""
"route.settings.action.ang-import-chon-file-json-v1","app/(app)/settings/page.jsx","267","13","route.settings","button","action","Đang import… / Chọn file JSON v1","onClick","() => fileRef.current.click()","","false","importing","handler-candidate","unreviewed","","webhooks","GET '/api/apikeys' | POST '/api/apikeys' | PUT '/api/apikeys' | DELETE '/api/apikeys' | GET '/api/settings' | PUT '/api/settings' | POST '/api/import' | PUT '/api/settings' | POST '/api/email/send'","",""
"route.settings.form-control.input.6","app/(app)/settings/page.jsx","270","13","route.settings","input","form-control","","","","","false","","control-candidate","unreviewed","","webhooks","GET '/api/apikeys' | POST '/api/apikeys' | PUT '/api/apikeys' | DELETE '/api/apikeys' | GET '/api/settings' | PUT '/api/settings' | POST '/api/import' | PUT '/api/settings' | POST '/api/email/send'","","control_binding_unverified"
"route.shipments.action.lo-hang-moi","app/(app)/shipments/page.jsx","140","9","route.shipments","button","action","Lô hàng mới","onClick","() => setModal({ row: null })","","false","","handler-candidate","unreviewed","","areacodes | clients | growingareas | shipmentdocs | shipments | stocklots | stockmoves","POST `/api/shipments/${s.id}/pay`","",""
"route.shipments.action.done","app/(app)/shipments/page.jsx","152","19","route.shipments","tr","action","{done} / /","onClick","() => setDetail(s)","","false","","handler-candidate","unreviewed","","areacodes | clients | growingareas | shipmentdocs | shipments | stocklots | stockmoves","POST `/api/shipments/${s.id}/pay`","","clickable_non_semantic | keyboard_path_unverified"
"route.shipments.action.e-e-stoppropagation","app/(app)/shipments/page.jsx","161","21","route.shipments","td","action","","onClick","e => e.stopPropagation()","","false","","handler-candidate","unreviewed","","areacodes | clients | growingareas | shipmentdocs | shipments | stocklots | stockmoves","POST `/api/shipments/${s.id}/pay`","","clickable_non_semantic | keyboard_path_unverified"
"route.shipments.action.ghi-nhan-thanh-toan-phieu-thu","app/(app)/shipments/page.jsx","162","47","route.shipments","button","action","Ghi nhận thanh toán → phiếu thu","onClick","() => setModal({ pay: s })","","false","","handler-candidate","unreviewed","","areacodes | clients | growingareas | shipmentdocs | shipments | stocklots | stockmoves","POST `/api/shipments/${s.id}/pay`","",""
"route.shipments.action.sua","app/(app)/shipments/page.jsx","164","23","route.shipments","button","action","Sửa","onClick","() => setModal({ row: s })","","false","","handler-candidate","unreviewed","","areacodes | clients | growingareas | shipmentdocs | shipments | stocklots | stockmoves","POST `/api/shipments/${s.id}/pay`","",""
"route.shipments.action.xoa","app/(app)/shipments/page.jsx","165","23","route.shipments","button","action","Xóa","onClick","() => setModal({ del: s })","","false","","handler-candidate","unreviewed","","areacodes | clients | growingareas | shipmentdocs | shipments | stocklots | stockmoves","POST `/api/shipments/${s.id}/pay`","",""
"route.shipments.action.lo-i-gia-tri-thanh-toan-kg-vung-trong-co-so-ong-goi-container-se","app/(app)/shipments/page.jsx","206","5","route.shipments","div","action","Lô / — / đi / Giá trị · / Thanh toán / kg / Vùng trồng: / Cơ sở đóng gói: / Container/Seal: / B/L: / ETD → ETA: / → / Bộ chứng từ ( / / / ) / Đóng","onClick","onClose","","false","","handler-candidate","unreviewed","","areacodes | clients | growingareas | shipmentdocs | shipments | stocklots | stockmoves","POST `/api/shipments/${s.id}/pay`","","clickable_non_semantic | keyboard_path_unverified"
"route.shipments.action.lo-i-gia-tri-thanh-toan-kg-vung-trong-co-so-ong-goi-container-se.2","app/(app)/shipments/page.jsx","207","7","route.shipments","div","action","Lô / — / đi / Giá trị · / Thanh toán / kg / Vùng trồng: / Cơ sở đóng gói: / Container/Seal: / B/L: / ETD → ETA: / → / Bộ chứng từ ( / / / ) / Đóng","onClick","e => e.stopPropagation()","","false","","handler-candidate","unreviewed","","areacodes | clients | growingareas | shipmentdocs | shipments | stocklots | stockmoves","POST `/api/shipments/${s.id}/pay`","","clickable_non_semantic | keyboard_path_unverified"
"route.shipments.action.ong","app/(app)/shipments/page.jsx","209","11","route.shipments","button","action","Đóng","onClick","onClose","","false","","handler-candidate","unreviewed","","areacodes | clients | growingareas | shipmentdocs | shipments | stocklots | stockmoves","POST `/api/shipments/${s.id}/pay`","",""
"route.shipments.form-control.input","app/(app)/shipments/page.jsx","253","15","route.shipments","input","form-control","","","","","false","","control-candidate","unreviewed","","areacodes | clients | growingareas | shipmentdocs | shipments | stocklots | stockmoves","POST `/api/shipments/${s.id}/pay`","","control_binding_unverified"
"route.shipments.action.ong.2","app/(app)/shipments/page.jsx","260","37","route.shipments","button","action","Đóng","onClick","onClose","","false","","handler-candidate","unreviewed","","areacodes | clients | growingareas | shipmentdocs | shipments | stocklots | stockmoves","POST `/api/shipments/${s.id}/pay`","",""
"route.staff-id.navigation.ho-so-nhom","app/(app)/staff/[id]/page.jsx","55","9","route.staff-id","Link","navigation","← Hồ sơ & nhóm","","","/staff","false","","navigation-candidate","unreviewed","","assets | attendance | leaves | okr | reviews | tasks | teams | timelogs | users","GET '/api/settings'","",""
"route.staff.action.huy","app/(app)/staff/page.jsx","21","17","route.staff","button","action","Hủy","onClick","onClose","","false","","handler-candidate","unreviewed","","leaves | teams | users","GET '/api/settings' | method '/api/users'","",""
"route.staff.action.luu","app/(app)/staff/page.jsx","22","9","route.staff","AsyncButton","action","Lưu","onClick","() => onSave(f)","","false","","handler-candidate","unreviewed","","leaves | teams | users","GET '/api/settings' | method '/api/users'","",""
"route.staff.form-control.input","app/(app)/staff/page.jsx","24","84","route.staff","input","form-control","","","","","false","","control-candidate","unreviewed","","leaves | teams | users","GET '/api/settings' | method '/api/users'","","control_binding_unverified"
"route.staff.form-control.input.2","app/(app)/staff/page.jsx","25","102","route.staff","input","form-control","","","","","false","","control-candidate","unreviewed","","leaves | teams | users","GET '/api/settings' | method '/api/users'","","control_binding_unverified"
"route.staff.form-control.toi-thieu-6-ky-tu","app/(app)/staff/page.jsx","26","107","route.staff","input","form-control","Tối thiểu 6 ký tự","","","","false","","control-candidate","unreviewed","","leaves | teams | users","GET '/api/settings' | method '/api/users'","","control_binding_unverified"
"route.staff.form-control.input.3","app/(app)/staff/page.jsx","27","56","route.staff","input","form-control","","","","","false","","control-candidate","unreviewed","","leaves | teams | users","GET '/api/settings' | method '/api/users'","","control_binding_unverified"
"route.staff.form-control.input.4","app/(app)/staff/page.jsx","28","57","route.staff","input","form-control","","","","","false","","control-candidate","unreviewed","","leaves | teams | users","GET '/api/settings' | method '/api/users'","","control_binding_unverified"
"route.staff.form-control.input.5","app/(app)/staff/page.jsx","29","56","route.staff","input","form-control","","","","","false","","control-candidate","unreviewed","","leaves | teams | users","GET '/api/settings' | method '/api/users'","","control_binding_unverified"
"route.staff.form-control.input.6","app/(app)/staff/page.jsx","30","62","route.staff","input","form-control","","","","","false","","control-candidate","unreviewed","","leaves | teams | users","GET '/api/settings' | method '/api/users'","","control_binding_unverified"
"route.staff.form-control.khong-thuoc-nhom","app/(app)/staff/page.jsx","32","11","route.staff","select","form-control","— Không thuộc nhóm —","","","","false","","control-candidate","unreviewed","","leaves | teams | users","GET '/api/settings' | method '/api/users'","","control_binding_unverified"
"route.staff.form-control.ang-lam-viec-a-nghi-khoa-ang-nhap","app/(app)/staff/page.jsx","36","11","route.staff","select","form-control","Đang làm việc / Đã nghỉ (khóa đăng nhập)","","","","false","","control-candidate","unreviewed","","leaves | teams | users","GET '/api/settings' | method '/api/users'","","control_binding_unverified"
"route.staff.form-control.input.7","app/(app)/staff/page.jsx","43","19","route.staff","input","form-control","","","","","false","","control-candidate","unreviewed","","leaves | teams | users","GET '/api/settings' | method '/api/users'","","control_binding_unverified"
"route.staff.form-control.input.8","app/(app)/staff/page.jsx","55","15","route.staff","input","form-control","","","","","false","","control-candidate","unreviewed","","leaves | teams | users","GET '/api/settings' | method '/api/users'","","control_binding_unverified"
"route.staff.action.tao-tai-khoan","app/(app)/staff/page.jsx","135","27","route.staff","button","action","Tạo tài khoản","onClick","() => setModal({ mode: 'user', row: null })","","false","","handler-candidate","unreviewed","","leaves | teams | users","GET '/api/settings' | method '/api/users'","",""
"route.staff.navigation.toi","app/(app)/staff/page.jsx","143","21","route.staff","Link","navigation","(tôi)","","","`/staff/${u.id}`","false","","navigation-candidate","unreviewed","","leaves | teams | users","GET '/api/settings' | method '/api/users'","",""
"route.staff.action.sua","app/(app)/staff/page.jsx","154","21","route.staff","button","action","Sửa","onClick","() => setModal({ mode: 'user', row: u })","","false","","handler-candidate","unreviewed","","leaves | teams | users","GET '/api/settings' | method '/api/users'","",""
"route.staff.action.xin-nghi-phep","app/(app)/staff/page.jsx","169","13","route.staff","button","action","Xin nghỉ phép","onClick","() => setModal({ mode: 'leave' })","","false","","handler-candidate","unreviewed","","leaves | teams | users","GET '/api/settings' | method '/api/users'","",""
"route.staff.action.xoa","app/(app)/staff/page.jsx","180","35","route.staff","button","action","Xóa","onClick","() => setModal({ mode: 'delLeave', row: l })","","false","","handler-candidate","unreviewed","","leaves | teams | users","GET '/api/settings' | method '/api/users'","",""
"route.staff.action.tao-nhom","app/(app)/staff/page.jsx","193","37","route.staff","button","action","Tạo nhóm","onClick","() => setModal({ mode: 'team' })","","false","","handler-candidate","unreviewed","","leaves | teams | users","GET '/api/settings' | method '/api/users'","",""
"route.staff.action.sua.2","app/(app)/staff/page.jsx","204","49","route.staff","button","action","Sửa","onClick","() => setModal({ mode: 'team', row: t })","","false","","handler-candidate","unreviewed","","leaves | teams | users","GET '/api/settings' | method '/api/users'","",""
"route.tasks.action.xoa","app/(app)/tasks/page.jsx","69","20","route.tasks","button","action","Xóa","onClick","onDelete","","false","","handler-candidate","unreviewed","","phases | projects | taskcomments | taskevents | tasks | timelogs | users","","",""
"route.tasks.action.huy","app/(app)/tasks/page.jsx","70","9","route.tasks","button","action","Hủy","onClick","onClose","","false","saving","handler-candidate","unreviewed","","phases | projects | taskcomments | taskevents | tasks | timelogs | users","","",""
"route.tasks.action.ang-luu-luu","app/(app)/tasks/page.jsx","71","9","route.tasks","button","action","Đang lưu… / Lưu","onClick","saveTask","","false","saving","handler-candidate","unreviewed","","phases | projects | taskcomments | taskevents | tasks | timelogs | users","","",""
"route.tasks.form-control.input","app/(app)/tasks/page.jsx","74","67","route.tasks","input","form-control","","","","","false","","control-candidate","unreviewed","","phases | projects | taskcomments | taskevents | tasks | timelogs | users","","","control_binding_unverified"
"route.tasks.form-control.viec-chung","app/(app)/tasks/page.jsx","76","11","route.tasks","select","form-control","— Việc chung —","","","","false","","control-candidate","unreviewed","","phases | projects | taskcomments | taskevents | tasks | timelogs | users","","","control_binding_unverified"
"route.tasks.form-control.select","app/(app)/tasks/page.jsx","81","11","route.tasks","select","form-control","","","","","false","!isMgmt && task.assigneeId !== me?.id","control-candidate","unreviewed","","phases | projects | taskcomments | taskevents | tasks | timelogs | users","","","control_binding_unverified"
"route.tasks.form-control.select.2","app/(app)/tasks/page.jsx","85","11","route.tasks","select","form-control","","","","","false","","control-candidate","unreviewed","","phases | projects | taskcomments | taskevents | tasks | timelogs | users","","","control_binding_unverified"
"route.tasks.form-control.select.3","app/(app)/tasks/page.jsx","89","11","route.tasks","select","form-control","","","","","false","","control-candidate","unreviewed","","phases | projects | taskcomments | taskevents | tasks | timelogs | users","","","control_binding_unverified"
"route.tasks.form-control.input.2","app/(app)/tasks/page.jsx","92","61","route.tasks","input","form-control","","","","","false","","control-candidate","unreviewed","","phases | projects | taskcomments | taskevents | tasks | timelogs | users","","","control_binding_unverified"
"route.tasks.form-control.vd-8","app/(app)/tasks/page.jsx","94","11","route.tasks","input","form-control","VD: 8","","","","false","","control-candidate","unreviewed","","phases | projects | taskcomments | taskevents | tasks | timelogs | users","","","control_binding_unverified"
"route.tasks.form-control.select.4","app/(app)/tasks/page.jsx","96","11","route.tasks","select","form-control","","","","","false","","control-candidate","unreviewed","","phases | projects | taskcomments | taskevents | tasks | timelogs | users","","","control_binding_unverified"
"route.tasks.form-control.chua-xep","app/(app)/tasks/page.jsx","100","11","route.tasks","select","form-control","— Chưa xếp —","","","","false","","control-candidate","unreviewed","","phases | projects | taskcomments | taskevents | tasks | timelogs | users","","","control_binding_unverified"
"route.tasks.action.lb","app/(app)/tasks/page.jsx","107","15","route.tasks","span","action","{lb} / ✕","onClick","() => set('labels', f.labels.filter((_, j) => j !== i))","","false","","handler-candidate","unreviewed","","phases | projects | taskcomments | taskevents | tasks | timelogs | users","","","clickable_non_semantic | keyboard_path_unverified"
"route.tasks.form-control.them-nhan-enter","app/(app)/tasks/page.jsx","109","13","route.tasks","input","form-control","Thêm nhãn… (Enter)","","","","false","","control-candidate","unreviewed","","phases | projects | taskcomments | taskevents | tasks | timelogs | users","","","control_binding_unverified"
"route.tasks.form-control.select.5","app/(app)/tasks/page.jsx","113","11","route.tasks","select","form-control","","","","","false","","control-candidate","unreviewed","","phases | projects | taskcomments | taskevents | tasks | timelogs | users","","","control_binding_unverified"
"route.tasks.form-control.textarea","app/(app)/tasks/page.jsx","116","57","route.tasks","textarea","form-control","","","","","false","","control-candidate","unreviewed","","phases | projects | taskcomments | taskevents | tasks | timelogs | users","","","control_binding_unverified"
"route.tasks.form-control.input.3","app/(app)/tasks/page.jsx","123","15","route.tasks","input","form-control","","","","","false","","control-candidate","unreviewed","","phases | projects | taskcomments | taskevents | tasks | timelogs | users","","","control_binding_unverified"
"route.tasks.action.set-checklist-f-checklist-filter-j-j-i","app/(app)/tasks/page.jsx","126","15","route.tasks","button","action","","onClick","() => set('checklist', f.checklist.filter((_, j) => j !== i))","","false","","handler-candidate","unreviewed","","phases | projects | taskcomments | taskevents | tasks | timelogs | users","","","unlabelled_button_candidate"
"route.tasks.form-control.them-buoc-con-enter","app/(app)/tasks/page.jsx","130","13","route.tasks","input","form-control","Thêm bước con… (Enter)","","","","false","","control-candidate","unreviewed","","phases | projects | taskcomments | taskevents | tasks | timelogs | users","","","control_binding_unverified"
"route.tasks.action.if-newitem-trim-set-checklist-f-checklist-text-newitem-trim-done","app/(app)/tasks/page.jsx","132","13","route.tasks","button","action","","onClick","() => { if (newItem.trim()) { set('checklist', [...f.checklist, { text: newItem.trim(), done: false }]); setNewItem(''); } }","","false","","handler-candidate","unreviewed","","phases | projects | taskcomments | taskevents | tasks | timelogs | users","","","unlabelled_button_candidate"
"route.tasks.form-control.gio","app/(app)/tasks/page.jsx","140","11","route.tasks","input","form-control","giờ","","","","false","","control-candidate","unreviewed","","phases | projects | taskcomments | taskevents | tasks | timelogs | users","","","control_binding_unverified"
"route.tasks.action.ghi-gio","app/(app)/tasks/page.jsx","141","11","route.tasks","AsyncButton","action","Ghi giờ","onClick","quickLog","","false","timelogs.mutating","handler-candidate","unreviewed","","phases | projects | taskcomments | taskevents | tasks | timelogs | users","","",""
"route.tasks.action.xoa-binh-luan","app/(app)/tasks/page.jsx","161","41","route.tasks","button","action","Xóa bình luận","onClick","() => setCommentToDelete(c)","","false","","handler-candidate","unreviewed","","phases | projects | taskcomments | taskevents | tasks | timelogs | users","","",""
"route.tasks.form-control.viet-binh-luan-go-ten-e-nhac-enter-gui","app/(app)/tasks/page.jsx","167","13","route.tasks","input","form-control","Viết bình luận… gõ @tên để nhắc (Enter gửi)","","","","false","","control-candidate","unreviewed","","phases | projects | taskcomments | taskevents | tasks | timelogs | users","","","control_binding_unverified"
"route.tasks.action.gui","app/(app)/tasks/page.jsx","169","13","route.tasks","AsyncButton","action","Gửi","onClick","sendCmt","","false","comments.mutating","handler-candidate","unreviewed","","phases | projects | taskcomments | taskevents | tasks | timelogs | users","","",""
"route.tasks.action.selmode-togglesel-t-id-setmodal-mode-edit-row-t","app/(app)/tasks/page.jsx","275","7","route.tasks","div","action","","onClick","() => selMode ? toggleSel(t.id) : setModal({ mode: 'edit', row: t })","","false","","handler-candidate","unreviewed","","phases | projects | taskcomments | taskevents | tasks | timelogs | users","","","clickable_non_semantic | keyboard_path_unverified"
"route.tasks.form-control.input.4","app/(app)/tasks/page.jsx","279","48","route.tasks","input","form-control","","","","","false","","control-candidate","unreviewed","","phases | projects | taskcomments | taskevents | tasks | timelogs | users","","","control_binding_unverified"
"route.tasks.form-control.tat-ca-du-an-viec-chung","app/(app)/tasks/page.jsx","326","9","route.tasks","select","form-control","Tất cả dự án / Việc chung","","","","false","","control-candidate","unreviewed","","phases | projects | taskcomments | taskevents | tasks | timelogs | users","","","control_binding_unverified"
"route.tasks.form-control.moi-nguoi-phu-trach","app/(app)/tasks/page.jsx","331","9","route.tasks","select","form-control","Mọi người phụ trách","","","","false","","control-candidate","unreviewed","","phases | projects | taskcomments | taskevents | tasks | timelogs | users","","","control_binding_unverified"
"route.tasks.form-control.moi-nhan","app/(app)/tasks/page.jsx","335","34","route.tasks","select","form-control","Mọi nhãn","","","","false","","control-candidate","unreviewed","","phases | projects | taskcomments | taskevents | tasks | timelogs | users","","","control_binding_unverified"
"route.tasks.form-control.nhom-trang-thai-nhom-nguoi-phu-trach-nhom-giai-oan","app/(app)/tasks/page.jsx","339","9","route.tasks","select","form-control","Nhóm: Trạng thái / Nhóm: Người phụ trách / Nhóm: Giai đoạn","","","","false","","control-candidate","unreviewed","","phases | projects | taskcomments | taskevents | tasks | timelogs | users","","","control_binding_unverified"
"route.tasks.form-control.input.5","app/(app)/tasks/page.jsx","345","11","route.tasks","input","form-control","","","","","false","","control-candidate","unreviewed","","phases | projects | taskcomments | taskevents | tasks | timelogs | users","","","control_binding_unverified"
"route.tasks.action.xong-chon-nhieu","app/(app)/tasks/page.jsx","348","20","route.tasks","button","action","Xong / Chọn nhiều","onClick","() => { setSelMode(!selMode); setSel(new Set()); }","","false","","handler-candidate","unreviewed","","phases | projects | taskcomments | taskevents | tasks | timelogs | users","","",""
"route.tasks.action.them-cong-viec","app/(app)/tasks/page.jsx","349","32","route.tasks","button","action","Thêm công việc","onClick","() => setModal({ mode: 'add' })","","false","","handler-candidate","unreviewed","","phases | projects | taskcomments | taskevents | tasks | timelogs | users","","",""
"route.tasks.form-control.gan-cho","app/(app)/tasks/page.jsx","355","11","route.tasks","select","form-control","Gán cho…","","","","false","","control-candidate","unreviewed","","phases | projects | taskcomments | taskevents | tasks | timelogs | users","","","control_binding_unverified"
"route.tasks.form-control.oi-trang-thai","app/(app)/tasks/page.jsx","359","11","route.tasks","select","form-control","Đổi trạng thái…","","","","false","","control-candidate","unreviewed","","phases | projects | taskcomments | taskevents | tasks | timelogs | users","","","control_binding_unverified"
"route.tasks.form-control.oi-han-cho-tat-ca","app/(app)/tasks/page.jsx","363","11","route.tasks","input","form-control","Đổi hạn cho tất cả","","","","false","","control-candidate","unreviewed","","phases | projects | taskcomments | taskevents | tasks | timelogs | users","","","control_binding_unverified"
"route.tasks.action.bo-chon","app/(app)/tasks/page.jsx","364","11","route.tasks","button","action","Bỏ chọn","onClick","() => setSel(new Set())","","false","","handler-candidate","unreviewed","","phases | projects | taskcomments | taskevents | tasks | timelogs | users","","",""
"route.templates.action.huy","app/(app)/templates/page.jsx","23","17","route.templates","button","action","Hủy","onClick","onClose","","false","","handler-candidate","unreviewed","","projecttemplates","","",""
"route.templates.action.luu-mau","app/(app)/templates/page.jsx","24","9","route.templates","AsyncButton","action","Lưu mẫu","onClick","async () => { if (!name.trim()) return; const result = await onSave({ name: name.trim(), service, budgetHours: +budgetHours || 0, phases: JSON.stringify(phases.filter(p => p.name?.trim()).map(p => ({ name: p.name.trim(), tasks: (p.tasks ||…","","false","","handler-candidate","unreviewed","","projecttemplates","","",""
"route.templates.form-control.vd-du-an-branding-chuan","app/(app)/templates/page.jsx","32","56","route.templates","input","form-control","VD: Dự án Branding chuẩn","","","","false","","control-candidate","unreviewed","","projecttemplates","","","control_binding_unverified"
"route.templates.form-control.branding","app/(app)/templates/page.jsx","33","54","route.templates","input","form-control","Branding","","","","false","","control-candidate","unreviewed","","projecttemplates","","","control_binding_unverified"
"route.templates.form-control.input","app/(app)/templates/page.jsx","34","66","route.templates","input","form-control","","","","","false","","control-candidate","unreviewed","","projecttemplates","","","control_binding_unverified"
"route.templates.form-control.ten-giai-oan","app/(app)/templates/page.jsx","42","15","route.templates","input","form-control","Tên giai đoạn","","","","false","","control-candidate","unreviewed","","projecttemplates","","","control_binding_unverified"
"route.templates.action.setphases-p-p-filter-j-j-pi","app/(app)/templates/page.jsx","43","15","route.templates","button","action","","onClick","() => setPhases(p => p.filter((_, j) => j !== pi))","","false","","handler-candidate","unreviewed","","projecttemplates","","","unlabelled_button_candidate"
"route.templates.form-control.ten-viec","app/(app)/templates/page.jsx","47","17","route.templates","input","form-control","Tên việc","","","","false","","control-candidate","unreviewed","","projecttemplates","","","control_binding_unverified"
"route.templates.form-control.gio-uoc-luong","app/(app)/templates/page.jsx","48","17","route.templates","input","form-control","Giờ ước lượng","","","","false","","control-candidate","unreviewed","","projecttemplates","","","control_binding_unverified"
"route.templates.form-control.select","app/(app)/templates/page.jsx","49","17","route.templates","select","form-control","","","","","false","","control-candidate","unreviewed","","projecttemplates","","","control_binding_unverified"
"route.templates.form-control.han-ngay-bat-au-n-ngay","app/(app)/templates/page.jsx","52","17","route.templates","input","form-control","Hạn = ngày bắt đầu + N ngày","","","","false","","control-candidate","unreviewed","","projecttemplates","","","control_binding_unverified"
"route.templates.action.setphase-pi-tasks-ph-tasks-filter-j-j-ti","app/(app)/templates/page.jsx","53","17","route.templates","button","action","","onClick","() => setPhase(pi, 'tasks', ph.tasks.filter((_, j) => j !== ti))","","false","","handler-candidate","unreviewed","","projecttemplates","","","unlabelled_button_candidate"
"route.templates.action.them-viec","app/(app)/templates/page.jsx","56","13","route.templates","button","action","Thêm việc","onClick","() => setPhase(pi, 'tasks', [...(ph.tasks || []), { title: '', estHours: 0, priority: 'medium', offsetDays: null }])","","false","","handler-candidate","unreviewed","","projecttemplates","","",""
"route.templates.action.them-giai-oan","app/(app)/templates/page.jsx","60","7","route.templates","button","action","Thêm giai đoạn","onClick","() => setPhases([...phases, { name: `Giai đoạn ${phases.length + 1}`, tasks: [] }])","","false","","handler-candidate","unreviewed","","projecttemplates","","",""
"route.templates.form-control.ten-moc","app/(app)/templates/page.jsx","65","11","route.templates","input","form-control","Tên mốc","","","","false","","control-candidate","unreviewed","","projecttemplates","","","control_binding_unverified"
"route.templates.form-control.ngay","app/(app)/templates/page.jsx","66","11","route.templates","input","form-control","+ngày","","","","false","","control-candidate","unreviewed","","projecttemplates","","","control_binding_unverified"
"route.templates.action.setmilestones-ms-ms-filter-j-j-i","app/(app)/templates/page.jsx","67","11","route.templates","button","action","","onClick","() => setMilestones(ms => ms.filter((_, j) => j !== i))","","false","","handler-candidate","unreviewed","","projecttemplates","","","unlabelled_button_candidate"
"route.templates.action.them-moc","app/(app)/templates/page.jsx","70","7","route.templates","button","action","Thêm mốc","onClick","() => setMilestones([...milestones, { name: '', offsetDays: 0 }])","","false","","handler-candidate","unreviewed","","projecttemplates","","",""
"route.templates.action.tao-mau","app/(app)/templates/page.jsx","86","9","route.templates","button","action","Tạo mẫu","onClick","() => setModal({ mode: 'add' })","","false","","handler-candidate","unreviewed","","projecttemplates","","",""
"route.templates.action.setmodal-mode-edit-row-t","app/(app)/templates/page.jsx","96","21","route.templates","button","action","","onClick","() => setModal({ mode: 'edit', row: t })","","false","","handler-candidate","unreviewed","","projecttemplates","","","unlabelled_button_candidate"
"route.templates.action.setmodal-mode-del-row-t","app/(app)/templates/page.jsx","97","21","route.templates","button","action","","onClick","() => setModal({ mode: 'del', row: t })","","false","","handler-candidate","unreviewed","","projecttemplates","","","unlabelled_button_candidate"
"route.tickets.action.huy","app/(app)/tickets/page.jsx","12","17","route.tickets","button","action","Hủy","onClick","onClose","","false","","handler-candidate","unreviewed","","clients | csat | tickets | users","","",""
"route.tickets.action.luu-anh-gia","app/(app)/tickets/page.jsx","13","9","route.tickets","AsyncButton","action","Lưu đánh giá","onClick","async () => { const r = await onSave(score, comment); if (r !== false && r !== null) onClose(); }","","false","","handler-candidate","unreviewed","","clients | csat | tickets | users","","",""
"route.tickets.action.button","app/(app)/tickets/page.jsx","17","11","route.tickets","button","action","⭐","onClick","() => setScore(n)","","false","","handler-candidate","unreviewed","","clients | csat | tickets | users","","",""
"route.tickets.form-control.gop-y-cua-khach-tuy-chon","app/(app)/tickets/page.jsx","21","7","route.tickets","textarea","form-control","Góp ý của khách (tùy chọn)","","","","false","","control-candidate","unreviewed","","clients | csat | tickets | users","","","control_binding_unverified"
"route.tickets.form-control.ang-mo-mac-inh-tat-ca","app/(app)/tickets/page.jsx","106","9","route.tickets","select","form-control","Đang mở (mặc định) / Tất cả","","","","false","","control-candidate","unreviewed","","clients | csat | tickets | users","","","control_binding_unverified"
"route.tickets.action.tao-ticket","app/(app)/tickets/page.jsx","112","9","route.tickets","button","action","Tạo ticket","onClick","() => setModal({ mode: 'add' })","","false","","handler-candidate","unreviewed","","clients | csat | tickets | users","","",""
"route.tickets.action.anh-dau-a-xu-ly","app/(app)/tickets/page.jsx","134","23","route.tickets","AsyncButton","action","Đánh dấu đã xử lý","onClick","async () => { const r = await update(t.id, { status: 'resolved', resolvedAt: new Date().toISOString() }); if (r) toast('Đã xử lý ' + t.code); }","","false","mutating","handler-candidate","unreviewed","","clients | csat | tickets | users","","",""
"route.tickets.action.button.2","app/(app)/tickets/page.jsx","138","25","route.tickets","button","action","⭐","onClick","() => setModal({ mode: 'csat', row: t })","","false","","handler-candidate","unreviewed","","clients | csat | tickets | users","","",""
"route.tickets.action.sua","app/(app)/tickets/page.jsx","140","21","route.tickets","button","action","Sửa","onClick","() => setModal({ mode: 'edit', row: t })","","false","","handler-candidate","unreviewed","","clients | csat | tickets | users","","",""
"route.tickets.action.xoa","app/(app)/tickets/page.jsx","141","21","route.tickets","button","action","Xóa","onClick","() => setModal({ mode: 'del', row: t })","","false","","handler-candidate","unreviewed","","clients | csat | tickets | users","","",""
"route.timesheet.form-control.tat-ca","app/(app)/timesheet/page.jsx","49","9","route.timesheet","select","form-control","Tất cả","","","","false","","control-candidate","unreviewed","","projects | timelogs | users","","","control_binding_unverified"
"route.timesheet.action.ghi-gio-cong","app/(app)/timesheet/page.jsx","59","9","route.timesheet","button","action","Ghi giờ công","onClick","() => { if (!projects.rows.length) return toast('Chưa có dự án nào', 'error'); setModal({ mode: 'add' }); }","","false","","handler-candidate","unreviewed","","projects | timelogs | users","","",""
"route.timesheet.action.sua","app/(app)/timesheet/page.jsx","78","21","route.timesheet","button","action","Sửa","onClick","() => setModal({ mode: 'edit', row: l })","","false","","handler-candidate","unreviewed","","projects | timelogs | users","","",""
"route.timesheet.action.xoa","app/(app)/timesheet/page.jsx","79","21","route.timesheet","button","action","Xóa","onClick","() => setModal({ mode: 'del', row: l })","","false","","handler-candidate","unreviewed","","projects | timelogs | users","","",""
"route.vendors.action.huy","app/(app)/vendors/page.jsx","18","17","route.vendors","button","action","Hủy","onClick","onClose","","false","","handler-candidate","unreviewed","","projects | rfqs | vendorbills | vendors","POST `/api/vendorbills/${b.id}/pay`","",""
"route.vendors.action.luu","app/(app)/vendors/page.jsx","19","9","route.vendors","AsyncButton","action","Lưu","onClick","async () => { if (!f.title.trim()) return; const r = await onSave(f); if (r !== false && r !== null) onClose(); }","","false","","handler-candidate","unreviewed","","projects | rfqs | vendorbills | vendors","POST `/api/vendorbills/${b.id}/pay`","",""
"route.vendors.form-control.vd-in-500-standee-chien-dich-eva","app/(app)/vendors/page.jsx","22","11","route.vendors","input","form-control","VD: In 500 standee chiến dịch EVA","","","","false","","control-candidate","unreviewed","","projects | rfqs | vendorbills | vendors","POST `/api/vendorbills/${b.id}/pay`","","control_binding_unverified"
"route.vendors.form-control.chon-ncc-nay","app/(app)/vendors/page.jsx","27","15","route.vendors","input","form-control","Chọn NCC này","","","","false","","control-candidate","unreviewed","","projects | rfqs | vendorbills | vendors","POST `/api/vendorbills/${b.id}/pay`","","control_binding_unverified"
"route.vendors.form-control.select","app/(app)/vendors/page.jsx","28","15","route.vendors","select","form-control","","","","","false","","control-candidate","unreviewed","","projects | rfqs | vendorbills | vendors","POST `/api/vendorbills/${b.id}/pay`","","control_binding_unverified"
"route.vendors.form-control.gia","app/(app)/vendors/page.jsx","31","15","route.vendors","input","form-control","Giá (đ)","","","","false","","control-candidate","unreviewed","","projects | rfqs | vendorbills | vendors","POST `/api/vendorbills/${b.id}/pay`","","control_binding_unverified"
"route.vendors.form-control.ghi-chu-thoi-gian-chat-luong","app/(app)/vendors/page.jsx","32","15","route.vendors","input","form-control","Ghi chú (thời gian, chất lượng…)","","","","false","","control-candidate","unreviewed","","projects | rfqs | vendorbills | vendors","POST `/api/vendorbills/${b.id}/pay`","","control_binding_unverified"
"route.vendors.action.setf-x-x-quotes-x-quotes-filter-j-j-i","app/(app)/vendors/page.jsx","33","15","route.vendors","button","action","","onClick","() => setF(x => ({ ...x, quotes: x.quotes.filter((_, j) => j !== i) }))","","false","","handler-candidate","unreviewed","","projects | rfqs | vendorbills | vendors","POST `/api/vendorbills/${b.id}/pay`","","unlabelled_button_candidate"
"route.vendors.action.them-bao-gia","app/(app)/vendors/page.jsx","36","11","route.vendors","button","action","Thêm báo giá","onClick","() => setF(x => ({ ...x, quotes: [...x.quotes, { vendorId: vendors[0]?.id || '', price: '', note: '' }] }))","","false","","handler-candidate","unreviewed","","projects | rfqs | vendorbills | vendors","POST `/api/vendorbills/${b.id}/pay`","",""
"route.vendors.form-control.textarea","app/(app)/vendors/page.jsx","40","60","route.vendors","textarea","form-control","","","","","false","","control-candidate","unreviewed","","projects | rfqs | vendorbills | vendors","POST `/api/vendorbills/${b.id}/pay`","","control_binding_unverified"
"route.vendors.action.them-ncc","app/(app)/vendors/page.jsx","103","9","route.vendors","button","action","Thêm NCC","onClick","() => setModal({ mode: 'addVendor' })","","false","","handler-candidate","unreviewed","","projects | rfqs | vendorbills | vendors","POST `/api/vendorbills/${b.id}/pay`","",""
"route.vendors.action.sua","app/(app)/vendors/page.jsx","118","19","route.vendors","button","action","Sửa","onClick","() => setModal({ mode: 'editVendor', row: v })","","false","","handler-candidate","unreviewed","","projects | rfqs | vendorbills | vendors","POST `/api/vendorbills/${b.id}/pay`","",""
"route.vendors.action.xoa","app/(app)/vendors/page.jsx","119","19","route.vendors","button","action","Xóa","onClick","() => setModal({ mode: 'delVendor', row: v })","","false","","handler-candidate","unreviewed","","projects | rfqs | vendorbills | vendors","POST `/api/vendorbills/${b.id}/pay`","",""
"route.vendors.action.ghi-hoa-on-au-vao","app/(app)/vendors/page.jsx","131","9","route.vendors","button","action","Ghi hóa đơn đầu vào","onClick","() => { if (!vendors.rows.length) return toast('Hãy thêm nhà cung cấp trước', 'error'); setModal({ mode: 'addBill' }); }","","false","","handler-candidate","unreviewed","","projects | rfqs | vendorbills | vendors","POST `/api/vendorbills/${b.id}/pay`","",""
"route.vendors.action.thanh-toan-ghi-vao-so-quy","app/(app)/vendors/page.jsx","154","45","route.vendors","button","action","Thanh toán (ghi vào sổ quỹ)","onClick","() => setModal({ mode: 'payBill', row: b })","","false","","handler-candidate","unreviewed","","projects | rfqs | vendorbills | vendors","POST `/api/vendorbills/${b.id}/pay`","",""
"route.vendors.action.sua.2","app/(app)/vendors/page.jsx","156","21","route.vendors","button","action","Sửa","onClick","() => setModal({ mode: 'editBill', row: b })","","false","","handler-candidate","unreviewed","","projects | rfqs | vendorbills | vendors","POST `/api/vendorbills/${b.id}/pay`","",""
"route.vendors.action.xoa.2","app/(app)/vendors/page.jsx","157","21","route.vendors","button","action","Xóa","onClick","() => setModal({ mode: 'delBill', row: b })","","false","","handler-candidate","unreviewed","","projects | rfqs | vendorbills | vendors","POST `/api/vendorbills/${b.id}/pay`","",""
"route.vendors.action.tao-rfq","app/(app)/vendors/page.jsx","172","9","route.vendors","button","action","Tạo RFQ","onClick","() => { if (!vendors.rows.length) return toast('Hãy thêm nhà cung cấp trước', 'error'); setModal({ mode: 'addRfq' }); }","","false","","handler-candidate","unreviewed","","projects | rfqs | vendorbills | vendors","POST `/api/vendorbills/${b.id}/pay`","",""
"route.vendors.action.a-chon-ang-so-gia-bao-gia","app/(app)/vendors/page.jsx","183","13","route.vendors","div","action","⚖️ / Đã chọn: / Đang so giá / báo giá","onClick","() => setModal({ mode: 'editRfq', row: r })","","false","","handler-candidate","unreviewed","","projects | rfqs | vendorbills | vendors","POST `/api/vendorbills/${b.id}/pay`","","clickable_non_semantic | keyboard_path_unverified"
"route.vendors.action.e-e-stoppropagation-setmodal-mode-delrfq-row-r","app/(app)/vendors/page.jsx","191","15","route.vendors","button","action","","onClick","e => { e.stopPropagation(); setModal({ mode: 'delRfq', row: r }); }","","false","","handler-candidate","unreviewed","","projects | rfqs | vendorbills | vendors","POST `/api/vendorbills/${b.id}/pay`","","unlabelled_button_candidate"
"route.violations.action.sua","app/(app)/violations/page.jsx","54","21","route.violations","button","action","Sửa","onClick","() => setModal({ row: v })","","false","","handler-candidate","unreviewed","","violations","","",""
"route.violations.action.xoa","app/(app)/violations/page.jsx","55","21","route.violations","button","action","Xóa","onClick","() => setModal({ del: v })","","false","","handler-candidate","unreviewed","","violations","","",""
"route.violations.action.ghi-vi-pham","app/(app)/violations/page.jsx","68","9","route.violations","button","action","Ghi vi phạm","onClick","() => setModal({ row: null })","","false","","handler-candidate","unreviewed","","violations","","",""
"route.login.form-submit.email-mat-khau-ma-2fa-bo-trong-neu-chua-bat-ang-ang-nhap-ang-nha","app/login/page.jsx","31","9","route.login","form","form-submit","Email / Mật khẩu / Mã 2FA (bỏ trống nếu chưa bật) / Đang đăng nhập… / Đăng nhập","onSubmit","submit","","false","","handler-candidate","unreviewed","","","","preferredWorkspaceSurface() === 'realm' ? '/realm' : '/dashboard'",""
"route.login.form-control.ban-congty-vn","app/login/page.jsx","34","13","route.login","input","form-control","ban@congty.vn","","","","true","","form-submit-candidate","unreviewed","","","","preferredWorkspaceSurface() === 'realm' ? '/realm' : '/dashboard'",""
"route.login.form-control.input","app/login/page.jsx","38","13","route.login","input","form-control","••••••••","","","","true","","form-submit-candidate","unreviewed","","","","preferredWorkspaceSurface() === 'realm' ? '/realm' : '/dashboard'",""
"route.login.form-control.000000","app/login/page.jsx","42","13","route.login","input","form-control","000000","","","","true","","form-submit-candidate","unreviewed","","","","preferredWorkspaceSurface() === 'realm' ? '/realm' : '/dashboard'",""
"route.login.action.ang-ang-nhap-ang-nhap","app/login/page.jsx","44","11","route.login","button","action","Đang đăng nhập… / Đăng nhập","","","","true","busy","form-submit-candidate","unreviewed","","","","preferredWorkspaceSurface() === 'realm' ? '/realm' : '/dashboard'",""
"route.home.navigation.vao-bang-ieu-khien-tai-ay","app/page.jsx","8","9","route.home","Link","navigation","vào Bảng điều khiển tại đây","","","/dashboard","false","","navigation-candidate","unreviewed","","","","",""
"component.components-activities.form-control.select","components/Activities.jsx","30","11","component.components-activities","select","form-control","","","","","false","","control-candidate","unreviewed","","activities","","","control_binding_unverified"
"component.components-activities.form-control.vd-goi-follow-up-bao-gia","components/Activities.jsx","33","11","component.components-activities","input","form-control","VD: Gọi follow-up báo giá…","","","","false","","control-candidate","unreviewed","","activities","","","control_binding_unverified"
"component.components-activities.form-control.input","components/Activities.jsx","35","55","component.components-activities","input","form-control","","","","","false","","control-candidate","unreviewed","","activities","","","control_binding_unverified"
"component.components-activities.action.them-hoat-ong","components/Activities.jsx","36","9","component.components-activities","AsyncButton","action","Thêm hoạt động","onClick","add","","false","mutating","handler-candidate","unreviewed","","activities","","",""
"component.components-activities.action.update-a-id-done-a-done","components/Activities.jsx","46","11","component.components-activities","AsyncButton","action","","onClick","() => update(a.id, { done: !a.done })","","false","mutating","handler-candidate","unreviewed","","activities","","",""
"component.components-activities.action.setactivitytodelete-a","components/Activities.jsx","48","11","component.components-activities","button","action","","onClick","() => setActivityToDelete(a)","","false","","handler-candidate","unreviewed","","activities","","",""
"component.components-activities.action.ong","components/Activities.jsx","61","15","component.components-activities","button","action","Đóng","onClick","onClose","","false","","handler-candidate","unreviewed","","activities","","",""
"component.components-collaboration-collaborationbridge.navigation.erp-crm-realm","components/collaboration/CollaborationBridge.jsx","45","5","component.components-collaboration-collaborationbridge","Link","navigation","ERP · CRM / Realm","onClick","() => rememberWorkspaceSurface(surface)","href","false","","navigation-candidate","unreviewed","","","PATCH '/api/collaboration/contact' | POST '/api/collaboration/presence' | GET '/api/collaboration/contact' | DELETE '/api/collaboration/presence'","contact.route || '/messages'",""
"component.components-collaboration-collaborationbridge.action.tu-choi","components/collaboration/CollaborationBridge.jsx","180","9","component.components-collaboration-collaborationbridge","button","action","Từ chối","onClick","() => respond('decline')","","false","workingId === current.id","handler-candidate","unreviewed","","","PATCH '/api/collaboration/contact' | POST '/api/collaboration/presence' | GET '/api/collaboration/contact' | DELETE '/api/collaboration/presence'","contact.route || '/messages'",""
"component.components-collaboration-collaborationbridge.action.ang-mo-mo-chat","components/collaboration/CollaborationBridge.jsx","181","9","component.components-collaboration-collaborationbridge","button","action","Đang mở… / Mở chat","onClick","() => respond('accept')","","false","workingId === current.id","handler-candidate","unreviewed","","","PATCH '/api/collaboration/contact' | POST '/api/collaboration/presence' | GET '/api/collaboration/contact' | DELETE '/api/collaboration/presence'","contact.route || '/messages'",""
"component.components-doceditor.action.huy","components/DocEditor.jsx","59","17","component.components-doceditor","button","action","Hủy","onClick","onClose","","false","","handler-candidate","unreviewed","","","GET '/api/settings'","",""
"component.components-doceditor.action.luu-hoa-on-bao-gia","components/DocEditor.jsx","60","9","component.components-doceditor","AsyncButton","action","Lưu / hóa đơn / báo giá","onClick","save","","false","","handler-candidate","unreviewed","","","GET '/api/settings'","",""
"component.components-doceditor.form-control.select","components/DocEditor.jsx","63","11","component.components-doceditor","select","form-control","","","","","false","","control-candidate","unreviewed","","","GET '/api/settings'","","control_binding_unverified"
"component.components-doceditor.form-control.khong-thuoc-du-an","components/DocEditor.jsx","66","11","component.components-doceditor","select","form-control","— Không thuộc dự án —","","","","false","","control-candidate","unreviewed","","","GET '/api/settings'","","control_binding_unverified"
"component.components-doceditor.form-control.input","components/DocEditor.jsx","69","55","component.components-doceditor","input","form-control","","","","","false","","control-candidate","unreviewed","","","GET '/api/settings'","","control_binding_unverified"
"component.components-doceditor.form-control.select.2","components/DocEditor.jsx","72","11","component.components-doceditor","select","form-control","","","","","false","","control-candidate","unreviewed","","","GET '/api/settings'","","control_binding_unverified"
"component.components-doceditor.form-control.vd-25400","components/DocEditor.jsx","75","11","component.components-doceditor","input","form-control","VD: 25400","","","","false","","control-candidate","unreviewed","","","GET '/api/settings'","","control_binding_unverified"
"component.components-doceditor.form-control.input.2","components/DocEditor.jsx","76","71","component.components-doceditor","input","form-control","","","","","false","","control-candidate","unreviewed","","","GET '/api/settings'","","control_binding_unverified"
"component.components-doceditor.form-control.select.3","components/DocEditor.jsx","78","11","component.components-doceditor","select","form-control","","","","","false","","control-candidate","unreviewed","","","GET '/api/settings'","","control_binding_unverified"
"component.components-doceditor.form-control.input.3","components/DocEditor.jsx","80","54","component.components-doceditor","input","form-control","","","","","false","","control-candidate","unreviewed","","","GET '/api/settings'","","control_binding_unverified"
"component.components-doceditor.form-control.input.4","components/DocEditor.jsx","82","11","component.components-doceditor","input","form-control","","","","","false","","control-candidate","unreviewed","","","GET '/api/settings'","","control_binding_unverified"
"component.components-doceditor.form-control.noi-dung-hang-muc","components/DocEditor.jsx","90","44","component.components-doceditor","input","form-control","Nội dung / hạng mục","","","","false","","control-candidate","unreviewed","","","GET '/api/settings'","","control_binding_unverified"
"component.components-doceditor.form-control.input.5","components/DocEditor.jsx","91","44","component.components-doceditor","input","form-control","","","","","false","","control-candidate","unreviewed","","","GET '/api/settings'","","control_binding_unverified"
"component.components-doceditor.form-control.input.6","components/DocEditor.jsx","92","44","component.components-doceditor","input","form-control","","","","","false","","control-candidate","unreviewed","","","GET '/api/settings'","","control_binding_unverified"
"component.components-doceditor.action.xoa-dong","components/DocEditor.jsx","95","17","component.components-doceditor","button","action","Xóa dòng","onClick","() => setD(x => ({ ...x, items: x.items.filter((_, j) => j !== i) }))","","false","","handler-candidate","unreviewed","","","GET '/api/settings'","",""
"component.components-doceditor.action.them-dong","components/DocEditor.jsx","101","9","component.components-doceditor","button","action","Thêm dòng","onClick","() => setD(x => ({ ...x, items: [...x.items, { desc: '', qty: 1, price: 0 }] }))","","false","","handler-candidate","unreviewed","","","GET '/api/settings'","",""
"component.components-doceditor.form-control.them-nhanh-tu-bang-gia-dich-vu","components/DocEditor.jsx","104","11","component.components-doceditor","select","form-control","— Thêm nhanh từ bảng giá dịch vụ —","","","","false","","control-candidate","unreviewed","","","GET '/api/settings'","","control_binding_unverified"
"component.components-doclinks.navigation.l-url","components/DocLinks.jsx","27","11","component.components-doclinks","a","navigation","l.url","","","l.url","false","","navigation-candidate","unreviewed","","doclinks","","",""
"component.components-doclinks.action.setlinktodelete-l","components/DocLinks.jsx","29","11","component.components-doclinks","button","action","","onClick","() => setLinkToDelete(l)","","false","","handler-candidate","unreviewed","","doclinks","","",""
"component.components-doclinks.form-control.ten-vd-brief","components/DocLinks.jsx","34","9","component.components-doclinks","input","form-control","Tên (VD: Brief)","","","","false","","control-candidate","unreviewed","","doclinks","","","control_binding_unverified"
"component.components-doclinks.form-control.https","components/DocLinks.jsx","35","9","component.components-doclinks","input","form-control","https://…","","","","false","","control-candidate","unreviewed","","doclinks","","","control_binding_unverified"
"component.components-doclinks.action.gan","components/DocLinks.jsx","36","9","component.components-doclinks","AsyncButton","action","Gắn","onClick","add","","false","links.mutating","handler-candidate","unreviewed","","doclinks","","",""
"component.components-doclinks.action.ong","components/DocLinks.jsx","47","15","component.components-doclinks","button","action","Đóng","onClick","onClose","","false","","handler-candidate","unreviewed","","doclinks","","",""
"component.components-realm-adventurerchronicle.action.thu-lai","components/realm/AdventurerChronicle.jsx","37","15","component.components-realm-adventurerchronicle","button","action","Thử lại","onClick","onRetry","","false","","handler-candidate","unreviewed","","","GET '/api/realm-demo/chronicle'","",""
"component.components-realm-adventurerchronicle.navigation.mo-task-erp","components/realm/AdventurerChronicle.jsx","55","22","component.components-realm-adventurerchronicle","Link","navigation","Mở Task ERP","","","quest.href","false","","navigation-candidate","unreviewed","","","GET '/api/realm-demo/chronicle'","",""
"component.components-realm-adventurerchronicle.action.thu-lai.2","components/realm/AdventurerChronicle.jsx","128","147","component.components-realm-adventurerchronicle","button","action","Thử lại","onClick","reload","","false","","handler-candidate","unreviewed","","","GET '/api/realm-demo/chronicle'","",""
"component.components-realm-adventurerchronicle.form-control.input","components/realm/AdventurerChronicle.jsx","141","53","component.components-realm-adventurerchronicle","input","form-control","","","","","false","","control-candidate","unreviewed","","","GET '/api/realm-demo/chronicle'","","control_binding_unverified"
"component.components-realm-adventurerchronicle.navigation.mo-toan-bo-task-erp","components/realm/AdventurerChronicle.jsx","144","25","component.components-realm-adventurerchronicle","Link","navigation","Mở toàn bộ Task ERP","","","links.tasks","false","","navigation-candidate","unreviewed","","","GET '/api/realm-demo/chronicle'","",""
"component.components-realm-adventurerchronicle.navigation.mo-attendance","components/realm/AdventurerChronicle.jsx","154","69","component.components-realm-adventurerchronicle","Link","navigation","Mở Attendance","","","muster.attendanceHref","false","","navigation-candidate","unreviewed","","","GET '/api/realm-demo/chronicle'","",""
"component.components-realm-adventurerchronicle.navigation.mo-timesheet","components/realm/AdventurerChronicle.jsx","154","150","component.components-realm-adventurerchronicle","Link","navigation","Mở Timesheet","","","muster.timesheetHref","false","","navigation-candidate","unreviewed","","","GET '/api/realm-demo/chronicle'","",""
"component.components-realm-adventurerchronicle.navigation.campaign-href","components/realm/AdventurerChronicle.jsx","175","272","component.components-realm-adventurerchronicle","Link","navigation","campaign.href","","","campaign.href","false","","navigation-candidate","unreviewed","","","GET '/api/realm-demo/chronicle'","",""
"component.components-realm-adventurerchronicle.navigation.event-href","components/realm/AdventurerChronicle.jsx","181","294","component.components-realm-adventurerchronicle","Link","navigation","event.href","","","event.href","false","","navigation-candidate","unreviewed","","","GET '/api/realm-demo/chronicle'","",""
"component.components-realm-adventurerchronicle.navigation.mo-council-chamber","components/realm/AdventurerChronicle.jsx","185","323","component.components-realm-adventurerchronicle","Link","navigation","Mở Council Chamber","","","links.approvals","false","","navigation-candidate","unreviewed","","","GET '/api/realm-demo/chronicle'","",""
"component.components-realm-goldeconomyobservatory.action.thu-lai","components/realm/GoldEconomyObservatory.jsx","32","20","component.components-realm-goldeconomyobservatory","button","action","Thử lại","onClick","onRetry","","false","","handler-candidate","unreviewed","","","GET '/api/realm-demo/economy'","",""
"component.components-realm-goldeconomyobservatory.action.xuat-csv","components/realm/GoldEconomyObservatory.jsx","182","9","component.components-realm-goldeconomyobservatory","button","action","Xuất CSV ( / )","onClick","exportCsv","","false","!visible.length","handler-candidate","unreviewed","","","GET '/api/realm-demo/economy'","",""
"component.components-realm-goldeconomyobservatory.form-control.ten-nhan-hoac-ma-nguon","components/realm/GoldEconomyObservatory.jsx","185","114","component.components-realm-goldeconomyobservatory","input","form-control","Tên, nhãn hoặc mã nguồn","","","","false","","control-candidate","unreviewed","","","GET '/api/realm-demo/economy'","","control_binding_unverified"
"component.components-realm-goldeconomyobservatory.form-control.select","components/realm/GoldEconomyObservatory.jsx","186","42","component.components-realm-goldeconomyobservatory","select","form-control","","","","","false","","control-candidate","unreviewed","","","GET '/api/realm-demo/economy'","","control_binding_unverified"
"component.components-realm-goldeconomyobservatory.form-control.ca-vao-va-ra-gold-vao-gold-ra","components/realm/GoldEconomyObservatory.jsx","187","44","component.components-realm-goldeconomyobservatory","select","form-control","Cả vào và ra / Gold vào / Gold ra","","","","false","","control-candidate","unreviewed","","","GET '/api/realm-demo/economy'","","control_binding_unverified"
"component.components-realm-guildhall.action.thu-lai","components/realm/GuildHall.jsx","32","20","component.components-realm-guildhall","button","action","Thử lại","onClick","onRetry","","false","","handler-candidate","unreviewed","","","GET '/api/realm-demo/guild'","",""
"component.components-realm-guildhall.action.content","components/realm/GuildHall.jsx","60","5","component.components-realm-guildhall","button","action","{content}","onClick","() => onSelect(member)","","false","","handler-candidate","unreviewed","","","GET '/api/realm-demo/guild'","",""
"component.components-realm-guildhall.action.mo-war-room","components/realm/GuildHall.jsx","78","20","component.components-realm-guildhall","button","action","Mở War Room","onClick","() => onOpen(campaign)","","false","","handler-candidate","unreviewed","","","GET '/api/realm-demo/guild'","",""
"component.components-realm-guildhall.action.crm-relationship-bridge-mo-royal-embassy-xem-tan-thu-pipeline-co","components/realm/GuildHall.jsx","159","25","component.components-realm-guildhall","button","action","CRM relationship bridge / Mở Royal Embassy / Xem tân thư, pipeline cơ hội và sổ minh ước với đối tác.","onClick","onOpenEmbassy","","false","","handler-candidate","unreviewed","","","GET '/api/realm-demo/guild'","",""
"component.components-realm-realmcreateactiondialog.action.huy","components/realm/RealmCreateActionDialog.jsx","48","7","component.components-realm-realmcreateactiondialog","button","action","Hủy","onClick","onClose","","false","","handler-candidate","unreviewed","","","POST '/api/realm-demo/actions'","",""
"component.components-realm-realmcreateactiondialog.action.gui-toi-task-erp","components/realm/RealmCreateActionDialog.jsx","49","7","component.components-realm-realmcreateactiondialog","AsyncButton","action","Gửi tới Task ERP","onClick","submit","","false","!content.trim()","handler-candidate","unreviewed","","","POST '/api/realm-demo/actions'","",""
"component.components-realm-realmcreateactiondialog.form-control.neu-quyet-inh-blocker-hoac-nhac-ong-oi","components/realm/RealmCreateActionDialog.jsx","54","9","component.components-realm-realmcreateactiondialog","textarea","form-control","Nêu quyết định, blocker hoặc @nhắc đồng đội…","","","","false","","control-candidate","unreviewed","","","POST '/api/realm-demo/actions'","","control_binding_unverified"
"component.components-realm-realmcreateactiondialog.action.huy.2","components/realm/RealmCreateActionDialog.jsx","90","7","component.components-realm-realmcreateactiondialog","button","action","Hủy","onClick","onClose","","false","","handler-candidate","unreviewed","","","POST '/api/realm-demo/actions'","",""
"component.components-realm-realmcreateactiondialog.action.luu-vao-crm-erp","components/realm/RealmCreateActionDialog.jsx","91","7","component.components-realm-realmcreateactiondialog","AsyncButton","action","Lưu vào CRM ERP","onClick","submit","","false","!title.trim() || !date","handler-candidate","unreviewed","","","POST '/api/realm-demo/actions'","",""
"component.components-realm-realmcreateactiondialog.form-control.select","components/realm/RealmCreateActionDialog.jsx","96","27","component.components-realm-realmcreateactiondialog","select","form-control","","","","","false","","control-candidate","unreviewed","","","POST '/api/realm-demo/actions'","","control_binding_unverified"
"component.components-realm-realmcreateactiondialog.form-control.input","components/realm/RealmCreateActionDialog.jsx","97","32","component.components-realm-realmcreateactiondialog","input","form-control","","","","","false","","control-candidate","unreviewed","","","POST '/api/realm-demo/actions'","","control_binding_unverified"
"component.components-realm-realmcreateactiondialog.form-control.vi-du-goi-xac-nhan-pham-vi-proposal","components/realm/RealmCreateActionDialog.jsx","100","9","component.components-realm-realmcreateactiondialog","input","form-control","Ví dụ: Gọi xác nhận phạm vi proposal","","","","false","","control-candidate","unreviewed","","","POST '/api/realm-demo/actions'","","control_binding_unverified"
"component.components-realm-realmnotificationbell.action.raven","components/realm/RealmNotificationBell.jsx","110","7","component.components-realm-realmnotificationbell","button","action","Raven","onClick","() => setOpen((current) => !current)","","false","","handler-candidate","unreviewed","","","GET '/api/notifications' | PUT '/api/notifications' | PUT '/api/notifications'","String(notification.route || '/messages').startsWith('/') ? notification.route || '/messages' : '/messages'",""
"component.components-realm-realmnotificationbell.action.ang-xu-ly-oc-tat-ca","components/realm/RealmNotificationBell.jsx","130","35","component.components-realm-realmnotificationbell","button","action","Đang xử lý… / Đọc tất cả","onClick","markAllRead","","false","working","handler-candidate","unreviewed","","","GET '/api/notifications' | PUT '/api/notifications' | PUT '/api/notifications'","String(notification.route || '/messages').startsWith('/') ? notification.route || '/messages' : '/messages'",""
"component.components-realm-realmnotificationbell.action.ong-raven-inbox","components/realm/RealmNotificationBell.jsx","131","15","component.components-realm-realmnotificationbell","button","action","Đóng Raven Inbox","onClick","() => closePanel()","","false","","handler-candidate","unreviewed","","","GET '/api/notifications' | PUT '/api/notifications' | PUT '/api/notifications'","String(notification.route || '/messages').startsWith('/') ? notification.route || '/messages' : '/messages'",""
"component.components-realm-realmnotificationbell.action.thu-lai","components/realm/RealmNotificationBell.jsx","136","143","component.components-realm-realmnotificationbell","button","action","Thử lại","onClick","load","","false","","handler-candidate","unreviewed","","","GET '/api/notifications' | PUT '/api/notifications' | PUT '/api/notifications'","String(notification.route || '/messages').startsWith('/') ? notification.route || '/messages' : '/messages'",""
"component.components-realm-realmnotificationbell.action.mo","components/realm/RealmNotificationBell.jsx","138","15","component.components-realm-realmnotificationbell","button","action","Mở","onClick","() => markRead(notification)","","false","working","handler-candidate","unreviewed","","","GET '/api/notifications' | PUT '/api/notifications' | PUT '/api/notifications'","String(notification.route || '/messages').startsWith('/') ? notification.route || '/messages' : '/messages'",""
"component.components-realm-realmoffice.action.ban-o-van-phong-ao-crmegoric-realms-dung-wasd-hoac-phim-mui-ten-","components/realm/RealmOffice.jsx","621","7","component.components-realm-realmoffice","canvas","action","Bản đồ văn phòng ảo CRMegoric Realms. Dùng WASD hoặc phím mũi tên để di chuyển.","onPointerDown","pointerMove","","false","","handler-candidate","unreviewed","","","GET '/api/realm-demo/operations' | POST '/api/realm-demo/operations' | POST '/api/collaboration/contact'","'/leads' | `/projects/${encodeURIComponent(warRoomCampaign.id)}` | quest.links?.task || realmRecordHref('task', quest.businessRef) | realmRecordHref('client', client.id) | realmRecordHref('lead', lead.id) | realmRecordHref('project', selectedCampaign?.id) | realmRecordHref('staff', member.id) | realmRecordHref('task', task.id)","clickable_non_semantic | keyboard_path_unverified"
"component.components-realm-realmoffice.action.onemote-emote-id","components/realm/RealmOffice.jsx","635","11","component.components-realm-realmoffice","button","action","","onClick","() => onEmote(emote.id)","","false","","handler-candidate","unreviewed","","","GET '/api/realm-demo/operations' | POST '/api/realm-demo/operations' | POST '/api/collaboration/contact'","'/leads' | `/projects/${encodeURIComponent(warRoomCampaign.id)}` | quest.links?.task || realmRecordHref('task', quest.businessRef) | realmRecordHref('client', client.id) | realmRecordHref('lead', lead.id) | realmRecordHref('project', selectedCampaign?.id) | realmRecordHref('staff', member.id) | realmRecordHref('task', task.id)",""
"component.components-realm-realmoffice.action.i-len","components/realm/RealmOffice.jsx","641","9","component.components-realm-realmoffice","button","action","Đi lên","onPointerDown","() => pressDirection('w', true)","","false","","handler-candidate","unreviewed","","","GET '/api/realm-demo/operations' | POST '/api/realm-demo/operations' | POST '/api/collaboration/contact'","'/leads' | `/projects/${encodeURIComponent(warRoomCampaign.id)}` | quest.links?.task || realmRecordHref('task', quest.businessRef) | realmRecordHref('client', client.id) | realmRecordHref('lead', lead.id) | realmRecordHref('project', selectedCampaign?.id) | realmRecordHref('staff', member.id) | realmRecordHref('task', task.id)",""
"component.components-realm-realmoffice.action.i-sang-trai","components/realm/RealmOffice.jsx","642","9","component.components-realm-realmoffice","button","action","Đi sang trái","onPointerDown","() => pressDirection('a', true)","","false","","handler-candidate","unreviewed","","","GET '/api/realm-demo/operations' | POST '/api/realm-demo/operations' | POST '/api/collaboration/contact'","'/leads' | `/projects/${encodeURIComponent(warRoomCampaign.id)}` | quest.links?.task || realmRecordHref('task', quest.businessRef) | realmRecordHref('client', client.id) | realmRecordHref('lead', lead.id) | realmRecordHref('project', selectedCampaign?.id) | realmRecordHref('staff', member.id) | realmRecordHref('task', task.id)",""
"component.components-realm-realmoffice.action.i-xuong","components/realm/RealmOffice.jsx","643","9","component.components-realm-realmoffice","button","action","Đi xuống","onPointerDown","() => pressDirection('s', true)","","false","","handler-candidate","unreviewed","","","GET '/api/realm-demo/operations' | POST '/api/realm-demo/operations' | POST '/api/collaboration/contact'","'/leads' | `/projects/${encodeURIComponent(warRoomCampaign.id)}` | quest.links?.task || realmRecordHref('task', quest.businessRef) | realmRecordHref('client', client.id) | realmRecordHref('lead', lead.id) | realmRecordHref('project', selectedCampaign?.id) | realmRecordHref('staff', member.id) | realmRecordHref('task', task.id)",""
"component.components-realm-realmoffice.action.i-sang-phai","components/realm/RealmOffice.jsx","644","9","component.components-realm-realmoffice","button","action","Đi sang phải","onPointerDown","() => pressDirection('d', true)","","false","","handler-candidate","unreviewed","","","GET '/api/realm-demo/operations' | POST '/api/realm-demo/operations' | POST '/api/collaboration/contact'","'/leads' | `/projects/${encodeURIComponent(warRoomCampaign.id)}` | quest.links?.task || realmRecordHref('task', quest.businessRef) | realmRecordHref('client', client.id) | realmRecordHref('lead', lead.id) | realmRecordHref('project', selectedCampaign?.id) | realmRecordHref('staff', member.id) | realmRecordHref('task', task.id)",""
"component.components-realm-realmoffice.action.onselect-person","components/realm/RealmOffice.jsx","662","5","component.components-realm-realmoffice","button","action","","onClick","() => onSelect(person)","","false","","handler-candidate","unreviewed","","","GET '/api/realm-demo/operations' | POST '/api/realm-demo/operations' | POST '/api/collaboration/contact'","'/leads' | `/projects/${encodeURIComponent(warRoomCampaign.id)}` | quest.links?.task || realmRecordHref('task', quest.businessRef) | realmRecordHref('client', client.id) | realmRecordHref('lead', lead.id) | realmRecordHref('project', selectedCampaign?.id) | realmRecordHref('staff', member.id) | realmRecordHref('task', task.id)",""
"component.components-realm-realmoffice.action.tat-mic-bat-mic","components/realm/RealmOffice.jsx","734","9","component.components-realm-realmoffice","button","action","Tắt mic / Bật mic","onClick","onMic","","false","","handler-candidate","unreviewed","","","GET '/api/realm-demo/operations' | POST '/api/realm-demo/operations' | POST '/api/collaboration/contact'","'/leads' | `/projects/${encodeURIComponent(warRoomCampaign.id)}` | quest.links?.task || realmRecordHref('task', quest.businessRef) | realmRecordHref('client', client.id) | realmRecordHref('lead', lead.id) | realmRecordHref('project', selectedCampaign?.id) | realmRecordHref('staff', member.id) | realmRecordHref('task', task.id)",""
"component.components-realm-realmoffice.action.tat-camera-camera","components/realm/RealmOffice.jsx","735","9","component.components-realm-realmoffice","button","action","Tắt camera / Camera","onClick","onCamera","","false","","handler-candidate","unreviewed","","","GET '/api/realm-demo/operations' | POST '/api/realm-demo/operations' | POST '/api/collaboration/contact'","'/leads' | `/projects/${encodeURIComponent(warRoomCampaign.id)}` | quest.links?.task || realmRecordHref('task', quest.businessRef) | realmRecordHref('client', client.id) | realmRecordHref('lead', lead.id) | realmRecordHref('project', selectedCampaign?.id) | realmRecordHref('staff', member.id) | realmRecordHref('task', task.id)",""
"component.components-realm-realmoffice.action.dung-chia-se-chia-se","components/realm/RealmOffice.jsx","736","9","component.components-realm-realmoffice","button","action","Dừng chia sẻ / Chia sẻ","onClick","onShare","","false","","handler-candidate","unreviewed","","","GET '/api/realm-demo/operations' | POST '/api/realm-demo/operations' | POST '/api/collaboration/contact'","'/leads' | `/projects/${encodeURIComponent(warRoomCampaign.id)}` | quest.links?.task || realmRecordHref('task', quest.businessRef) | realmRecordHref('client', client.id) | realmRecordHref('lead', lead.id) | realmRecordHref('project', selectedCampaign?.id) | realmRecordHref('staff', member.id) | realmRecordHref('task', task.id)",""
"component.components-realm-realmoffice.action.loai","components/realm/RealmOffice.jsx","1648","25","component.components-realm-realmoffice","button","action","Loại","onClick","() => setPartyConfirm({ type: 'kick', targetId: member.id })","","false","","handler-candidate","unreviewed","","","GET '/api/realm-demo/operations' | POST '/api/realm-demo/operations' | POST '/api/collaboration/contact'","'/leads' | `/projects/${encodeURIComponent(warRoomCampaign.id)}` | quest.links?.task || realmRecordHref('task', quest.businessRef) | realmRecordHref('client', client.id) | realmRecordHref('lead', lead.id) | realmRecordHref('project', selectedCampaign?.id) | realmRecordHref('staff', member.id) | realmRecordHref('task', task.id)",""
"component.components-realm-realmoffice.action.thu-hoi","components/realm/RealmOffice.jsx","1663","23","component.components-realm-realmoffice","button","action","Thu hồi","onClick","() => cancelInvite(inviteState.targetId)","","false","","handler-candidate","unreviewed","","","GET '/api/realm-demo/operations' | POST '/api/realm-demo/operations' | POST '/api/collaboration/contact'","'/leads' | `/projects/${encodeURIComponent(warRoomCampaign.id)}` | quest.links?.task || realmRecordHref('task', quest.businessRef) | realmRecordHref('client', client.id) | realmRecordHref('lead', lead.id) | realmRecordHref('project', selectedCampaign?.id) | realmRecordHref('staff', member.id) | realmRecordHref('task', task.id)",""
"component.components-realm-realmoffice.action.invitetoparty-person","components/realm/RealmOffice.jsx","1673","23","component.components-realm-realmoffice","button","action","","onClick","() => inviteToParty(person)","","false","","handler-candidate","unreviewed","","","GET '/api/realm-demo/operations' | POST '/api/realm-demo/operations' | POST '/api/collaboration/contact'","'/leads' | `/projects/${encodeURIComponent(warRoomCampaign.id)}` | quest.links?.task || realmRecordHref('task', quest.businessRef) | realmRecordHref('client', client.id) | realmRecordHref('lead', lead.id) | realmRecordHref('project', selectedCampaign?.id) | realmRecordHref('staff', member.id) | realmRecordHref('task', task.id)","unlabelled_button_candidate"
"component.components-realm-realmoffice.action.huy","components/realm/RealmOffice.jsx","1696","21","component.components-realm-realmoffice","button","action","Hủy","onClick","() => setPartyConfirm(null)","","false","","handler-candidate","unreviewed","","","GET '/api/realm-demo/operations' | POST '/api/realm-demo/operations' | POST '/api/collaboration/contact'","'/leads' | `/projects/${encodeURIComponent(warRoomCampaign.id)}` | quest.links?.task || realmRecordHref('task', quest.businessRef) | realmRecordHref('client', client.id) | realmRecordHref('lead', lead.id) | realmRecordHref('project', selectedCampaign?.id) | realmRecordHref('staff', member.id) | realmRecordHref('task', task.id)",""
"component.components-realm-realmoffice.action.xac-nhan","components/realm/RealmOffice.jsx","1697","21","component.components-realm-realmoffice","button","action","Xác nhận","onClick","confirmPartyAction","","false","","handler-candidate","unreviewed","","","GET '/api/realm-demo/operations' | POST '/api/realm-demo/operations' | POST '/api/collaboration/contact'","'/leads' | `/projects/${encodeURIComponent(warRoomCampaign.id)}` | quest.links?.task || realmRecordHref('task', quest.businessRef) | realmRecordHref('client', client.id) | realmRecordHref('lead', lead.id) | realmRecordHref('project', selectedCampaign?.id) | realmRecordHref('staff', member.id) | realmRecordHref('task', task.id)",""
"component.components-realm-realmoffice.action.ket-thuc-party-roi-party","components/realm/RealmOffice.jsx","1701","17","component.components-realm-realmoffice","button","action","Kết thúc Party / Rời Party","onClick","() => setPartyConfirm({ type: 'leave' })","","false","","handler-candidate","unreviewed","","","GET '/api/realm-demo/operations' | POST '/api/realm-demo/operations' | POST '/api/collaboration/contact'","'/leads' | `/projects/${encodeURIComponent(warRoomCampaign.id)}` | quest.links?.task || realmRecordHref('task', quest.businessRef) | realmRecordHref('client', client.id) | realmRecordHref('lead', lead.id) | realmRecordHref('project', selectedCampaign?.id) | realmRecordHref('staff', member.id) | realmRecordHref('task', task.id)",""
"component.components-realm-realmoffice.action.thu-hoi-loi-moi","components/realm/RealmOffice.jsx","1708","15","component.components-realm-realmoffice","button","action","Thu hồi lời mời","onClick","() => cancelInvite(outgoingInvite.targetId)","","false","","handler-candidate","unreviewed","","","GET '/api/realm-demo/operations' | POST '/api/realm-demo/operations' | POST '/api/collaboration/contact'","'/leads' | `/projects/${encodeURIComponent(warRoomCampaign.id)}` | quest.links?.task || realmRecordHref('task', quest.businessRef) | realmRecordHref('client', client.id) | realmRecordHref('lead', lead.id) | realmRecordHref('project', selectedCampaign?.id) | realmRecordHref('staff', member.id) | realmRecordHref('task', task.id)",""
"component.components-realm-realmoffice.action.invitetoparty-person.2","components/realm/RealmOffice.jsx","1718","21","component.components-realm-realmoffice","button","action","","onClick","() => inviteToParty(person)","","false","","handler-candidate","unreviewed","","","GET '/api/realm-demo/operations' | POST '/api/realm-demo/operations' | POST '/api/collaboration/contact'","'/leads' | `/projects/${encodeURIComponent(warRoomCampaign.id)}` | quest.links?.task || realmRecordHref('task', quest.businessRef) | realmRecordHref('client', client.id) | realmRecordHref('lead', lead.id) | realmRecordHref('project', selectedCampaign?.id) | realmRecordHref('staff', member.id) | realmRecordHref('task', task.id)","unlabelled_button_candidate"
"component.components-realm-realmoffice.action.i-toi","components/realm/RealmOffice.jsx","1773","13","component.components-realm-realmoffice","button","action","Đi tới","onClick","moveToSelectedPerson","","false","","handler-candidate","unreviewed","","","GET '/api/realm-demo/operations' | POST '/api/realm-demo/operations' | POST '/api/collaboration/contact'","'/leads' | `/projects/${encodeURIComponent(warRoomCampaign.id)}` | quest.links?.task || realmRecordHref('task', quest.businessRef) | realmRecordHref('client', client.id) | realmRecordHref('lead', lead.id) | realmRecordHref('project', selectedCampaign?.id) | realmRecordHref('staff', member.id) | realmRecordHref('task', task.id)",""
"component.components-realm-realmoffice.action.hi-vay-chao","components/realm/RealmOffice.jsx","1774","13","component.components-realm-realmoffice","button","action","HI / Vẫy chào","onClick","() => triggerEmote('wave', selectedPerson.isRemote ? selectedPerson.id : undefined)","","false","","handler-candidate","unreviewed","","","GET '/api/realm-demo/operations' | POST '/api/realm-demo/operations' | POST '/api/collaboration/contact'","'/leads' | `/projects/${encodeURIComponent(warRoomCampaign.id)}` | quest.links?.task || realmRecordHref('task', quest.businessRef) | realmRecordHref('client', client.id) | realmRecordHref('lead', lead.id) | realmRecordHref('project', selectedCampaign?.id) | realmRecordHref('staff', member.id) | realmRecordHref('task', task.id)",""
"component.components-realm-realmoffice.action.partyactionlabel","components/realm/RealmOffice.jsx","1777","13","component.components-realm-realmoffice","button","action","{partyActionLabel}","onClick","() => inviteToParty(selectedPerson)","","false","!canInviteSelected","handler-candidate","unreviewed","","","GET '/api/realm-demo/operations' | POST '/api/realm-demo/operations' | POST '/api/collaboration/contact'","'/leads' | `/projects/${encodeURIComponent(warRoomCampaign.id)}` | quest.links?.task || realmRecordHref('task', quest.businessRef) | realmRecordHref('client', client.id) | realmRecordHref('lead', lead.id) | realmRecordHref('project', selectedCampaign?.id) | realmRecordHref('staff', member.id) | realmRecordHref('task', task.id)",""
"component.components-realm-realmoffice.form-submit.thi-tham-rieng-chi-nhan-uoc-tin-nhan-nay","components/realm/RealmOffice.jsx","1788","13","component.components-realm-realmoffice","form","form-submit","Thì thầm riêng / Chỉ / nhận được tin nhắn này.","onSubmit","sendWhisperToSelected","","false","","handler-candidate","unreviewed","","","GET '/api/realm-demo/operations' | POST '/api/realm-demo/operations' | POST '/api/collaboration/contact'","'/leads' | `/projects/${encodeURIComponent(warRoomCampaign.id)}` | quest.links?.task || realmRecordHref('task', quest.businessRef) | realmRecordHref('client', client.id) | realmRecordHref('lead', lead.id) | realmRecordHref('project', selectedCampaign?.id) | realmRecordHref('staff', member.id) | realmRecordHref('task', task.id)",""
"component.components-realm-realmoffice.form-control.viet-loi-nhan-rieng","components/realm/RealmOffice.jsx","1792","17","component.components-realm-realmoffice","input","form-control","Viết lời nhắn riêng…","","","","true","","form-submit-candidate","unreviewed","","","GET '/api/realm-demo/operations' | POST '/api/realm-demo/operations' | POST '/api/collaboration/contact'","'/leads' | `/projects/${encodeURIComponent(warRoomCampaign.id)}` | quest.links?.task || realmRecordHref('task', quest.businessRef) | realmRecordHref('client', client.id) | realmRecordHref('lead', lead.id) | realmRecordHref('project', selectedCampaign?.id) | realmRecordHref('staff', member.id) | realmRecordHref('task', task.id)","control_binding_unverified"
"component.components-realm-realmoffice.action.button","components/realm/RealmOffice.jsx","1793","17","component.components-realm-realmoffice","button","action","","","","","true","","form-submit-candidate","unreviewed","","","GET '/api/realm-demo/operations' | POST '/api/realm-demo/operations' | POST '/api/collaboration/contact'","'/leads' | `/projects/${encodeURIComponent(warRoomCampaign.id)}` | quest.links?.task || realmRecordHref('task', quest.businessRef) | realmRecordHref('client', client.id) | realmRecordHref('lead', lead.id) | realmRecordHref('project', selectedCampaign?.id) | realmRecordHref('staff', member.id) | realmRecordHref('task', task.id)",""
"component.components-realm-realmoffice.form-submit.go-cua-erp-nguoi-nhan-ang-offline-loi-nhan-van-uoc-luu-trong-not","components/realm/RealmOffice.jsx","1798","15","component.components-realm-realmoffice","form","form-submit","Gõ cửa ERP / Người nhận đang offline; lời nhắn vẫn được lưu trong Notification và Lantern Mail.","onSubmit","sendContactToSelected","","false","contactSending || undefined","handler-candidate","unreviewed","","","GET '/api/realm-demo/operations' | POST '/api/realm-demo/operations' | POST '/api/collaboration/contact'","'/leads' | `/projects/${encodeURIComponent(warRoomCampaign.id)}` | quest.links?.task || realmRecordHref('task', quest.businessRef) | realmRecordHref('client', client.id) | realmRecordHref('lead', lead.id) | realmRecordHref('project', selectedCampaign?.id) | realmRecordHref('staff', member.id) | realmRecordHref('task', task.id)",""
"component.components-realm-realmoffice.form-control.ban-muon-trao-oi-viec-gi","components/realm/RealmOffice.jsx","1804","19","component.components-realm-realmoffice","input","form-control","Bạn muốn trao đổi việc gì?","","","","true","","form-submit-candidate","unreviewed","","","GET '/api/realm-demo/operations' | POST '/api/realm-demo/operations' | POST '/api/collaboration/contact'","'/leads' | `/projects/${encodeURIComponent(warRoomCampaign.id)}` | quest.links?.task || realmRecordHref('task', quest.businessRef) | realmRecordHref('client', client.id) | realmRecordHref('lead', lead.id) | realmRecordHref('project', selectedCampaign?.id) | realmRecordHref('staff', member.id) | realmRecordHref('task', task.id)","control_binding_unverified"
"component.components-realm-realmoffice.action.button.2","components/realm/RealmOffice.jsx","1811","19","component.components-realm-realmoffice","button","action","","","","","true","contactSending","form-submit-candidate","unreviewed","","","GET '/api/realm-demo/operations' | POST '/api/realm-demo/operations' | POST '/api/collaboration/contact'","'/leads' | `/projects/${encodeURIComponent(warRoomCampaign.id)}` | quest.links?.task || realmRecordHref('task', quest.businessRef) | realmRecordHref('client', client.id) | realmRecordHref('lead', lead.id) | realmRecordHref('project', selectedCampaign?.id) | realmRecordHref('staff', member.id) | realmRecordHref('task', task.id)",""
"component.components-realm-realmoffice.navigation.mo-lantern-mail","components/realm/RealmOffice.jsx","1822","21","component.components-realm-realmoffice","Link","navigation","Mở Lantern Mail","onClick","() => rememberWorkspaceSurface('erp')","contactReceipt.route || '/messages'","false","","navigation-candidate","unreviewed","","","GET '/api/realm-demo/operations' | POST '/api/realm-demo/operations' | POST '/api/collaboration/contact'","'/leads' | `/projects/${encodeURIComponent(warRoomCampaign.id)}` | quest.links?.task || realmRecordHref('task', quest.businessRef) | realmRecordHref('client', client.id) | realmRecordHref('lead', lead.id) | realmRecordHref('project', selectedCampaign?.id) | realmRecordHref('staff', member.id) | realmRecordHref('task', task.id)",""
"component.components-realm-realmoffice.form-submit.ten-hien-thi-class-trong-realm-mau-huy-hieu-ang-ong-bo-luu-ho-so","components/realm/RealmOffice.jsx","1842","9","component.components-realm-realmoffice","form","form-submit","Tên hiển thị / Class trong Realm / Màu huy hiệu / Đang đồng bộ… / Lưu hồ sơ","onSubmit","saveProfile","","false","operationsSyncState === 'syncing' || undefined","handler-candidate","unreviewed","","","GET '/api/realm-demo/operations' | POST '/api/realm-demo/operations' | POST '/api/collaboration/contact'","'/leads' | `/projects/${encodeURIComponent(warRoomCampaign.id)}` | quest.links?.task || realmRecordHref('task', quest.businessRef) | realmRecordHref('client', client.id) | realmRecordHref('lead', lead.id) | realmRecordHref('project', selectedCampaign?.id) | realmRecordHref('staff', member.id) | realmRecordHref('task', task.id)",""
"component.components-realm-realmoffice.form-control.input","components/realm/RealmOffice.jsx","1848","11","component.components-realm-realmoffice","input","form-control","","","","","true","","form-submit-candidate","unreviewed","","","GET '/api/realm-demo/operations' | POST '/api/realm-demo/operations' | POST '/api/collaboration/contact'","'/leads' | `/projects/${encodeURIComponent(warRoomCampaign.id)}` | quest.links?.task || realmRecordHref('task', quest.businessRef) | realmRecordHref('client', client.id) | realmRecordHref('lead', lead.id) | realmRecordHref('project', selectedCampaign?.id) | realmRecordHref('staff', member.id) | realmRecordHref('task', task.id)","control_binding_unverified"
"component.components-realm-realmoffice.form-control.select","components/realm/RealmOffice.jsx","1851","11","component.components-realm-realmoffice","select","form-control","","","","","true","","form-submit-candidate","unreviewed","","","GET '/api/realm-demo/operations' | POST '/api/realm-demo/operations' | POST '/api/collaboration/contact'","'/leads' | `/projects/${encodeURIComponent(warRoomCampaign.id)}` | quest.links?.task || realmRecordHref('task', quest.businessRef) | realmRecordHref('client', client.id) | realmRecordHref('lead', lead.id) | realmRecordHref('project', selectedCampaign?.id) | realmRecordHref('staff', member.id) | realmRecordHref('task', task.id)","control_binding_unverified"
"component.components-realm-realmoffice.form-control.input.2","components/realm/RealmOffice.jsx","1856","13","component.components-realm-realmoffice","input","form-control","","","","","true","","form-submit-candidate","unreviewed","","","GET '/api/realm-demo/operations' | POST '/api/realm-demo/operations' | POST '/api/collaboration/contact'","'/leads' | `/projects/${encodeURIComponent(warRoomCampaign.id)}` | quest.links?.task || realmRecordHref('task', quest.businessRef) | realmRecordHref('client', client.id) | realmRecordHref('lead', lead.id) | realmRecordHref('project', selectedCampaign?.id) | realmRecordHref('staff', member.id) | realmRecordHref('task', task.id)","control_binding_unverified"
"component.components-realm-realmoffice.action.ang-ong-bo-luu-ho-so","components/realm/RealmOffice.jsx","1859","11","component.components-realm-realmoffice","button","action","Đang đồng bộ… / Lưu hồ sơ","","","","true","operationsSyncState === 'syncing'","form-submit-candidate","unreviewed","","","GET '/api/realm-demo/operations' | POST '/api/realm-demo/operations' | POST '/api/collaboration/contact'","'/leads' | `/projects/${encodeURIComponent(warRoomCampaign.id)}` | quest.links?.task || realmRecordHref('task', quest.businessRef) | realmRecordHref('client', client.id) | realmRecordHref('lead', lead.id) | realmRecordHref('project', selectedCampaign?.id) | realmRecordHref('staff', member.id) | realmRecordHref('task', task.id)",""
"component.components-realm-realmoffice.action.nhan-gold","components/realm/RealmOffice.jsx","1895","44","component.components-realm-realmoffice","button","action","Nhận / Gold","onClick","() => claimQuest(quest)","","false","operationsSyncState === 'syncing'","handler-candidate","unreviewed","","","GET '/api/realm-demo/operations' | POST '/api/realm-demo/operations' | POST '/api/collaboration/contact'","'/leads' | `/projects/${encodeURIComponent(warRoomCampaign.id)}` | quest.links?.task || realmRecordHref('task', quest.businessRef) | realmRecordHref('client', client.id) | realmRecordHref('lead', lead.id) | realmRecordHref('project', selectedCampaign?.id) | realmRecordHref('staff', member.id) | realmRecordHref('task', task.id)",""
"component.components-realm-realmoffice.navigation.mo-task-erp","components/realm/RealmOffice.jsx","1897","19","component.components-realm-realmoffice","Link","navigation","Mở Task ERP","","","quest.links?.task || realmRecordHref('task', quest.businessRef)","false","","navigation-candidate","unreviewed","","","GET '/api/realm-demo/operations' | POST '/api/realm-demo/operations' | POST '/api/collaboration/contact'","'/leads' | `/projects/${encodeURIComponent(warRoomCampaign.id)}` | quest.links?.task || realmRecordHref('task', quest.businessRef) | realmRecordHref('client', client.id) | realmRecordHref('lead', lead.id) | realmRecordHref('project', selectedCampaign?.id) | realmRecordHref('staff', member.id) | realmRecordHref('task', task.id)",""
"component.components-realm-realmoffice.action.cap-nhat-tien-o-demo","components/realm/RealmOffice.jsx","1898","19","component.components-realm-realmoffice","button","action","Cập nhật tiến độ demo","onClick","() => advanceQuest(quest)","","false","","handler-candidate","unreviewed","","","GET '/api/realm-demo/operations' | POST '/api/realm-demo/operations' | POST '/api/collaboration/contact'","'/leads' | `/projects/${encodeURIComponent(warRoomCampaign.id)}` | quest.links?.task || realmRecordHref('task', quest.businessRef) | realmRecordHref('client', client.id) | realmRecordHref('lead', lead.id) | realmRecordHref('project', selectedCampaign?.id) | realmRecordHref('staff', member.id) | realmRecordHref('task', task.id)",""
"component.components-realm-realmoffice.action.buyitem-item","components/realm/RealmOffice.jsx","1981","15","component.components-realm-realmoffice","button","action","","onClick","() => buyItem(item)","","false","","handler-candidate","unreviewed","","","GET '/api/realm-demo/operations' | POST '/api/realm-demo/operations' | POST '/api/collaboration/contact'","'/leads' | `/projects/${encodeURIComponent(warRoomCampaign.id)}` | quest.links?.task || realmRecordHref('task', quest.businessRef) | realmRecordHref('client', client.id) | realmRecordHref('lead', lead.id) | realmRecordHref('project', selectedCampaign?.id) | realmRecordHref('staff', member.id) | realmRecordHref('task', task.id)",""
"component.components-realm-realmoffice.form-submit.nhan-vao-tavern","components/realm/RealmOffice.jsx","2008","9","component.components-realm-realmoffice","form","form-submit","Nhắn vào Tavern","onSubmit","sendChat","","false","","handler-candidate","unreviewed","","","GET '/api/realm-demo/operations' | POST '/api/realm-demo/operations' | POST '/api/collaboration/contact'","'/leads' | `/projects/${encodeURIComponent(warRoomCampaign.id)}` | quest.links?.task || realmRecordHref('task', quest.businessRef) | realmRecordHref('client', client.id) | realmRecordHref('lead', lead.id) | realmRecordHref('project', selectedCampaign?.id) | realmRecordHref('staff', member.id) | realmRecordHref('task', task.id)",""
"component.components-realm-realmoffice.action.gui-tin-nhan","components/realm/RealmOffice.jsx","2010","143","component.components-realm-realmoffice","button","action","Gửi tin nhắn","","","","true","","form-submit-candidate","unreviewed","","","GET '/api/realm-demo/operations' | POST '/api/realm-demo/operations' | POST '/api/collaboration/contact'","'/leads' | `/projects/${encodeURIComponent(warRoomCampaign.id)}` | quest.links?.task || realmRecordHref('task', quest.businessRef) | realmRecordHref('client', client.id) | realmRecordHref('lead', lead.id) | realmRecordHref('project', selectedCampaign?.id) | realmRecordHref('staff', member.id) | realmRecordHref('task', task.id)",""
"component.components-realm-realmoffice.form-control.viet-tin-nhan","components/realm/RealmOffice.jsx","2010","16","component.components-realm-realmoffice","input","form-control","Viết tin nhắn...","","","","true","","form-submit-candidate","unreviewed","","","GET '/api/realm-demo/operations' | POST '/api/realm-demo/operations' | POST '/api/collaboration/contact'","'/leads' | `/projects/${encodeURIComponent(warRoomCampaign.id)}` | quest.links?.task || realmRecordHref('task', quest.businessRef) | realmRecordHref('client', client.id) | realmRecordHref('lead', lead.id) | realmRecordHref('project', selectedCampaign?.id) | realmRecordHref('staff', member.id) | realmRecordHref('task', task.id)","control_binding_unverified"
"component.components-realm-realmoffice.action.i-toi.2","components/realm/RealmOffice.jsx","2031","11","component.components-realm-realmoffice","button","action","Đi tới","onClick","() => moveToObject('quests')","","false","","handler-candidate","unreviewed","","","GET '/api/realm-demo/operations' | POST '/api/realm-demo/operations' | POST '/api/collaboration/contact'","'/leads' | `/projects/${encodeURIComponent(warRoomCampaign.id)}` | quest.links?.task || realmRecordHref('task', quest.businessRef) | realmRecordHref('client', client.id) | realmRecordHref('lead', lead.id) | realmRecordHref('project', selectedCampaign?.id) | realmRecordHref('staff', member.id) | realmRecordHref('task', task.id)",""
"component.components-realm-realmoffice.action.realm","components/realm/RealmOffice.jsx","2049","11","component.components-realm-realmoffice","button","action","Realm","onClick","() => setMode('world')","","false","","handler-candidate","unreviewed","","","GET '/api/realm-demo/operations' | POST '/api/realm-demo/operations' | POST '/api/collaboration/contact'","'/leads' | `/projects/${encodeURIComponent(warRoomCampaign.id)}` | quest.links?.task || realmRecordHref('task', quest.businessRef) | realmRecordHref('client', client.id) | realmRecordHref('lead', lead.id) | realmRecordHref('project', selectedCampaign?.id) | realmRecordHref('staff', member.id) | realmRecordHref('task', task.id)",""
"component.components-realm-realmoffice.navigation.erp-crm","components/realm/RealmOffice.jsx","2052","15","component.components-realm-realmoffice","Link","navigation","ERP · CRM","onClick","() => rememberWorkspaceSurface('erp')","erpHref","false","","navigation-candidate","unreviewed","","","GET '/api/realm-demo/operations' | POST '/api/realm-demo/operations' | POST '/api/collaboration/contact'","'/leads' | `/projects/${encodeURIComponent(warRoomCampaign.id)}` | quest.links?.task || realmRecordHref('task', quest.businessRef) | realmRecordHref('client', client.id) | realmRecordHref('lead', lead.id) | realmRecordHref('project', selectedCampaign?.id) | realmRecordHref('staff', member.id) | realmRecordHref('task', task.id)",""
"component.components-realm-realmoffice.action.so-realm","components/realm/RealmOffice.jsx","2053","15","component.components-realm-realmoffice","button","action","Sổ Realm","onClick","() => setMode('ledger')","","false","","handler-candidate","unreviewed","","","GET '/api/realm-demo/operations' | POST '/api/realm-demo/operations' | POST '/api/collaboration/contact'","'/leads' | `/projects/${encodeURIComponent(warRoomCampaign.id)}` | quest.links?.task || realmRecordHref('task', quest.businessRef) | realmRecordHref('client', client.id) | realmRecordHref('lead', lead.id) | realmRecordHref('project', selectedCampaign?.id) | realmRecordHref('staff', member.id) | realmRecordHref('task', task.id)",""
"component.components-realm-realmoffice.action.erp-crm","components/realm/RealmOffice.jsx","2056","13","component.components-realm-realmoffice","button","action","ERP · CRM","onClick","() => setMode('ledger')","","false","","handler-candidate","unreviewed","","","GET '/api/realm-demo/operations' | POST '/api/realm-demo/operations' | POST '/api/collaboration/contact'","'/leads' | `/projects/${encodeURIComponent(warRoomCampaign.id)}` | quest.links?.task || realmRecordHref('task', quest.businessRef) | realmRecordHref('client', client.id) | realmRecordHref('lead', lead.id) | realmRecordHref('project', selectedCampaign?.id) | realmRecordHref('staff', member.id) | realmRecordHref('task', task.id)",""
"component.components-realm-realmoffice.form-control.trang-thai-hien-dien","components/realm/RealmOffice.jsx","2064","13","component.components-realm-realmoffice","select","form-control","Trạng thái hiện diện","","","","false","","control-candidate","unreviewed","","","GET '/api/realm-demo/operations' | POST '/api/realm-demo/operations' | POST '/api/collaboration/contact'","'/leads' | `/projects/${encodeURIComponent(warRoomCampaign.id)}` | quest.links?.task || realmRecordHref('task', quest.businessRef) | realmRecordHref('client', client.id) | realmRecordHref('lead', lead.id) | realmRecordHref('project', selectedCampaign?.id) | realmRecordHref('staff', member.id) | realmRecordHref('task', task.id)",""
"component.components-realm-realmoffice.action.tu-choi","components/realm/RealmOffice.jsx","2083","13","component.components-realm-realmoffice","button","action","Từ chối","onClick","declineInvite","","false","","handler-candidate","unreviewed","","","GET '/api/realm-demo/operations' | POST '/api/realm-demo/operations' | POST '/api/collaboration/contact'","'/leads' | `/projects/${encodeURIComponent(warRoomCampaign.id)}` | quest.links?.task || realmRecordHref('task', quest.businessRef) | realmRecordHref('client', client.id) | realmRecordHref('lead', lead.id) | realmRecordHref('project', selectedCampaign?.id) | realmRecordHref('staff', member.id) | realmRecordHref('task', task.id)",""
"component.components-realm-realmoffice.action.tham-gia","components/realm/RealmOffice.jsx","2084","13","component.components-realm-realmoffice","button","action","Tham gia","onClick","acceptPartyInvite","","false","","handler-candidate","unreviewed","","","GET '/api/realm-demo/operations' | POST '/api/realm-demo/operations' | POST '/api/collaboration/contact'","'/leads' | `/projects/${encodeURIComponent(warRoomCampaign.id)}` | quest.links?.task || realmRecordHref('task', quest.businessRef) | realmRecordHref('client', client.id) | realmRecordHref('lead', lead.id) | realmRecordHref('project', selectedCampaign?.id) | realmRecordHref('staff', member.id) | realmRecordHref('task', task.id)",""
"component.components-realm-realmoffice.action.level","components/realm/RealmOffice.jsx","2091","11","component.components-realm-realmoffice","button","action","Level / ·","onClick","() => { setMode('world'); setActivePanel('profile'); }","","false","","handler-candidate","unreviewed","","","GET '/api/realm-demo/operations' | POST '/api/realm-demo/operations' | POST '/api/collaboration/contact'","'/leads' | `/projects/${encodeURIComponent(warRoomCampaign.id)}` | quest.links?.task || realmRecordHref('task', quest.businessRef) | realmRecordHref('client', client.id) | realmRecordHref('lead', lead.id) | realmRecordHref('project', selectedCampaign?.id) | realmRecordHref('staff', member.id) | realmRecordHref('task', task.id)",""
"component.components-realm-realmoffice.action.movetoobject-item-id","components/realm/RealmOffice.jsx","2101","17","component.components-realm-realmoffice","button","action","","onClick","() => moveToObject(item.id)","","false","!access.allowed","handler-candidate","unreviewed","","","GET '/api/realm-demo/operations' | POST '/api/realm-demo/operations' | POST '/api/collaboration/contact'","'/leads' | `/projects/${encodeURIComponent(warRoomCampaign.id)}` | quest.links?.task || realmRecordHref('task', quest.businessRef) | realmRecordHref('client', client.id) | realmRecordHref('lead', lead.id) | realmRecordHref('project', selectedCampaign?.id) | realmRecordHref('staff', member.id) | realmRecordHref('task', task.id)",""
"component.components-realm-realmoffice.action.ho-so-nhan-vat","components/realm/RealmOffice.jsx","2111","13","component.components-realm-realmoffice","button","action","Hồ sơ nhân vật","onClick","() => { setMode('world'); setActivePanel('profile'); }","","false","","handler-candidate","unreviewed","","","GET '/api/realm-demo/operations' | POST '/api/realm-demo/operations' | POST '/api/collaboration/contact'","'/leads' | `/projects/${encodeURIComponent(warRoomCampaign.id)}` | quest.links?.task || realmRecordHref('task', quest.businessRef) | realmRecordHref('client', client.id) | realmRecordHref('lead', lead.id) | realmRecordHref('project', selectedCampaign?.id) | realmRecordHref('staff', member.id) | realmRecordHref('task', task.id)",""
"component.components-realm-realmoffice.navigation.mo-erp-crm","components/realm/RealmOffice.jsx","2112","25","component.components-realm-realmoffice","Link","navigation","Mở ERP · CRM","onClick","() => rememberWorkspaceSurface('erp')","erpHref","false","","navigation-candidate","unreviewed","","","GET '/api/realm-demo/operations' | POST '/api/realm-demo/operations' | POST '/api/collaboration/contact'","'/leads' | `/projects/${encodeURIComponent(warRoomCampaign.id)}` | quest.links?.task || realmRecordHref('task', quest.businessRef) | realmRecordHref('client', client.id) | realmRecordHref('lead', lead.id) | realmRecordHref('project', selectedCampaign?.id) | realmRecordHref('staff', member.id) | realmRecordHref('task', task.id)",""
"component.components-realm-realmoffice.action.so-realm-tavern-ieu-hanh-erp-crm","components/realm/RealmOffice.jsx","2113","13","component.components-realm-realmoffice","button","action","Sổ Realm & Tavern / Điều hành ERP · CRM","onClick","() => setMode('ledger')","","false","","handler-candidate","unreviewed","","","GET '/api/realm-demo/operations' | POST '/api/realm-demo/operations' | POST '/api/collaboration/contact'","'/leads' | `/projects/${encodeURIComponent(warRoomCampaign.id)}` | quest.links?.task || realmRecordHref('task', quest.businessRef) | realmRecordHref('client', client.id) | realmRecordHref('lead', lead.id) | realmRecordHref('project', selectedCampaign?.id) | realmRecordHref('staff', member.id) | realmRecordHref('task', task.id)",""
"component.components-realm-realmoffice.action.e","components/realm/RealmOffice.jsx","2138","17","component.components-realm-realmoffice","button","action","E","onClick","() => openObject(activeObject)","","false","","handler-candidate","unreviewed","","","GET '/api/realm-demo/operations' | POST '/api/realm-demo/operations' | POST '/api/collaboration/contact'","'/leads' | `/projects/${encodeURIComponent(warRoomCampaign.id)}` | quest.links?.task || realmRecordHref('task', quest.businessRef) | realmRecordHref('client', client.id) | realmRecordHref('lead', lead.id) | realmRecordHref('project', selectedCampaign?.id) | realmRecordHref('staff', member.id) | realmRecordHref('task', task.id)",""
"component.components-realm-realmoffice.action.ang-kiem-tra-thu-ong-bo","components/realm/RealmOffice.jsx","2262","37","component.components-realm-realmoffice","button","action","Đang kiểm tra / Thử đồng bộ","onClick","onRefresh","","false","busy","handler-candidate","unreviewed","","","GET '/api/realm-demo/operations' | POST '/api/realm-demo/operations' | POST '/api/collaboration/contact'","'/leads' | `/projects/${encodeURIComponent(warRoomCampaign.id)}` | quest.links?.task || realmRecordHref('task', quest.businessRef) | realmRecordHref('client', client.id) | realmRecordHref('lead', lead.id) | realmRecordHref('project', selectedCampaign?.id) | realmRecordHref('staff', member.id) | realmRecordHref('task', task.id)",""
"component.components-realm-realmoffice.action.copy-ma","components/realm/RealmOffice.jsx","2263","48","component.components-realm-realmoffice","button","action","Copy mã","onClick","() => onCopySupportId(meta.requestId)","","false","","handler-candidate","unreviewed","","","GET '/api/realm-demo/operations' | POST '/api/realm-demo/operations' | POST '/api/collaboration/contact'","'/leads' | `/projects/${encodeURIComponent(warRoomCampaign.id)}` | quest.links?.task || realmRecordHref('task', quest.businessRef) | realmRecordHref('client', client.id) | realmRecordHref('lead', lead.id) | realmRecordHref('project', selectedCampaign?.id) | realmRecordHref('staff', member.id) | realmRecordHref('task', task.id)",""
"component.components-realm-realmoffice.action.setledgerview-tab-key-if-tab-key-guild-setwarroomcampaign-null-s","components/realm/RealmOffice.jsx","2338","18","component.components-realm-realmoffice","button","action","","onClick","() => { setLedgerView(tab.key); if (tab.key === 'guild') { setWarRoomCampaign(null); setEmbassyOpen(false); } }","","false","!access.allowed","handler-candidate","unreviewed","","","GET '/api/realm-demo/operations' | POST '/api/realm-demo/operations' | POST '/api/collaboration/contact'","'/leads' | `/projects/${encodeURIComponent(warRoomCampaign.id)}` | quest.links?.task || realmRecordHref('task', quest.businessRef) | realmRecordHref('client', client.id) | realmRecordHref('lead', lead.id) | realmRecordHref('project', selectedCampaign?.id) | realmRecordHref('staff', member.id) | realmRecordHref('task', task.id)",""
"component.components-realm-realmoffice.navigation.mo-ho-so-erp","components/realm/RealmOffice.jsx","2421","40","component.components-realm-realmoffice","Link","navigation","Mở hồ sơ ERP","","","businessBridge?.profileHref || '/staff'","false","","navigation-candidate","unreviewed","","","GET '/api/realm-demo/operations' | POST '/api/realm-demo/operations' | POST '/api/collaboration/contact'","'/leads' | `/projects/${encodeURIComponent(warRoomCampaign.id)}` | quest.links?.task || realmRecordHref('task', quest.businessRef) | realmRecordHref('client', client.id) | realmRecordHref('lead', lead.id) | realmRecordHref('project', selectedCampaign?.id) | realmRecordHref('staff', member.id) | realmRecordHref('task', task.id)",""
"component.components-realm-realmoffice.navigation.link","components/realm/RealmOffice.jsx","2434","13","component.components-realm-realmoffice","Link","navigation","·","","","portal.href","false","","navigation-candidate","unreviewed","","","GET '/api/realm-demo/operations' | POST '/api/realm-demo/operations' | POST '/api/collaboration/contact'","'/leads' | `/projects/${encodeURIComponent(warRoomCampaign.id)}` | quest.links?.task || realmRecordHref('task', quest.businessRef) | realmRecordHref('client', client.id) | realmRecordHref('lead', lead.id) | realmRecordHref('project', selectedCampaign?.id) | realmRecordHref('staff', member.id) | realmRecordHref('task', task.id)",""
"component.components-realm-realmoffice.navigation.mo-task-erp.2","components/realm/RealmOffice.jsx","2464","23","component.components-realm-realmoffice","Link","navigation","Mở Task ERP","","","quest.links?.task || realmRecordHref('task', quest.businessRef)","false","","navigation-candidate","unreviewed","","","GET '/api/realm-demo/operations' | POST '/api/realm-demo/operations' | POST '/api/collaboration/contact'","'/leads' | `/projects/${encodeURIComponent(warRoomCampaign.id)}` | quest.links?.task || realmRecordHref('task', quest.businessRef) | realmRecordHref('client', client.id) | realmRecordHref('lead', lead.id) | realmRecordHref('project', selectedCampaign?.id) | realmRecordHref('staff', member.id) | realmRecordHref('task', task.id)",""
"component.components-realm-realmoffice.action.cap-nhat-1","components/realm/RealmOffice.jsx","2465","23","component.components-realm-realmoffice","button","action","Cập nhật +1","onClick","() => onAdvanceQuest(quest)","","false","","handler-candidate","unreviewed","","","GET '/api/realm-demo/operations' | POST '/api/realm-demo/operations' | POST '/api/collaboration/contact'","'/leads' | `/projects/${encodeURIComponent(warRoomCampaign.id)}` | quest.links?.task || realmRecordHref('task', quest.businessRef) | realmRecordHref('client', client.id) | realmRecordHref('lead', lead.id) | realmRecordHref('project', selectedCampaign?.id) | realmRecordHref('staff', member.id) | realmRecordHref('task', task.id)",""
"component.components-realm-realmoffice.action.ang-ghi-ghi-nhan-gold","components/realm/RealmOffice.jsx","2466","48","component.components-realm-realmoffice","button","action","Đang ghi… / Ghi nhận Gold","onClick","() => onClaimQuest(quest)","","false","operationsSyncState === 'syncing'","handler-candidate","unreviewed","","","GET '/api/realm-demo/operations' | POST '/api/realm-demo/operations' | POST '/api/collaboration/contact'","'/leads' | `/projects/${encodeURIComponent(warRoomCampaign.id)}` | quest.links?.task || realmRecordHref('task', quest.businessRef) | realmRecordHref('client', client.id) | realmRecordHref('lead', lead.id) | realmRecordHref('project', selectedCampaign?.id) | realmRecordHref('staff', member.id) | realmRecordHref('task', task.id)",""
"component.components-realm-realmoffice.navigation.mo-ho-so-nhan-su-goc","components/realm/RealmOffice.jsx","2524","38","component.components-realm-realmoffice","Link","navigation","Mở hồ sơ nhân sự gốc","","","businessBridge?.profileHref || '/staff'","false","","navigation-candidate","unreviewed","","","GET '/api/realm-demo/operations' | POST '/api/realm-demo/operations' | POST '/api/collaboration/contact'","'/leads' | `/projects/${encodeURIComponent(warRoomCampaign.id)}` | quest.links?.task || realmRecordHref('task', quest.businessRef) | realmRecordHref('client', client.id) | realmRecordHref('lead', lead.id) | realmRecordHref('project', selectedCampaign?.id) | realmRecordHref('staff', member.id) | realmRecordHref('task', task.id)",""
"component.components-realm-realmoffice.action.mo-goc-nhin-realm","components/realm/RealmOffice.jsx","2525","7","component.components-realm-realmoffice","button","action","Mở góc nhìn Realm","onClick","onOpenRealm","","false","","handler-candidate","unreviewed","","","GET '/api/realm-demo/operations' | POST '/api/realm-demo/operations' | POST '/api/collaboration/contact'","'/leads' | `/projects/${encodeURIComponent(warRoomCampaign.id)}` | quest.links?.task || realmRecordHref('task', quest.businessRef) | realmRecordHref('client', client.id) | realmRecordHref('lead', lead.id) | realmRecordHref('project', selectedCampaign?.id) | realmRecordHref('staff', member.id) | realmRecordHref('task', task.id)",""
"component.components-realm-rewardcontrolcenter.action.ieu-chinh-budget","components/realm/RewardControlCenter.jsx","252","86","component.components-realm-rewardcontrolcenter","button","action","Điều chỉnh budget","onClick","() => setEditor(emptyBudgetEditor(budget))","","false","","handler-candidate","unreviewed","","","GET '/api/realm-demo/rewards' | POST '/api/realm-demo/rewards'","",""
"component.components-realm-rewardcontrolcenter.action.ang-gui-gui-duyet","components/realm/RewardControlCenter.jsx","253","104","component.components-realm-rewardcontrolcenter","button","action","Đang gửi… / Gửi duyệt","onClick","() => runAction({ action: 'budget-submit', version: budgetConfiguration.version })","","false","budgetBusy","handler-candidate","unreviewed","","","GET '/api/realm-demo/rewards' | POST '/api/realm-demo/rewards'","",""
"component.components-realm-rewardcontrolcenter.action.ang-duyet-phe-duyet-budget","components/realm/RewardControlCenter.jsx","254","84","component.components-realm-rewardcontrolcenter","button","action","Đang duyệt… / Phê duyệt budget","onClick","() => runAction({ action: 'budget-approve', version: budgetConfiguration.version })","","false","budgetBusy || budgetConfiguration.goldCap < budget.used","handler-candidate","unreviewed","","","GET '/api/realm-demo/rewards' | POST '/api/realm-demo/rewards'","",""
"component.components-realm-rewardcontrolcenter.action.yeu-cau-sua","components/realm/RewardControlCenter.jsx","255","84","component.components-realm-rewardcontrolcenter","button","action","Yêu cầu sửa","onClick","() => setEditor(emptyBudgetEditor(budget, 'budget-reject'))","","false","","handler-candidate","unreviewed","","","GET '/api/realm-demo/rewards' | POST '/api/realm-demo/rewards'","",""
"component.components-realm-rewardcontrolcenter.action.tao-budget-draft","components/realm/RewardControlCenter.jsx","265","36","component.components-realm-rewardcontrolcenter","button","action","Tạo budget draft","onClick","() => setEditor(emptyBudgetEditor(budget))","","false","","handler-candidate","unreviewed","","","GET '/api/realm-demo/rewards' | POST '/api/realm-demo/rewards'","",""
"component.components-realm-rewardcontrolcenter.form-submit.checker-review-cau-hinh-han-muc-truoc-khi-reward-uoc-phe-duyet-t","components/realm/RewardControlCenter.jsx","271","9","component.components-realm-rewardcontrolcenter","form","form-submit","Checker review / Cấu hình hạn mức trước khi reward được phê duyệt / Trần Gold toàn công ty / Trần Gold mỗi nhân sự / Lý do và phạm vi budget / Trần mỗi nhân sự không được lớn hơn t","onSubmit","submitEditor","","false","","handler-candidate","unreviewed","","","GET '/api/realm-demo/rewards' | POST '/api/realm-demo/rewards'","",""
"component.components-realm-rewardcontrolcenter.action.ong-form-cau-hinh","components/realm/RewardControlCenter.jsx","278","13","component.components-realm-rewardcontrolcenter","button","action","Đóng form cấu hình","onClick","() => setEditor(null)","","true","","handler-candidate","unreviewed","","","GET '/api/realm-demo/rewards' | POST '/api/realm-demo/rewards'","",""
"component.components-realm-rewardcontrolcenter.form-control.input","components/realm/RewardControlCenter.jsx","283","46","component.components-realm-rewardcontrolcenter","input","form-control","","","","","true","","form-submit-candidate","unreviewed","","","GET '/api/realm-demo/rewards' | POST '/api/realm-demo/rewards'","","control_binding_unverified"
"component.components-realm-rewardcontrolcenter.form-control.input.2","components/realm/RewardControlCenter.jsx","284","45","component.components-realm-rewardcontrolcenter","input","form-control","","","","","true","","form-submit-candidate","unreviewed","","","GET '/api/realm-demo/rewards' | POST '/api/realm-demo/rewards'","","control_binding_unverified"
"component.components-realm-rewardcontrolcenter.form-control.textarea","components/realm/RewardControlCenter.jsx","286","45","component.components-realm-rewardcontrolcenter","textarea","form-control","","","","","true","","form-submit-candidate","unreviewed","","","GET '/api/realm-demo/rewards' | POST '/api/realm-demo/rewards'","","control_binding_unverified"
"component.components-realm-rewardcontrolcenter.action.ang-luu-luu-budget-draft","components/realm/RewardControlCenter.jsx","288","15","component.components-realm-rewardcontrolcenter","button","action","Đang lưu… / Lưu budget draft","","","","true","Boolean(busyTaskId)","form-submit-candidate","unreviewed","","","GET '/api/realm-demo/rewards' | POST '/api/realm-demo/rewards'","",""
"component.components-realm-rewardcontrolcenter.form-control.input.3","components/realm/RewardControlCenter.jsx","293","28","component.components-realm-rewardcontrolcenter","input","form-control","","","","","true","","form-submit-candidate","unreviewed","","","GET '/api/realm-demo/rewards' | POST '/api/realm-demo/rewards'","","control_binding_unverified"
"component.components-realm-rewardcontrolcenter.form-control.input.4","components/realm/RewardControlCenter.jsx","294","30","component.components-realm-rewardcontrolcenter","input","form-control","","","","","true","","form-submit-candidate","unreviewed","","","GET '/api/realm-demo/rewards' | POST '/api/realm-demo/rewards'","","control_binding_unverified"
"component.components-realm-rewardcontrolcenter.form-control.textarea.2","components/realm/RewardControlCenter.jsx","296","46","component.components-realm-rewardcontrolcenter","textarea","form-control","","","","","true","","form-submit-candidate","unreviewed","","","GET '/api/realm-demo/rewards' | POST '/api/realm-demo/rewards'","","control_binding_unverified"
"component.components-realm-rewardcontrolcenter.action.ang-luu-luu-ban-nhap","components/realm/RewardControlCenter.jsx","298","15","component.components-realm-rewardcontrolcenter","button","action","Đang lưu… / Lưu bản nháp","","","","true","Boolean(busyTaskId)","form-submit-candidate","unreviewed","","","GET '/api/realm-demo/rewards' | POST '/api/realm-demo/rewards'","",""
"component.components-realm-rewardcontrolcenter.form-control.textarea.3","components/realm/RewardControlCenter.jsx","302","45","component.components-realm-rewardcontrolcenter","textarea","form-control","","","","","true","","form-submit-candidate","unreviewed","","","GET '/api/realm-demo/rewards' | POST '/api/realm-demo/rewards'","","control_binding_unverified"
"component.components-realm-rewardcontrolcenter.action.ang-gui","components/realm/RewardControlCenter.jsx","303","15","component.components-realm-rewardcontrolcenter","button","action","Đang gửi…","","","","true","Boolean(busyTaskId)","form-submit-candidate","unreviewed","","","GET '/api/realm-demo/rewards' | POST '/api/realm-demo/rewards'","",""
"component.components-realm-rewardcontrolcenter.action.cau-hinh-ieu-chinh","components/realm/RewardControlCenter.jsx","336","68","component.components-realm-rewardcontrolcenter","button","action","Cấu hình / Điều chỉnh","onClick","() => setEditor(emptyEditor(row))","","false","","handler-candidate","unreviewed","","","GET '/api/realm-demo/rewards' | POST '/api/realm-demo/rewards'","",""
"component.components-realm-rewardcontrolcenter.action.ang-gui-gui-duyet.2","components/realm/RewardControlCenter.jsx","337","86","component.components-realm-rewardcontrolcenter","button","action","Đang gửi… / Gửi duyệt","onClick","() => runAction({ action: 'submit', taskId: row.taskId, version: row.version })","","false","rowBusy","handler-candidate","unreviewed","","","GET '/api/realm-demo/rewards' | POST '/api/realm-demo/rewards'","",""
"component.components-realm-rewardcontrolcenter.action.ang-duyet-phe-duyet","components/realm/RewardControlCenter.jsx","338","66","component.components-realm-rewardcontrolcenter","button","action","Đang duyệt… / Phê duyệt","onClick","() => runAction({ action: 'approve', taskId: row.taskId, version: row.version })","","false","rowBusy || budget.remaining < row.gold","handler-candidate","unreviewed","","","GET '/api/realm-demo/rewards' | POST '/api/realm-demo/rewards'","",""
"component.components-realm-rewardcontrolcenter.action.yeu-cau-sua.2","components/realm/RewardControlCenter.jsx","339","66","component.components-realm-rewardcontrolcenter","button","action","Yêu cầu sửa","onClick","() => setEditor(emptyEditor(row, 'reject'))","","false","","handler-candidate","unreviewed","","","GET '/api/realm-demo/rewards' | POST '/api/realm-demo/rewards'","",""
"component.components-realm-royalcommandcenter.action.thu-lai","components/realm/RoyalCommandCenter.jsx","38","15","component.components-realm-royalcommandcenter","button","action","Thử lại","onClick","onRetry","","false","","handler-candidate","unreviewed","","","POST '/api/realm-demo/actions' | POST '/api/realm-demo/command-center' | GET '/api/realm-demo/command-center'","",""
"component.components-realm-royalcommandcenter.action.huy","components/realm/RoyalCommandCenter.jsx","73","5","component.components-realm-royalcommandcenter","button","action","Hủy","onClick","onClose","","false","saving","handler-candidate","unreviewed","","","POST '/api/realm-demo/actions' | POST '/api/realm-demo/command-center' | GET '/api/realm-demo/command-center'","",""
"component.components-realm-royalcommandcenter.action.ang-ghi-erp-xac-nhan-phan-cong","components/realm/RoyalCommandCenter.jsx","74","5","component.components-realm-royalcommandcenter","button","action","Đang ghi ERP… / Xác nhận phân công","onClick","submit","","false","saving","handler-candidate","unreviewed","","","POST '/api/realm-demo/actions' | POST '/api/realm-demo/command-center' | GET '/api/realm-demo/command-center'","",""
"component.components-realm-royalcommandcenter.form-control.chon-thanh-vien","components/realm/RoyalCommandCenter.jsx","77","70","component.components-realm-royalcommandcenter","select","form-control","— Chọn thành viên —","","","","false","saving","control-candidate","unreviewed","","","POST '/api/realm-demo/actions' | POST '/api/realm-demo/command-center' | GET '/api/realm-demo/command-center'","","control_binding_unverified"
"component.components-realm-royalcommandcenter.form-control.input","components/realm/RoyalCommandCenter.jsx","81","66","component.components-realm-royalcommandcenter","input","form-control","","","","","false","saving","control-candidate","unreviewed","","","POST '/api/realm-demo/actions' | POST '/api/realm-demo/command-center' | GET '/api/realm-demo/command-center'","","control_binding_unverified"
"component.components-realm-royalcommandcenter.form-control.select","components/realm/RoyalCommandCenter.jsx","82","59","component.components-realm-royalcommandcenter","select","form-control","","","","","false","saving","control-candidate","unreviewed","","","POST '/api/realm-demo/actions' | POST '/api/realm-demo/command-center' | GET '/api/realm-demo/command-center'","","control_binding_unverified"
"component.components-realm-royalcommandcenter.action.huy.2","components/realm/RoyalCommandCenter.jsx","113","5","component.components-realm-royalcommandcenter","button","action","Hủy","onClick","onClose","","false","saving","handler-candidate","unreviewed","","","POST '/api/realm-demo/actions' | POST '/api/realm-demo/command-center' | GET '/api/realm-demo/command-center'","",""
"component.components-realm-royalcommandcenter.action.ang-gui-gui-yeu-cau-duyet","components/realm/RoyalCommandCenter.jsx","114","5","component.components-realm-royalcommandcenter","button","action","Đang gửi… / Gửi yêu cầu duyệt","onClick","submit","","false","saving","handler-candidate","unreviewed","","","POST '/api/realm-demo/actions' | POST '/api/realm-demo/command-center' | GET '/api/realm-demo/command-center'","",""
"component.components-realm-royalcommandcenter.form-control.chon-thanh-vien.2","components/realm/RoyalCommandCenter.jsx","117","72","component.components-realm-royalcommandcenter","select","form-control","— Chọn thành viên —","","","","false","saving","control-candidate","unreviewed","","","POST '/api/realm-demo/actions' | POST '/api/realm-demo/command-center' | GET '/api/realm-demo/command-center'","","control_binding_unverified"
"component.components-realm-royalcommandcenter.form-control.textarea","components/realm/RoyalCommandCenter.jsx","121","79","component.components-realm-royalcommandcenter","textarea","form-control","","","","","false","saving","control-candidate","unreviewed","","","POST '/api/realm-demo/actions' | POST '/api/realm-demo/command-center' | GET '/api/realm-demo/command-center'","","control_binding_unverified"
"component.components-realm-royalcommandcenter.action.phan-cong","components/realm/RoyalCommandCenter.jsx","153","26","component.components-realm-royalcommandcenter","button","action","Phân công","onClick","() => onAssign(task)","","false","","handler-candidate","unreviewed","","","POST '/api/realm-demo/actions' | POST '/api/realm-demo/command-center' | GET '/api/realm-demo/command-center'","",""
"component.components-realm-royalcommandcenter.action.xin-ban-giao","components/realm/RoyalCommandCenter.jsx","154","34","component.components-realm-royalcommandcenter","button","action","Xin bàn giao","onClick","() => onHandoff(task)","","false","","handler-candidate","unreviewed","","","POST '/api/realm-demo/actions' | POST '/api/realm-demo/command-center' | GET '/api/realm-demo/command-center'","",""
"component.components-realm-royalcommandcenter.navigation.mo-task-erp","components/realm/RoyalCommandCenter.jsx","155","7","component.components-realm-royalcommandcenter","a","navigation","Mở Task ERP","","","realmRecordHref('task', task.id)","false","","navigation-candidate","unreviewed","","","POST '/api/realm-demo/actions' | POST '/api/realm-demo/command-center' | GET '/api/realm-demo/command-center'","",""
"component.components-realm-royalcommandcenter.action.thu-lai.2","components/realm/RoyalCommandCenter.jsx","222","147","component.components-realm-royalcommandcenter","button","action","Thử lại","onClick","reload","","false","","handler-candidate","unreviewed","","","POST '/api/realm-demo/actions' | POST '/api/realm-demo/command-center' | GET '/api/realm-demo/command-center'","",""
"component.components-realm-royalcommandcenter.form-control.nhap-tu-khoa","components/realm/RoyalCommandCenter.jsx","240","103","component.components-realm-royalcommandcenter","input","form-control","Nhập từ khóa…","","","","false","","control-candidate","unreviewed","","","POST '/api/realm-demo/actions' | POST '/api/realm-demo/command-center' | GET '/api/realm-demo/command-center'","","control_binding_unverified"
"component.components-realm-royalcommandcenter.form-control.input.2","components/realm/RoyalCommandCenter.jsx","241","47","component.components-realm-royalcommandcenter","input","form-control","","","","","false","","control-candidate","unreviewed","","","POST '/api/realm-demo/actions' | POST '/api/realm-demo/command-center' | GET '/api/realm-demo/command-center'","","control_binding_unverified"
"component.components-realm-royalembassy.action.ve-guild-hall","components/realm/RoyalEmbassy.jsx","34","20","component.components-realm-royalembassy","button","action","Về Guild Hall","onClick","onBack","","false","","handler-candidate","unreviewed","","","GET '/api/realm-demo/embassy'","",""
"component.components-realm-royalembassy.action.thu-lai","components/realm/RoyalEmbassy.jsx","35","22","component.components-realm-royalembassy","button","action","Thử lại","onClick","onRetry","","false","","handler-candidate","unreviewed","","","GET '/api/realm-demo/embassy'","",""
"component.components-realm-royalembassy.action.ontransition-lead-nextstate","components/realm/RoyalEmbassy.jsx","75","41","component.components-realm-royalembassy","button","action","","onClick","() => onTransition(lead, nextState)","","false","","handler-candidate","unreviewed","","","GET '/api/realm-demo/embassy'","","unlabelled_button_candidate"
"component.components-realm-royalembassy.action.len-lich-follow-up","components/realm/RoyalEmbassy.jsx","77","42","component.components-realm-royalembassy","button","action","Lên lịch follow-up","onClick","() => onFollowUp(lead)","","false","","handler-candidate","unreviewed","","","GET '/api/realm-demo/embassy'","",""
"component.components-realm-royalembassy.action.mo-lead-erp","components/realm/RoyalEmbassy.jsx","78","18","component.components-realm-royalembassy","button","action","Mở Lead ERP","onClick","() => onOpen(lead)","","false","","handler-candidate","unreviewed","","","GET '/api/realm-demo/embassy'","",""
"component.components-realm-royalembassy.action.mo-client-erp","components/realm/RoyalEmbassy.jsx","91","18","component.components-realm-royalembassy","button","action","Mở Client ERP","onClick","() => onOpen(client)","","false","","handler-candidate","unreviewed","","","GET '/api/realm-demo/embassy'","",""
"component.components-realm-royalembassy.action.ve-guild-hall.2","components/realm/RoyalEmbassy.jsx","162","22","component.components-realm-royalembassy","button","action","Về Guild Hall","onClick","onBack","","false","","handler-candidate","unreviewed","","","GET '/api/realm-demo/embassy'","",""
"component.components-realm-royalembassy.action.mo-crm-pipeline","components/realm/RoyalEmbassy.jsx","169","207","component.components-realm-royalembassy","button","action","Mở CRM pipeline","onClick","onOpenLeads","","false","","handler-candidate","unreviewed","","","GET '/api/realm-demo/embassy'","",""
"component.components-realm-royaltreasuryexchange.action.thu-lai","components/realm/RoyalTreasuryExchange.jsx","25","20","component.components-realm-royaltreasuryexchange","button","action","Thử lại","onClick","onRetry","","false","","handler-candidate","unreviewed","","","GET '/api/realm-demo/treasury' | POST '/api/realm-demo/treasury' | POST '/api/realm-demo/treasury' | POST '/api/realm-demo/treasury'","",""
"component.components-realm-royaltreasuryexchange.action.ong-xac-nhan-oi-gold","components/realm/RoyalTreasuryExchange.jsx","39","11","component.components-realm-royaltreasuryexchange","button","action","Đóng xác nhận đổi Gold","onClick","onClose","","false","busy","handler-candidate","unreviewed","","","GET '/api/realm-demo/treasury' | POST '/api/realm-demo/treasury' | POST '/api/realm-demo/treasury' | POST '/api/realm-demo/treasury'","",""
"component.components-realm-royaltreasuryexchange.action.quay-lai","components/realm/RoyalTreasuryExchange.jsx","46","11","component.components-realm-royaltreasuryexchange","button","action","Quay lại","onClick","onClose","","false","busy","handler-candidate","unreviewed","","","GET '/api/realm-demo/treasury' | POST '/api/realm-demo/treasury' | POST '/api/realm-demo/treasury' | POST '/api/realm-demo/treasury'","",""
"component.components-realm-royaltreasuryexchange.action.ang-xu-ly","components/realm/RoyalTreasuryExchange.jsx","47","11","component.components-realm-royaltreasuryexchange","button","action","Đang xử lý…","onClick","onConfirm","","false","busy","handler-candidate","unreviewed","","","GET '/api/realm-demo/treasury' | POST '/api/realm-demo/treasury' | POST '/api/realm-demo/treasury' | POST '/api/realm-demo/treasury'","",""
"component.components-realm-royaltreasuryexchange.action.tai-lai","components/realm/RoyalTreasuryExchange.jsx","229","117","component.components-realm-royaltreasuryexchange","button","action","Tải lại","onClick","() => setRefreshKey((value) => value + 1)","","false","","handler-candidate","unreviewed","","","GET '/api/realm-demo/treasury' | POST '/api/realm-demo/treasury' | POST '/api/realm-demo/treasury' | POST '/api/realm-demo/treasury'","",""
"component.components-realm-royaltreasuryexchange.action.buttonlabel-g","components/realm/RoyalTreasuryExchange.jsx","254","17","component.components-realm-royaltreasuryexchange","button","action","{buttonLabel} / G","onClick","() => setConfirmItem(item)","","false","disabled","handler-candidate","unreviewed","","","GET '/api/realm-demo/treasury' | POST '/api/realm-demo/treasury' | POST '/api/realm-demo/treasury' | POST '/api/realm-demo/treasury'","",""
"component.components-realm-royaltreasuryexchange.action.ang-ong-bo","components/realm/RoyalTreasuryExchange.jsx","278","15","component.components-realm-royaltreasuryexchange","button","action","Đang đồng bộ…","onClick","() => equip(item)","","false","item.equipped || Boolean(busyKey)","handler-candidate","unreviewed","","","GET '/api/realm-demo/treasury' | POST '/api/realm-demo/treasury' | POST '/api/realm-demo/treasury' | POST '/api/realm-demo/treasury'","",""
"component.components-realm-royaltreasuryexchange.action.duyet-sandbox","components/realm/RoyalTreasuryExchange.jsx","294","242","component.components-realm-royaltreasuryexchange","button","action","Duyệt sandbox","onClick","() => demoReview(request, 'approve')","","false","busyKey === request.id","handler-candidate","unreviewed","","","GET '/api/realm-demo/treasury' | POST '/api/realm-demo/treasury' | POST '/api/realm-demo/treasury' | POST '/api/realm-demo/treasury'","",""
"component.components-realm-royaltreasuryexchange.action.tu-choi","components/realm/RoyalTreasuryExchange.jsx","294","124","component.components-realm-royaltreasuryexchange","button","action","Từ chối","onClick","() => demoReview(request, 'reject')","","false","busyKey === request.id","handler-candidate","unreviewed","","","GET '/api/realm-demo/treasury' | POST '/api/realm-demo/treasury' | POST '/api/realm-demo/treasury' | POST '/api/realm-demo/treasury'","",""
"component.components-realm-royaltreasuryexchange.action.xac-nhan-a-trao","components/realm/RoyalTreasuryExchange.jsx","295","134","component.components-realm-royaltreasuryexchange","button","action","Xác nhận đã trao","onClick","() => fulfill(request)","","false","busyKey === request.id","handler-candidate","unreviewed","","","GET '/api/realm-demo/treasury' | POST '/api/realm-demo/treasury' | POST '/api/realm-demo/treasury' | POST '/api/realm-demo/treasury'","",""
"component.components-realm-royaltreasuryexchange.action.a-trao-thuong","components/realm/RoyalTreasuryExchange.jsx","309","51","component.components-realm-royaltreasuryexchange","button","action","Đã trao thưởng","onClick","() => fulfill(request)","","false","busyKey === request.id","handler-candidate","unreviewed","","","GET '/api/realm-demo/treasury' | POST '/api/realm-demo/treasury' | POST '/api/realm-demo/treasury' | POST '/api/realm-demo/treasury'","",""
"component.components-realm-warroom.action.ve-guild-hall","components/realm/WarRoom.jsx","54","20","component.components-realm-warroom","button","action","Về Guild Hall","onClick","onBack","","false","","handler-candidate","unreviewed","","","GET `/api/realm-demo/war-room?projectId=${encodeURIComponent(projectId)}`","",""
"component.components-realm-warroom.action.thu-lai","components/realm/WarRoom.jsx","55","19","component.components-realm-warroom","button","action","Thử lại","onClick","onRetry","","false","","handler-candidate","unreviewed","","","GET `/api/realm-demo/war-room?projectId=${encodeURIComponent(projectId)}`","",""
"component.components-realm-warroom.action.ontransition-task-nextstate","components/realm/WarRoom.jsx","96","41","component.components-realm-warroom","button","action","","onClick","() => onTransition(task, nextState)","","false","","handler-candidate","unreviewed","","","GET `/api/realm-demo/war-room?projectId=${encodeURIComponent(projectId)}`","","unlabelled_button_candidate"
"component.components-realm-warroom.action.ghi-chu-war-council","components/realm/WarRoom.jsx","98","40","component.components-realm-warroom","button","action","Ghi chú War Council","onClick","() => onComment(task)","","false","","handler-candidate","unreviewed","","","GET `/api/realm-demo/war-room?projectId=${encodeURIComponent(projectId)}`","",""
"component.components-realm-warroom.action.mo-task-erp","components/realm/WarRoom.jsx","99","18","component.components-realm-warroom","button","action","Mở Task ERP","onClick","() => onOpen(task)","","false","","handler-candidate","unreviewed","","","GET `/api/realm-demo/war-room?projectId=${encodeURIComponent(projectId)}`","",""
"component.components-realm-warroom.action.ve-guild-hall.2","components/realm/WarRoom.jsx","182","22","component.components-realm-warroom","button","action","Về Guild Hall","onClick","onBack","","false","","handler-candidate","unreviewed","","","GET `/api/realm-demo/war-room?projectId=${encodeURIComponent(projectId)}`","",""
"component.components-realm-warroom.action.mo-project-trong-erp","components/realm/WarRoom.jsx","235","49","component.components-realm-warroom","button","action","Mở Project trong ERP","onClick","onOpenProject","","false","","handler-candidate","unreviewed","","","GET `/api/realm-demo/war-room?projectId=${encodeURIComponent(projectId)}`","",""
"component.components-sendemail.action.huy","components/SendEmail.jsx","29","9","component.components-sendemail","button","action","Hủy","onClick","onClose","","false","","handler-candidate","unreviewed","","","POST '/api/email/send'","",""
"component.components-sendemail.action.ang-gui-gui-email","components/SendEmail.jsx","30","9","component.components-sendemail","button","action","Đang gửi… / Gửi email","onClick","send","","false","busy","handler-candidate","unreviewed","","","POST '/api/email/send'","",""
"component.components-sendemail.form-control.khach-congty-vn","components/SendEmail.jsx","34","11","component.components-sendemail","input","form-control","khach@congty.vn","","","","false","","control-candidate","unreviewed","","","POST '/api/email/send'","","control_binding_unverified"
"component.components-sendemail.form-control.textarea","components/SendEmail.jsx","36","11","component.components-sendemail","textarea","form-control","","","","","false","","control-candidate","unreviewed","","","POST '/api/email/send'","","control_binding_unverified"
"component.components-shell.form-control.go-ten-khach-deal-du-an-viec-hoa-on-ticket-2-ky-tu","components/Shell.jsx","94","7","component.components-shell","input","form-control","Gõ tên khách, deal, dự án, việc, hóa đơn, ticket… (≥2 ký tự)","","","","false","","control-candidate","unreviewed","","","GET '/api/data/' + g.res | GET '/api/notifications' | PUT '/api/notifications' | PUT '/api/notifications' | GET '/api/users/2fa' | method '/api/users/2fa' | GET '/api/settings' | GET '/api/approvals' | GET '/api/chat' | GET '/api/notifications'","'/dashboard' | '/freelancer' | '/login' | g.href(r) | n.route","control_binding_unverified"
"component.components-shell.action.go-g-r","components/Shell.jsx","103","15","component.components-shell","div","action","","onClick","() => go(g, r)","","false","","handler-candidate","unreviewed","","","GET '/api/data/' + g.res | GET '/api/notifications' | PUT '/api/notifications' | PUT '/api/notifications' | GET '/api/users/2fa' | method '/api/users/2fa' | GET '/api/settings' | GET '/api/approvals' | GET '/api/chat' | GET '/api/notifications'","'/dashboard' | '/freelancer' | '/login' | g.href(r) | n.route","clickable_non_semantic | keyboard_path_unverified"
"component.components-shell.action.oc-tat-ca","components/Shell.jsx","150","17","component.components-shell","AsyncButton","action","Đọc tất cả","onClick","readAll","","false","","handler-candidate","unreviewed","","","GET '/api/data/' + g.res | GET '/api/notifications' | PUT '/api/notifications' | PUT '/api/notifications' | GET '/api/users/2fa' | method '/api/users/2fa' | GET '/api/settings' | GET '/api/approvals' | GET '/api/chat' | GET '/api/notifications'","'/dashboard' | '/freelancer' | '/login' | g.href(r) | n.route",""
"component.components-shell.action.ong","components/Shell.jsx","151","9","component.components-shell","button","action","Đóng","onClick","onClose","","false","","handler-candidate","unreviewed","","","GET '/api/data/' + g.res | GET '/api/notifications' | PUT '/api/notifications' | PUT '/api/notifications' | GET '/api/users/2fa' | method '/api/users/2fa' | GET '/api/settings' | GET '/api/approvals' | GET '/api/chat' | GET '/api/notifications'","'/dashboard' | '/freelancer' | '/login' | g.href(r) | n.route",""
"component.components-shell.action.truoc-mo","components/Shell.jsx","154","11","component.components-shell","button","action","trước / Mở","onClick","() => open(n)","","false","","handler-candidate","unreviewed","","","GET '/api/data/' + g.res | GET '/api/notifications' | PUT '/api/notifications' | PUT '/api/notifications' | GET '/api/users/2fa' | method '/api/users/2fa' | GET '/api/settings' | GET '/api/approvals' | GET '/api/chat' | GET '/api/notifications'","'/dashboard' | '/freelancer' | '/login' | g.href(r) | n.route",""
"component.components-shell.action.ong.2","components/Shell.jsx","192","9","component.components-shell","button","action","Đóng","onClick","onClose","","false","","handler-candidate","unreviewed","","","GET '/api/data/' + g.res | GET '/api/notifications' | PUT '/api/notifications' | PUT '/api/notifications' | GET '/api/users/2fa' | method '/api/users/2fa' | GET '/api/settings' | GET '/api/approvals' | GET '/api/chat' | GET '/api/notifications'","'/dashboard' | '/freelancer' | '/login' | g.href(r) | n.route",""
"component.components-shell.action.tat-2fa","components/Shell.jsx","194","13","component.components-shell","AsyncButton","action","Tắt 2FA","onClick","() => call('DELETE')","","false","","handler-candidate","unreviewed","","","GET '/api/data/' + g.res | GET '/api/notifications' | PUT '/api/notifications' | PUT '/api/notifications' | GET '/api/users/2fa' | method '/api/users/2fa' | GET '/api/settings' | GET '/api/approvals' | GET '/api/chat' | GET '/api/notifications'","'/dashboard' | '/freelancer' | '/login' | g.href(r) | n.route",""
"component.components-shell.action.bat-2fa","components/Shell.jsx","195","13","component.components-shell","AsyncButton","action","Bật 2FA","onClick","() => call('POST')","","false","","handler-candidate","unreviewed","","","GET '/api/data/' + g.res | GET '/api/notifications' | PUT '/api/notifications' | PUT '/api/notifications' | GET '/api/users/2fa' | method '/api/users/2fa' | GET '/api/settings' | GET '/api/approvals' | GET '/api/chat' | GET '/api/notifications'","'/dashboard' | '/freelancer' | '/login' | g.href(r) | n.route",""
"component.components-shell.form-control.ma-6-so","components/Shell.jsx","200","11","component.components-shell","input","form-control","Mã 6 số","","","","false","","control-candidate","unreviewed","","","GET '/api/data/' + g.res | GET '/api/notifications' | PUT '/api/notifications' | PUT '/api/notifications' | GET '/api/users/2fa' | method '/api/users/2fa' | GET '/api/settings' | GET '/api/approvals' | GET '/api/chat' | GET '/api/notifications'","'/dashboard' | '/freelancer' | '/login' | g.href(r) | n.route","control_binding_unverified"
"component.components-shell.form-control.ma-6-so.2","components/Shell.jsx","210","11","component.components-shell","input","form-control","Mã 6 số","","","","false","","control-candidate","unreviewed","","","GET '/api/data/' + g.res | GET '/api/notifications' | PUT '/api/notifications' | PUT '/api/notifications' | GET '/api/users/2fa' | method '/api/users/2fa' | GET '/api/settings' | GET '/api/approvals' | GET '/api/chat' | GET '/api/notifications'","'/dashboard' | '/freelancer' | '/login' | g.href(r) | n.route","control_binding_unverified"
"component.components-shell.navigation.item-key","components/Shell.jsx","333","17","component.components-shell","Link","navigation","'/' + item.key","onClick","() => setOpen(false)","'/' + item.key","false","","navigation-candidate","unreviewed","","","GET '/api/data/' + g.res | GET '/api/notifications' | PUT '/api/notifications' | PUT '/api/notifications' | GET '/api/users/2fa' | method '/api/users/2fa' | GET '/api/settings' | GET '/api/approvals' | GET '/api/chat' | GET '/api/notifications'","'/dashboard' | '/freelancer' | '/login' | g.href(r) | n.route",""
"component.components-shell.action.bao-mat-2-lop","components/Shell.jsx","347","13","component.components-shell","button","action","Bảo mật 2 lớp","onClick","() => setShow2fa(true)","","false","","handler-candidate","unreviewed","","","GET '/api/data/' + g.res | GET '/api/notifications' | PUT '/api/notifications' | PUT '/api/notifications' | GET '/api/users/2fa' | method '/api/users/2fa' | GET '/api/settings' | GET '/api/approvals' | GET '/api/chat' | GET '/api/notifications'","'/dashboard' | '/freelancer' | '/login' | g.href(r) | n.route",""
"component.components-shell.action.ang-xuat","components/Shell.jsx","350","13","component.components-shell","button","action","Đăng xuất","onClick","() => signOut({ callbackUrl: '/login' })","","false","","handler-candidate","unreviewed","","","GET '/api/data/' + g.res | GET '/api/notifications' | PUT '/api/notifications' | PUT '/api/notifications' | GET '/api/users/2fa' | method '/api/users/2fa' | GET '/api/settings' | GET '/api/approvals' | GET '/api/chat' | GET '/api/notifications'","'/dashboard' | '/freelancer' | '/login' | g.href(r) | n.route",""
"component.components-shell.action.setopen-false","components/Shell.jsx","359","9","component.components-shell","div","action","","onClick","() => setOpen(false)","","false","","handler-candidate","unreviewed","","","GET '/api/data/' + g.res | GET '/api/notifications' | PUT '/api/notifications' | PUT '/api/notifications' | GET '/api/users/2fa' | method '/api/users/2fa' | GET '/api/settings' | GET '/api/approvals' | GET '/api/chat' | GET '/api/notifications'","'/dashboard' | '/freelancer' | '/login' | g.href(r) | n.route","clickable_non_semantic | keyboard_path_unverified"
"component.components-shell.action.mo-menu","components/Shell.jsx","362","13","component.components-shell","button","action","Mở menu","onClick","() => setOpen(true)","","false","","handler-candidate","unreviewed","","","GET '/api/data/' + g.res | GET '/api/notifications' | PUT '/api/notifications' | PUT '/api/notifications' | GET '/api/users/2fa' | method '/api/users/2fa' | GET '/api/settings' | GET '/api/approvals' | GET '/api/chat' | GET '/api/notifications'","'/dashboard' | '/freelancer' | '/login' | g.href(r) | n.route",""
"component.components-shell.action.ctrl-k","components/Shell.jsx","366","15","component.components-shell","button","action","Ctrl+K","onClick","() => setShowSearch(true)","","false","","handler-candidate","unreviewed","","","GET '/api/data/' + g.res | GET '/api/notifications' | PUT '/api/notifications' | PUT '/api/notifications' | GET '/api/users/2fa' | method '/api/users/2fa' | GET '/api/settings' | GET '/api/approvals' | GET '/api/chat' | GET '/api/notifications'","'/dashboard' | '/freelancer' | '/login' | g.href(r) | n.route",""
"component.components-shell.action.thong-bao","components/Shell.jsx","369","15","component.components-shell","button","action","Thông báo","onClick","() => setShowNotif(true)","","false","","handler-candidate","unreviewed","","","GET '/api/data/' + g.res | GET '/api/notifications' | PUT '/api/notifications' | PUT '/api/notifications' | GET '/api/users/2fa' | method '/api/users/2fa' | GET '/api/settings' | GET '/api/approvals' | GET '/api/chat' | GET '/api/notifications'","'/dashboard' | '/freelancer' | '/login' | g.href(r) | n.route",""
"component.components-ui.action.run","components/ui.jsx","128","5","component.components-ui","button","action","","onClick","run","","false","disabled || pending","handler-candidate","unreviewed","","","GET `/api/data/${name}${qs ? '?' + qs : ''}` | method url","","unlabelled_button_candidate"
"component.components-ui.action.title-children","components/ui.jsx","142","5","component.components-ui","div","action","{title} / {children}","onMouseDown","e => { if (e.target === e.currentTarget) onClose(); }","","false","","handler-candidate","unreviewed","","","GET `/api/data/${name}${qs ? '?' + qs : ''}` | method url","","clickable_non_semantic | keyboard_path_unverified"
"component.components-ui.action.ong","components/ui.jsx","146","11","component.components-ui","button","action","Đóng","onClick","onClose","","false","","handler-candidate","unreviewed","","","GET `/api/data/${name}${qs ? '?' + qs : ''}` | method url","",""
"component.components-ui.action.huy","components/ui.jsx","177","9","component.components-ui","button","action","Hủy","onClick","close","","false","submitting","handler-candidate","unreviewed","","","GET `/api/data/${name}${qs ? '?' + qs : ''}` | method url","",""
"component.components-ui.action.ang-xu-ly","components/ui.jsx","178","9","component.components-ui","button","action","Đang xử lý…","onClick","confirm","","false","submitting","handler-candidate","unreviewed","","","GET `/api/data/${name}${qs ? '?' + qs : ''}` | method url","",""
"component.components-ui.action.huy.2","components/ui.jsx","224","9","component.components-ui","button","action","Hủy","onClick","close","","false","submitting","handler-candidate","unreviewed","","","GET `/api/data/${name}${qs ? '?' + qs : ''}` | method url","",""
"component.components-ui.action.ang-luu-luu","components/ui.jsx","225","9","component.components-ui","button","action","Đang lưu… / Lưu","onClick","submit","","false","submitting","handler-candidate","unreviewed","","","GET `/api/data/${name}${qs ? '?' + qs : ''}` | method url","",""
"component.components-ui.form-submit.e-e-preventdefault-submit","components/ui.jsx","229","7","component.components-ui","form","form-submit","","onSubmit","e => { e.preventDefault(); submit(); }","","false","submitting || undefined","handler-candidate","unreviewed","","","GET `/api/data/${name}${qs ? '?' + qs : ''}` | method url","",""
"component.components-ui.form-control.select","components/ui.jsx","236","17","component.components-ui","select","form-control","","","","","true","","form-submit-candidate","unreviewed","","","GET `/api/data/${name}${qs ? '?' + qs : ''}` | method url","",""
"component.components-ui.form-control.select.2","components/ui.jsx","240","17","component.components-ui","select","form-control","","","","","true","","form-submit-candidate","unreviewed","","","GET `/api/data/${name}${qs ? '?' + qs : ''}` | method url","",""
"component.components-ui.form-control.textarea","components/ui.jsx","245","17","component.components-ui","textarea","form-control","","","","","true","","form-submit-candidate","unreviewed","","","GET `/api/data/${name}${qs ? '?' + qs : ''}` | method url","",""
"component.components-ui.form-control.input","components/ui.jsx","247","17","component.components-ui","input","form-control","","","","","true","","form-submit-candidate","unreviewed","","","GET `/api/data/${name}${qs ? '?' + qs : ''}` | method url","",""
"component.components-ui.action.csv","components/ui.jsx","349","5","component.components-ui","button","action","CSV","onClick","dl","","false","!rows.length","handler-candidate","unreviewed","","","GET `/api/data/${name}${qs ? '?' + qs : ''}` | method url","",""
